review_id,app,month,phrase,sentiment,evidence,impact,severity,is_safety,unsure,keyword_flag,similarity_flag,resolved_by,model
a309583c-7cfd-4cfc-a9ce-6b5182769aa6,captain,2026-10,High commission on low fare,neg,50 రూపాయలు ఆర్డర్ ఇస్తారు 29 కమీషన్ తీసుకుంటారు,EARNINGS,4.0,False,False,False,True,main,qwen/qwen3.8-27b
1216eb65-9cfe-44ad-9980-5459f93700bd,captain,2026-05,Low per-km fare amount,neg,per /Km so low ammount...,EARNINGS,4.0,False,False,False,False,main,qwen/qwen3.8-27b
21760158-acb8-4a65-9a72-2fc304004245,captain,2026-08,No customer service in app,neg,please provide customer service in rapido captain app,BAD_EXPERIENCE,3.0,False,False,False,False,main,qwen/qwen3.8-27b
0908776f-6dfa-47c4-90b9-a466fffe7d90,captain,2026-10,Daily disturbances in service,neg,some disturbance everyday,BAD_EXPERIENCE,3.0,False,True,False,False,main,qwen/qwen3.8-27b
aad6c019-59df-4c0e-8d88-bfb82d404f79,captain,2026-10,Uncovered traffic fine loss,neg,10000 ka Chala kon bharga rapido wala,EARNINGS,4.0,False,True,False,False,main,qwen/qwen3.8-27b
a55ffa19-2be4-4655-bfd2-3a7c2737e7e5,captain,2026-07,No orders in demand and surge areas,neg,orders not getting if we are in demand area and surge place,EARNINGS,4.0,False,False,False,True,main,qwen/qwen3.8-27b
a55ffa19-2be4-4655-bfd2-3a7c2737e7e5,captain,2026-07,App falsely reports low internet connection,neg,it says your internet connection is low but my signal is clear it's is clearly the app mistake,EARNINGS,4.0,False,False,False,True,main,qwen/qwen3.8-27b
a55ffa19-2be4-4655-bfd2-3a7c2737e7e5,captain,2026-07,Wasted two hours due to app issue,neg,literally my 2 hours of time wasted because of this,EARNINGS,4.0,False,False,False,True,main,qwen/qwen3.8-27b
111dac61-7e6f-4af3-bfd3-5f54d3acba71,captain,2026-04,Very low earning rates,neg,very lowest rates,EARNINGS,4.0,False,False,False,False,main,qwen/qwen3.8-27b
e6432cac-b45a-4cbe-9f31-2c98c8859279,captain,2026-07,Unsafe driving conditions,neg,No safely Drive,SAFETY,5.0,True,True,False,True,main,qwen/qwen3.8-27b
697ed7de-cc2c-4f22-a3c4-aca9af062a4f,captain,2026-05,Poor customer support service,neg,customer support very poor,BAD_EXPERIENCE,3.0,False,False,False,False,main,qwen/qwen3.8-27b
697ed7de-cc2c-4f22-a3c4-aca9af062a4f,captain,2026-05,Unprofessional support communication,neg,not propar mail,BAD_EXPERIENCE,3.0,False,False,False,False,main,qwen/qwen3.8-27b
fbe0cd72-3282-4c82-bacb-4a6e0a9e5990,captain,2026-10,Very low earning rates,neg,rate bahut kam,EARNINGS,4.0,False,False,False,False,main,qwen/qwen3.8-27b
f69e2ca2-ff4f-4d8e-bf6c-8bb4ebb834cb,captain,2026-10,Helpful public service,pos,public helpfull,,,False,False,False,False,main,qwen/qwen3.8-27b
304db79a-6698-4924-88d2-22dc3204e34d,rider,2026-06,Captains demand extra cash,neg,sabko extra pesa chahiye,MAJOR_LOSS,4.0,False,False,True,True,main,qwen/qwen3.8-27b
aed9b815-32f3-41a2-be0a-bef5005ca67f,rider,2026-05,Dropped at wrong location,neg,एग्जाम सेंटर के बदले मुझे कहीं और छोड़ दिया,BAD_EXPERIENCE,3.0,False,False,True,True,main,qwen/qwen3.8-27b
aed9b815-32f3-41a2-be0a-bef5005ca67f,rider,2026-05,Refused to continue ride,neg,बोला आगे नहीं जाऊंगा,NO_RIDE,5.0,False,False,True,True,main,qwen/qwen3.8-27b
aed9b815-32f3-41a2-be0a-bef5005ca67f,rider,2026-05,Charged more than shown fare,neg,पैसे भी अधिक ले लिए,MONEY_LOST,5.0,False,False,True,True,main,qwen/qwen3.8-27b
aed9b815-32f3-41a2-be0a-bef5005ca67f,rider,2026-05,Customer support unresponsive,neg,मैं बार बार कंप्लेंट किया पर कोई सुनवाई नहीं हुआ,BAD_EXPERIENCE,3.0,False,False,True,True,main,qwen/qwen3.8-27b
aed9b815-32f3-41a2-be0a-bef5005ca67f,rider,2026-05,Support gave false excuse,neg,आपने अपना डेस्टिनेशन चेंज किया है इसलिए पैसे अधिक लगे,BAD_EXPERIENCE,3.0,False,False,True,True,main,qwen/qwen3.8-27b
308b501e-6865-4f06-bda3-71cd394ae8b1,rider,2026-08,Easy to use app,pos,Easy to use app,,,False,False,False,False,main,qwen/qwen3.8-27b
308b501e-6865-4f06-bda3-71cd394ae8b1,rider,2026-08,Quick bike rides,pos,quick bike rides,,,False,False,False,False,main,qwen/qwen3.8-27b
308b501e-6865-4f06-bda3-71cd394ae8b1,rider,2026-08,Reasonable prices,pos,reasonable prices,,,False,False,False,False,main,qwen/qwen3.8-27b
308b501e-6865-4f06-bda3-71cd394ae8b1,rider,2026-08,Good offer coupons and coins,pos,I love the offer coupons and coins that gets accured after each ride,,,False,False,False,False,main,qwen/qwen3.8-27b
77be0413-09a5-4af4-b766-9d2109d32a82,rider,2026-09,Smooth ride experience,pos,The ride was smooth,,,False,False,False,False,main,qwen/qwen3.8-27b
77be0413-09a5-4af4-b766-9d2109d32a82,rider,2026-09,Polite and professional driver,pos,driver was polite and professional,,,False,False,False,False,main,qwen/qwen3.8-27b
aad42f55-fdc4-4ad8-bcb3-0ca4f958bca4,rider,2026-08,Captains do not accept nearby rides,neg,captains doent accept rides even after being near,NO_RIDE,5.0,False,False,False,True,main,qwen/qwen3.8-27b
aad42f55-fdc4-4ad8-bcb3-0ca4f958bca4,rider,2026-08,Absurdly high ride charges,neg,charge absurd amounts,BAD_EXPERIENCE,3.0,False,False,False,True,main,qwen/qwen3.8-27b
c913f61a-1827-4a09-a9d2-9f91dd45d0f1,rider,2026-05,Customer support fails to resolve issues,neg,customer support will not resolve even genuine concerns,BAD_EXPERIENCE,3.0,False,False,False,True,main,qwen/qwen3.8-27b
51f7c992-b350-401a-a272-69e064f8d871,rider,2026-03,Driver has nice interaction,pos,Nice Interaction,,,False,False,False,False,main,qwen/qwen3.8-27b
3d64fce9-dc2f-48e0-9aa8-c1153b4b5744,rider,2026-09,No extra money asked,pos,no extra money asked,,,False,False,True,True,main,qwen/qwen3.8-27b
c19a3f58-07e6-4f5f-b133-b41735400d79,rider,2026-10,Driver behavior is nice,pos,Drivers bahavior nice,,,False,False,False,False,main,qwen/qwen3.8-27b
89bfdbc6-e8a2-4b94-ae9f-c784f4836aee,rider,2026-07,Saves money with bike option,pos,saves lot of money as you can use bike option or scooter option,,,False,False,False,False,main,qwen/qwen3.8-27b
89bfdbc6-e8a2-4b94-ae9f-c784f4836aee,rider,2026-07,Sometimes rude driver comes,neg,sometimes rude driver comes,BAD_EXPERIENCE,3.0,False,False,False,False,main,qwen/qwen3.8-27b
6d7d46aa-1c0c-4c88-8052-105c8526ec6f,rider,2026-09,Driver is safe,pos,safe drive,,,False,False,False,False,main,qwen/qwen3.8-27b
534e5984-af32-4c42-9725-3ead2e5f07e4,rider,2026-10,Charged for free ride,neg,mujhe freeride mila tha fhir bhi rapido ne paise liye,MONEY_LOST,5.0,False,False,True,False,main,qwen/qwen3.8-27b
f60f7c8b-b54d-4caf-8123-10288c9bafeb,captain,2026-10,Account verification pending for 4 days,neg,My documents successfully submitted but account verification still pending last 4days,EARNINGS,4.0,False,False,False,True,main,qwen/qwen3.8-27b
f60f7c8b-b54d-4caf-8123-10288c9bafeb,captain,2026-10,Unresponsive customer support,neg,"every minute chat costumer service nd calls coustomer care,send the Mails but no use every time costumer service response wait in 24 hour's but no use (4 to 5 days same repeat answers)",BAD_EXPERIENCE,3.0,False,False,False,True,main,qwen/qwen3.8-27b
e0ece3a6-1a17-4ba7-9b32-c2a734811277,captain,2026-04,Map navigation needs update,neg,update required in map navigation,BAD_EXPERIENCE,3.0,False,False,False,False,main,qwen/qwen3.8-27b
e0ece3a6-1a17-4ba7-9b32-c2a734811277,captain,2026-04,Customer care needs update,neg,and also customer care,BAD_EXPERIENCE,3.0,False,False,False,False,main,qwen/qwen3.8-27b
2f2b9e71-9c17-45fd-a8a2-dce9d199c75b,captain,2026-04,Receiving fraudulent calls,neg,facing issues to receive froud calls,SAFETY,5.0,True,False,False,True,main,qwen/qwen3.8-27b
2f2b9e71-9c17-45fd-a8a2-dce9d199c75b,captain,2026-04,Data privacy concerns,neg,Rapido Rider's Data your responsibility or not ?,SAFETY,5.0,True,False,False,True,main,qwen/qwen3.8-27b
bb307978-9bf6-4f1f-bff8-39503ec45ad1,captain,2026-04,Extra km price not added,neg,the extra km price is not added,EARNINGS,4.0,False,False,False,True,main,qwen/qwen3.8-27b
bb307978-9bf6-4f1f-bff8-39503ec45ad1,captain,2026-04,Customer unwilling to pay extra,neg,customer also not willing to pay extra for extra km,EARNINGS,4.0,False,False,False,True,main,qwen/qwen3.8-27b
f8f47f45-cc80-465b-bf41-19804c027d72,captain,2026-04,No help and support,neg,no help and support,BAD_EXPERIENCE,3.0,False,False,False,True,main,qwen/qwen3.8-27b
0f6a3b91-266f-46f5-a49e-1dd38d9f8ea2,captain,2026-04,App not working,neg,not working,BAD_EXPERIENCE,3.0,False,True,False,False,main,qwen/qwen3.8-27b
cb85601a-7cfe-409b-a801-e4beebe17e65,captain,2026-10,No compensation for customer-caused cancellations,neg,forcing us to cancel without compensation,EARNINGS,4.0,False,False,True,True,main,qwen/qwen3.8-27b
cb85601a-7cfe-409b-a801-e4beebe17e65,captain,2026-10,Blamed for customer no-shows,neg,Customer Care blames us,EARNINGS,4.0,False,False,True,True,main,qwen/qwen3.8-27b
aceee0e0-9fd5-4c5d-b14a-31759cf0e06f,captain,2026-08,Good earnings for captains,pos,EARNINGS,,,False,False,False,False,main,qwen/qwen3.8-27b
2615cd50-fb6b-44c7-9389-5c7fb92badba,captain,2026-08,Low earnings and high costs,neg,paisa Kam shore jyada,EARNINGS,4.0,False,False,True,True,main,qwen/qwen3.8-27b
2fbd24a4-5621-4386-a726-37a418c46272,captain,2026-03,DL verification stuck for days,neg,DL request is under verification please wait 24 hours this not giving any response still 4 days over,EARNINGS,4.0,False,False,False,True,main,qwen/qwen3.8-27b
84fae250-f6d0-43f7-9c3b-16a432aa9e37,captain,2026-09,No compensation for customer cancellation,neg,gets 0 compensation,EARNINGS,4.0,False,False,False,False,main,qwen/qwen3.8-27b
84fae250-f6d0-43f7-9c3b-16a432aa9e37,captain,2026-09,Performance affected by customer cancellation,neg,cancellation still affects his performance,EARNINGS,4.0,False,False,False,False,main,qwen/qwen3.8-27b
1b2f0a27-b6dc-413d-b05a-fd68c46c9bf4,captain,2026-05,App is useless,neg,faltu ret det ahe,BAD_EXPERIENCE,3.0,False,True,False,True,main,qwen/qwen3.8-27b
12cfb9d1-bf32-451b-944f-26e7bfc30d1c,captain,2026-10,App not responding to captain issues,neg,not responding captains issues,BAD_EXPERIENCE,3.0,False,False,True,True,main,qwen/qwen3.8-27b
12cfb9d1-bf32-451b-944f-26e7bfc30d1c,captain,2026-10,Company not taking responsibility,neg,no taken any kind of responsibility,BAD_EXPERIENCE,3.0,False,False,True,True,main,qwen/qwen3.8-27b
f6a1512f-7862-465b-9122-f6c75febedcb,captain,2026-10,Captain earnings are too low,neg,amount is so less,EARNINGS,4.0,False,False,False,True,main,qwen/qwen3.8-27b
8b389e37-171b-4910-9fb6-01c61f88c988,captain,2026-03,Login blocked due to device limit,neg,shows as the maximum device limit Exceeded,EARNINGS,4.0,False,False,False,True,main,qwen/qwen3.8-27b
f7f67f0a-4831-4b4e-93ef-a7b9817e4da9,captain,2026-03,Document verification process is slow,neg,document verification processing is poor lots or Westing time,EARNINGS,4.0,False,False,False,False,main,qwen/qwen3.8-27b
a8a516f1-5729-4c89-830a-82da4450f981,captain,2026-08,Navigation and speaker not working,neg,"app does not work that mean ,navigation speaker, navigation arrow ➡ mark where I am in, where I am going not give properly",BAD_EXPERIENCE,3.0,False,False,False,False,main,qwen/qwen3.8-27b
d3b17002-4428-4ef3-8e88-03704c46480e,captain,2026-05,Customer care service is bad,neg,costomer care bad bad,BAD_EXPERIENCE,3.0,False,False,False,False,main,qwen/qwen3.8-27b
80cd29ee-1822-40a2-be68-da2569eac74d,captain,2026-04,GPS location is inaccurate,neg,your GPR is location this very lost,BAD_EXPERIENCE,3.0,False,True,False,True,main,qwen/qwen3.8-27b
deffdd47-a8ed-4b70-afe7-6a4bb057e766,captain,2026-08,No rides available on time,neg,ride nhi milti hai time se,NO_RIDE,5.0,False,False,False,False,main,qwen/qwen3.8-27b
bc8e6541-6b78-48bf-b456-f4cf8137235f,rider,2026-09,Rider account suspended,neg,mera number suspended ho gya hai,NO_RIDE,5.0,False,False,False,True,main,qwen/qwen3.8-27b
9dd91369-36fd-4f71-af30-a7e20aab3a86,rider,2026-03,Power pass discount stops after 5 days,neg,first 5days it's applicable discount on rides . after 5 days Normal ride fares are charged,BAD_EXPERIENCE,3.0,False,False,True,False,main,qwen/qwen3.8-27b
9c81c14f-df48-4d48-b3c8-b565b9140786,rider,2026-04,Poor customer service,neg,very poor customer service,BAD_EXPERIENCE,3.0,False,False,False,False,main,qwen/qwen3.8-27b
9c81c14f-df48-4d48-b3c8-b565b9140786,rider,2026-04,Booking fare changes dynamically,neg,booking fare changes very dynamic,BAD_EXPERIENCE,3.0,False,False,False,False,main,qwen/qwen3.8-27b
f4e2d2ab-5eb2-4fba-bb80-be418ae2709a,rider,2026-10,Prices are a bit high,neg,prices little bit high,BAD_EXPERIENCE,3.0,False,False,False,True,main,qwen/qwen3.8-27b
94819edf-18f0-47bb-b639-523172a9b10b,rider,2026-07,Higher prices shown in metro cities,neg,many times shows higher prices than actual in metro cities,BAD_EXPERIENCE,3.0,False,False,False,True,main,qwen/qwen3.8-27b
dd50c570-f3c4-445b-8b77-ed9bddfdc349,rider,2026-07,Wrong service in Mumbai,neg,wrong service is a rapido mumbai,BAD_EXPERIENCE,3.0,False,True,False,False,main,qwen/qwen3.8-27b
90b8e06c-05bb-430d-af97-68836b88121a,rider,2026-10,Bill amount inaccurate,neg,Bill not accurate as we pay to caption,BAD_EXPERIENCE,3.0,False,False,False,True,main,qwen/qwen3.8-27b
4259e46c-2c87-4c25-a6fc-2da4b93e7e72,rider,2026-05,Riders are rude and unprofessional,neg,rider also very unprofessional,BAD_EXPERIENCE,3.0,False,False,False,False,main,qwen/qwen3.8-27b
4259e46c-2c87-4c25-a6fc-2da4b93e7e72,rider,2026-05,Customer support ignores problems,neg,dont listening problems of customers,BAD_EXPERIENCE,3.0,False,False,False,False,main,qwen/qwen3.8-27b
e5ce1488-e0b4-4dca-95f1-49e80ee6a594,rider,2026-08,Captain made rider wait long,neg,कप्तान ने करीब आधा घंटा मुझसे इंतजार करवाया,MAJOR_LOSS,4.0,False,False,False,False,main,qwen/qwen3.8-27b
e5ce1488-e0b4-4dca-95f1-49e80ee6a594,rider,2026-08,Captain switched off phone,neg,कैप्टन मोबाइल स्विच ऑफ कर रहा था,BAD_EXPERIENCE,3.0,False,False,False,False,main,qwen/qwen3.8-27b
e5ce1488-e0b4-4dca-95f1-49e80ee6a594,rider,2026-08,Captain turned off internet,neg,नेट भी बंद कर रहा था,BAD_EXPERIENCE,3.0,False,False,False,False,main,qwen/qwen3.8-27b
220f8e5e-ccab-4800-8a29-31aca93b3802,rider,2026-09,Drivers use unregistered vehicles,neg,drivers are using vehicles which are different then the registered one on the app,SAFETY,5.0,True,False,False,True,main,qwen/qwen3.8-27b
144e3880-1a24-4c27-8da2-7835373c119b,rider,2026-09,Service is affordable,pos,affordable,,,False,False,False,False,main,qwen/qwen3.8-27b
144e3880-1a24-4c27-8da2-7835373c119b,rider,2026-09,Vehicle is clean,pos,clean vehicle,,,False,False,False,False,main,qwen/qwen3.8-27b
b43738a4-dee0-4062-a99f-39e450aef6ba,rider,2026-04,Ticket not issued after payment,neg,Payment done but ticket not issued,BAD_EXPERIENCE,3.0,False,False,False,True,main,qwen/qwen3.8-27b
a5a00cc8-dfbd-4445-8a6a-0eb6bb2e8497,rider,2026-03,No rides accepted in emergency,neg,emergency me ride accept hi nahi karte koi,NO_RIDE,5.0,False,False,False,False,main,qwen/qwen3.8-27b
a5a00cc8-dfbd-4445-8a6a-0eb6bb2e8497,rider,2026-03,Long wait for ride acceptance,neg,15 min time pass kar ne ke baad accept karte hai,BAD_EXPERIENCE,3.0,False,False,False,False,main,qwen/qwen3.8-27b
37418ba6-d0a3-4574-9f62-c9490b5eabb9,rider,2026-03,Drivers demand extra payment,neg,they all ask for extra payment,MAJOR_LOSS,4.0,False,False,False,True,main,qwen/qwen3.8-27b
37418ba6-d0a3-4574-9f62-c9490b5eabb9,rider,2026-03,Drivers accept rides to demand tips,neg,"if they cant go with the one shown in the app, why to even accept it",MAJOR_LOSS,4.0,False,False,False,True,main,qwen/qwen3.8-27b
37418ba6-d0a3-4574-9f62-c9490b5eabb9,rider,2026-03,Drivers not registered correctly,neg,ask all the auto and toto to register correctly,BAD_EXPERIENCE,3.0,False,False,False,True,main,qwen/qwen3.8-27b
6ca37055-8728-4f14-a3bc-6d20b1d7e127,rider,2026-03,Fares increase unexpectedly,neg,some time price increase,BAD_EXPERIENCE,3.0,False,False,False,True,main,qwen/qwen3.8-27b
c696e65d-3fa6-41f3-a807-c5f0d4a968c2,rider,2026-04,No captain available when needed,neg,I never get a captain whenever I need,NO_RIDE,5.0,False,False,True,True,main,qwen/qwen3.8-27b
c696e65d-3fa6-41f3-a807-c5f0d4a968c2,rider,2026-04,Captains demand tips to accept,neg,Captain will accept the ride only you give some tip or increase the fare,MAJOR_LOSS,4.0,False,False,True,True,main,qwen/qwen3.8-27b
4178affb-2d4e-413c-beb6-96f2c51769ef,rider,2026-04,Feature showing captain rejections is offensive,neg,whoever added the feature of showing no of captains rejecting me deserves jail time,MINOR,2.0,False,False,False,False,main,qwen/qwen3.8-27b
d303ef69-2708-443b-aa6a-aafb7014e4da,captain,2026-03,Withdrawal delayed 24 hours repeatedly,neg,withdraw kiyato 24 hours bolega,EARNINGS,4.0,False,False,True,False,main,qwen/qwen3.8-27b
d303ef69-2708-443b-aa6a-aafb7014e4da,captain,2026-03,Frequent false bank issue excuses,neg,bank isssue 1 Bar nahi 2 bar boleto chalega isame month me 5or 7 bar aise hi bolega,EARNINGS,4.0,False,False,True,False,main,qwen/qwen3.8-27b
d303ef69-2708-443b-aa6a-aafb7014e4da,captain,2026-03,Inaccessible funds during emergencies,neg,emergency me hamara paisa hamko nahi doga,EARNINGS,4.0,False,False,True,False,main,qwen/qwen3.8-27b
939d5098-f4fa-40bb-b14d-39a4a910bb68,captain,2026-03,App not working for captain,neg,this app is not open... but not working,EARNINGS,4.0,False,False,False,False,main,qwen/qwen3.8-27b
d5805299-3035-4e6b-a331-3db41d074457,captain,2026-03,Penalized for non-cancelled order,neg,why am I being penalized for an order that I didn't cancel???,EARNINGS,4.0,False,False,True,True,main,qwen/qwen3.8-27b
d5805299-3035-4e6b-a331-3db41d074457,captain,2026-03,High commission reduces earnings,neg,"the commission is too much, after the commission is deducted, the money earnt hardly covers the fuel expenses",EARNINGS,4.0,False,False,True,True,main,qwen/qwen3.8-27b
0842d494-8c61-4aab-9a04-c3f7148acafd,captain,2026-03,very bad lower earning,neg,very bad lower earning,EARNINGS,4.0,False,False,False,True,main,qwen/qwen3.8-27b
c4193a7d-1d6f-411b-bab2-90f5ccc49bbc,captain,2026-03,map is worst,neg,map is worst,BAD_EXPERIENCE,3.0,False,False,False,True,main,qwen/qwen3.8-27b
c4193a7d-1d6f-411b-bab2-90f5ccc49bbc,captain,2026-03,management is bad,neg,management is bad,BAD_EXPERIENCE,3.0,False,False,False,True,main,qwen/qwen3.8-27b
445cc9ea-eb7b-4d80-9d2b-db2f3fb09267,captain,2026-03,reduce calling sound and vibration,neg,please reduce the calling sound while order is called and the vibration,MINOR,2.0,False,False,False,False,main,qwen/qwen3.8-27b
445cc9ea-eb7b-4d80-9d2b-db2f3fb09267,captain,2026-03,unfair penalty for customer error,neg,no customer in pick up and after 10min of waiting he messaged me wrong number and no mistake from my side.....point became minus one ....this is not fair,EARNINGS,4.0,False,False,False,False,main,qwen/qwen3.8-27b
a91e1fed-1185-4fb3-8d29-6465dc908b51,captain,2026-03,Fares not matching government rates,neg,not give government fare,EARNINGS,4.0,False,False,False,True,main,qwen/qwen3.8-27b
c810d9f6-89f5-4904-bdda-6dca2d7447fb,captain,2026-03,Customer care rude and untrained,neg,Customer care has no manner to talk to the captain it means they receive poor training,BAD_EXPERIENCE,3.0,False,False,False,True,main,qwen/qwen3.8-27b
c810d9f6-89f5-4904-bdda-6dca2d7447fb,captain,2026-03,Map distance estimates inaccurate,neg,the map shows the correct but it's false,BAD_EXPERIENCE,3.0,False,False,False,True,main,qwen/qwen3.8-27b
0d49dfcc-6663-4c9a-a444-54f5ec7beb9c,captain,2026-03,Good for earning income,pos,better for income,,,False,True,False,False,main,qwen/qwen3.8-27b
06da685c-78b0-4bfb-84d9-cd8ac0184937,captain,2026-03,Low earnings from rides,neg,ham thodi kamate hai ki 50rs add kare,EARNINGS,4.0,False,False,False,True,main,qwen/qwen3.8-27b
0452fe0c-a758-4a6c-b9e5-b88dc7a77819,captain,2026-03,No support for riders,neg,rider ko support nhi karti hai aur nahin rider ki koi help Karti Hai,BAD_EXPERIENCE,3.0,False,False,True,False,main,qwen/qwen3.8-27b
0452fe0c-a758-4a6c-b9e5-b88dc7a77819,captain,2026-03,High commission and GST deducted,neg,commission lene ke liye theek hai aur GST lene ke liye theek hai ek commission aur GST to Kat leti Hai,EARNINGS,4.0,False,False,True,False,main,qwen/qwen3.8-27b
0452fe0c-a758-4a6c-b9e5-b88dc7a77819,captain,2026-03,Riders feel unsafe,neg,rider ismein Puri tara unsafe hai,SAFETY,5.0,True,False,True,False,main,qwen/qwen3.8-27b
b2e1eee1-57f9-43fa-9a54-cb1fde445659,captain,2026-03,Incorrect location displayed,neg,लोकेशन गलत,BAD_EXPERIENCE,3.0,False,False,False,True,main,qwen/qwen3.8-27b
b2e1eee1-57f9-43fa-9a54-cb1fde445659,captain,2026-03,Wrong kilometer distance shown,neg,किलोमीटर का गलत दिखाता है,BAD_EXPERIENCE,3.0,False,False,False,True,main,qwen/qwen3.8-27b
8c551896-1f97-44c1-9b7c-06d85aa49e53,captain,2026-03,Good income for captains,pos,rapido income best,,,False,False,False,False,main,qwen/qwen3.8-27b
c4c03016-d946-46ec-b3de-ff0ec7471664,captain,2026-03,very low rate for drivers,neg,very low rate for drivers,EARNINGS,4.0,False,False,False,False,main,qwen/qwen3.8-27b
80c43149-eebd-4e84-a78d-f6f0b46446cf,captain,2026-03,Pays minimum amount to riders,neg,pays a minimum amount to riders,EARNINGS,4.0,False,False,True,True,main,qwen/qwen3.8-27b
80c43149-eebd-4e84-a78d-f6f0b46446cf,captain,2026-03,No support from staff,neg,no support from rapido staff,BAD_EXPERIENCE,3.0,False,False,True,True,main,qwen/qwen3.8-27b
80c43149-eebd-4e84-a78d-f6f0b46446cf,captain,2026-03,No security for riders,neg,no security for riders,SAFETY,5.0,True,False,True,True,main,qwen/qwen3.8-27b
80c43149-eebd-4e84-a78d-f6f0b46446cf,captain,2026-03,Unnecessary wallet deduction,neg,unnecessary deduction from wallet,EARNINGS,4.0,False,False,True,True,main,qwen/qwen3.8-27b
de47de9e-fc1c-40b1-a47e-fb838c77083f,captain,2026-03,Unfair treatment of riders,neg,Why don't you give the customer the same value as a rider? Does that mean a rider is a loser?,BAD_EXPERIENCE,3.0,False,False,False,True,main,qwen/qwen3.8-27b
de47de9e-fc1c-40b1-a47e-fb838c77083f,captain,2026-03,Ride cancelled without verification,neg,The verification call would go out and then the ride would be canceled.,BAD_EXPERIENCE,3.0,False,False,False,True,main,qwen/qwen3.8-27b
de47de9e-fc1c-40b1-a47e-fb838c77083f,captain,2026-03,Forced cancellation with bad mark,neg,"asked the rider to cancel it yourself, giving them a bad mark",EARNINGS,4.0,False,False,False,True,main,qwen/qwen3.8-27b
fa0ddf9c-aeed-41e9-9574-0c1d3dfe69c9,captain,2026-03,High charges on earnings,neg,"daily erning but charge very much, charge less please",EARNINGS,4.0,False,False,False,True,main,qwen/qwen3.8-27b
f24bad29-1210-43f0-aa68-6c68b72eb620,captain,2026-03,High commission charged by Rapido,neg,rapido commission chor he,EARNINGS,4.0,False,False,False,False,main,qwen/qwen3.8-27b
405f7462-ad86-43ea-bd7b-dcca80d620d1,captain,2026-03,No payment for cancelled rides,neg,उसका पैसा नहीं मिलता है,EARNINGS,4.0,False,False,False,True,main,qwen/qwen3.8-27b
405f7462-ad86-43ea-bd7b-dcca80d620d1,captain,2026-03,No payment for pickup distance,neg,pic up का कुछ नहीं मिलता है,EARNINGS,4.0,False,False,False,True,main,qwen/qwen3.8-27b
7cddaaa1-0695-4ba2-99d8-a0baf5f54de7,captain,2026-03,Fair update time changed to 11pm,neg,fair update hone ka time 11pm karke galat kiya gya,EARNINGS,4.0,False,False,False,False,main,qwen/qwen3.8-27b
7cddaaa1-0695-4ba2-99d8-a0baf5f54de7,captain,2026-03,No rides under 50 rupees,neg,50rs tak ki koi ride nhi honi chahiye,EARNINGS,4.0,False,False,False,False,main,qwen/qwen3.8-27b
f6b353ea-9b7b-44fd-a46c-a329d9c40cec,captain,2026-03,Captain assistance not provided,neg,small amount of assistance is provided from Rapido to their captain,EARNINGS,4.0,False,False,False,False,main,qwen/qwen3.8-27b
f6b353ea-9b7b-44fd-a46c-a329d9c40cec,captain,2026-03,Customer care unaware of credit offer,neg,customer care did not have any information,BAD_EXPERIENCE,3.0,False,False,False,False,main,qwen/qwen3.8-27b
11fd40c0-a6c9-48f6-86d6-06d4d8e9c1ca,captain,2026-03,Customers cancel at pickup point,neg,customer canceling in the pick up,EARNINGS,4.0,False,False,False,True,main,qwen/qwen3.8-27b
11fd40c0-a6c9-48f6-86d6-06d4d8e9c1ca,captain,2026-03,Star point rating decreasing,neg,star point going down,EARNINGS,4.0,False,False,False,True,main,qwen/qwen3.8-27b
11fd40c0-a6c9-48f6-86d6-06d4d8e9c1ca,captain,2026-03,Distance calculation is incorrect,neg,distance calculation also big issue,EARNINGS,4.0,False,False,False,True,main,qwen/qwen3.8-27b
ef04d272-1a45-420b-8c40-fde106dc4450,captain,2026-03,Petrol service charges increased,neg,petrol service charges dine din badhche,EARNINGS,4.0,False,False,False,False,main,qwen/qwen3.8-27b
ef04d272-1a45-420b-8c40-fde106dc4450,captain,2026-03,Company reduced ride rates,neg,rapido company dine din rate ka kom korche,EARNINGS,4.0,False,False,False,False,main,qwen/qwen3.8-27b
65ebd73e-7c2d-478b-b4f3-dcc900834fd7,captain,2026-04,Ads interrupt app usage,neg,Getting ads in between,MINOR,2.0,False,False,False,False,main,qwen/qwen3.8-27b
65ebd73e-7c2d-478b-b4f3-dcc900834fd7,captain,2026-04,App is slow and stuck,neg,getting stuckup slow in opening n running also,BAD_EXPERIENCE,3.0,False,False,False,False,main,qwen/qwen3.8-27b
32422937-da6d-433a-9452-1a5c1856d3ea,captain,2026-04,Good earning option,pos,earning ka best option,,,False,False,False,False,main,qwen/qwen3.8-27b
44876c79-241b-464b-a1b7-a813fbb7f26f,captain,2026-04,Map suggests worst routes,neg,always takes the worst route possible,BAD_EXPERIENCE,3.0,False,False,False,True,main,qwen/qwen3.8-27b
44876c79-241b-464b-a1b7-a813fbb7f26f,captain,2026-04,Map has significant delay,neg,has so much Delay,BAD_EXPERIENCE,3.0,False,False,False,True,main,qwen/qwen3.8-27b
44876c79-241b-464b-a1b7-a813fbb7f26f,captain,2026-04,Confusing initial direction guidance,neg,Not able to know which direction in the beginning unless you start moving,BAD_EXPERIENCE,3.0,False,False,False,True,main,qwen/qwen3.8-27b
44876c79-241b-464b-a1b7-a813fbb7f26f,captain,2026-04,No cancellation charges received,neg,never getting cancellation charges when the customer is cancelling the order,EARNINGS,4.0,False,False,False,True,main,qwen/qwen3.8-27b
7e77a1df-7ffc-4086-9ad1-819720428e13,captain,2026-04,Network not working,neg,net nahi chal raha,BAD_EXPERIENCE,3.0,False,False,False,True,main,qwen/qwen3.8-27b
d83b0c37-2f38-466d-a322-4736d24e8d64,captain,2026-04,Payment transfer problems,neg,paise transfer me bahot problem aa ti he,EARNINGS,4.0,False,False,True,True,main,qwen/qwen3.8-27b
d83b0c37-2f38-466d-a322-4736d24e8d64,captain,2026-04,Low earnings,neg,earning bahot kam he,EARNINGS,4.0,False,False,True,True,main,qwen/qwen3.8-27b
3b444dc4-f514-4860-97e3-bdd64172cc04,captain,2026-04,Payment screen stuck after ride,neg,ride end karne ke baad payment scree back nhi ho rha hai,BAD_EXPERIENCE,3.0,False,False,False,True,main,qwen/qwen3.8-27b
40bef2fb-3800-4f9f-b974-a2ec89a24591,captain,2026-04,App not working,neg,not working,BAD_EXPERIENCE,3.0,False,False,False,False,main,qwen/qwen3.8-27b
9ce12bdd-9a36-44b5-83c1-c788a7a8e750,captain,2026-04,Payment completion fails in app,neg,"unable to complete payment in app by clicking cash collected. The dialogue comes: ""Payment Failed""",BAD_EXPERIENCE,3.0,False,False,False,True,main,qwen/qwen3.8-27b
d29ab8ee-e888-406a-ba0b-4df1e96d5d90,captain,2026-04,App works intermittently,neg,అప్పుడప్పుడు సరిగ్గా పని చేయట్లేదు,BAD_EXPERIENCE,3.0,False,False,False,False,main,qwen/qwen3.8-27b
1fab130e-896a-4da6-9e5d-ff69c5feb9d6,captain,2026-04,App not working properly,neg,app is not working properly,BAD_EXPERIENCE,3.0,False,False,False,False,main,qwen/qwen3.8-27b
9b80d87f-cb87-4a57-b0fa-eacc910b7c13,captain,2026-04,Unable to login to app,neg,login nahin kar pa raha hun,BAD_EXPERIENCE,3.0,False,False,False,False,main,qwen/qwen3.8-27b
97318450-ff56-4a2c-91d4-5a49dfda3ab3,captain,2026-04,Good earning potential,pos,best earning,,,False,False,False,False,main,qwen/qwen3.8-27b
83be8616-9a8a-48fd-8bf1-6ddaffde51b0,captain,2026-04,App consumes excessive data,neg,"Latest update consumed more data, rapido app eats 3gp data per day",MINOR,2.0,False,False,False,True,main,qwen/qwen3.8-27b
dbd63722-baed-428e-b59b-0a2e5bacfa90,captain,2026-04,Low per-km fare rate,neg,కిలోమీటర్ 3rs,EARNINGS,4.0,False,True,False,False,main,qwen/qwen3.8-27b
dbd63722-baed-428e-b59b-0a2e5bacfa90,captain,2026-04,High commission and GST deduction,neg,కమిషన్ జిఎస్టి 35/₹పర్సంటేజ్ మైనస్,EARNINGS,4.0,False,True,False,False,main,qwen/qwen3.8-27b
dbd63722-baed-428e-b59b-0a2e5bacfa90,captain,2026-04,High subscription fee,neg,సబ్ స్టేషన్ ఫీజ్,EARNINGS,4.0,False,True,False,False,main,qwen/qwen3.8-27b
948fe38f-7e82-4092-8a02-d4936b5062d3,captain,2026-04,App shows long route instead of short,neg,it's shows long route rather than short routes even if it is available,BAD_EXPERIENCE,3.0,False,False,False,False,main,qwen/qwen3.8-27b
948fe38f-7e82-4092-8a02-d4936b5062d3,captain,2026-04,Waste of time for customer and captain,neg,It is waste of time. to both customer and the captain.,BAD_EXPERIENCE,3.0,False,False,False,False,main,qwen/qwen3.8-27b
7f9465b6-d42e-4464-a482-1e7ceafdc6d7,captain,2026-04,Captain login not working,neg,rapido captain login nahi ho raha hai,EARNINGS,4.0,False,False,False,True,main,qwen/qwen3.8-27b
f0ee0905-d777-4d65-962f-41ac0868f84a,captain,2026-04,Fare rate is too low,neg,Your rate is too low.,EARNINGS,4.0,False,False,False,False,main,qwen/qwen3.8-27b
e9b58e0f-ff7f-4fd7-9e36-c5f8eef58b62,captain,2026-04,very cheap rate for drivers,neg,very cheap rate for rapido drivers,EARNINGS,4.0,False,False,False,False,main,qwen/qwen3.8-27b
cfd0fc39-599a-4057-abff-747a1e561d7e,captain,2026-04,less length rides available,neg,less length rides,EARNINGS,4.0,False,False,False,False,main,qwen/qwen3.8-27b
cfd0fc39-599a-4057-abff-747a1e561d7e,captain,2026-04,high commission and petrol costs,neg,tax +plus raipido comission+ petrol cost,EARNINGS,4.0,False,False,False,False,main,qwen/qwen3.8-27b
cfd0fc39-599a-4057-abff-747a1e561d7e,captain,2026-04,low earnings of 500 rupees,neg,if ugain 500 full,EARNINGS,4.0,False,False,False,False,main,qwen/qwen3.8-27b
cfd0fc39-599a-4057-abff-747a1e561d7e,captain,2026-04,waste of time for captain,neg,waste of time,EARNINGS,4.0,False,False,False,False,main,qwen/qwen3.8-27b
ec360313-7220-4f38-8ebf-b52784566997,captain,2026-04,mobile overheating while using app,neg,mobile is getting heat heavily while using the app,BAD_EXPERIENCE,3.0,False,False,False,False,main,qwen/qwen3.8-27b
6887e00f-bb1e-4598-b8d2-9612baa03fb5,captain,2026-04,Subscription duration fixed at 7 days,neg,why subscribtion is always 7 days?,EARNINGS,4.0,False,False,False,False,main,qwen/qwen3.8-27b
c78920a8-9bd5-4f23-b51e-23bf9152190b,captain,2026-04,Customers demand extra luggage for same fare,neg,customer pessenger price mehi parsel lejane ko bolte 2 beg hi alaud he to customer zyada beg rakhte he or uper se jayada pese bhi nahi dete he,MAJOR_LOSS,4.0,False,False,True,False,main,qwen/qwen3.8-27b
c78920a8-9bd5-4f23-b51e-23bf9152190b,captain,2026-04,Customers refuse to pay for extra children,neg,3 pessenger ke sath 2 ya 3 bade bachhe bhi hote he or bolte he ke yeto bacche he unka pesa alag se hum nahi dege,MAJOR_LOSS,4.0,False,False,True,False,main,qwen/qwen3.8-27b
cefe9f1c-b8a1-44d0-9f7a-8956f13e4de0,captain,2026-04,High commission and ride plan costs,neg,Rapido commission very high 17% + GST Ride plan also high,EARNINGS,4.0,False,False,False,True,main,qwen/qwen3.8-27b
cefe9f1c-b8a1-44d0-9f7a-8956f13e4de0,captain,2026-04,Poor customer care service,neg,customer care service is not good,BAD_EXPERIENCE,3.0,False,False,False,True,main,qwen/qwen3.8-27b
d8c04041-bba7-41e7-8811-19f3f04c8fe8,captain,2026-05,Company steals driver money,neg,rapido company chor driveron ka Paisa khati ha,EARNINGS,4.0,False,False,True,True,main,qwen/qwen3.8-27b
daf22699-e143-4759-bee4-114ad0cb80a9,captain,2026-05,Forced always-on location access,neg,"it forces the user to adhere to ""Allow location access all the time"" instead of ""Allow location access while using the app""",BAD_EXPERIENCE,3.0,False,False,False,True,main,qwen/qwen3.8-27b
daf22699-e143-4759-bee4-114ad0cb80a9,captain,2026-05,Privacy violation concerns,neg,It is a violation of my and others privacy.,BAD_EXPERIENCE,3.0,False,False,False,True,main,qwen/qwen3.8-27b
89e01a27-9b0f-4b55-9ed8-91afe7cf7c35,captain,2026-05,Customer care unresponsive to captain,neg,not reply from costumer care end i tried many times for help,BAD_EXPERIENCE,3.0,False,False,False,True,main,qwen/qwen3.8-27b
124f3e64-b47f-41fc-b83a-5414b15be7d2,captain,2026-05,Good earning potential for captains,pos,very good for earning money,,,False,False,False,False,main,qwen/qwen3.8-27b
124f3e64-b47f-41fc-b83a-5414b15be7d2,captain,2026-05,Immediate orders upon going on duty,pos,ones u go on duty imidiatly u get started order,,,False,False,False,False,main,qwen/qwen3.8-27b
bd5534e8-ed92-4009-a638-9f668911dc8d,captain,2026-06,App data does not match reality,neg,nothing showing in app match to reality,BAD_EXPERIENCE,3.0,False,True,True,False,main,qwen/qwen3.8-27b
ccb1ae2a-8221-4469-a153-027700dcd288,captain,2026-06,Customer refuses to provide OTP,neg,customer OTP Nahi deta,MAJOR_LOSS,4.0,False,False,False,False,main,qwen/qwen3.8-27b
ccb1ae2a-8221-4469-a153-027700dcd288,captain,2026-06,Pressure from customer,neg,presani hoti he,SAFETY,5.0,True,False,False,False,main,qwen/qwen3.8-27b
ccb1ae2a-8221-4469-a153-027700dcd288,captain,2026-06,Unhelpful customer support,neg,call support not good,BAD_EXPERIENCE,3.0,False,False,False,False,main,qwen/qwen3.8-27b
21152177-0843-4b41-953c-c15eb18d2a2a,captain,2026-06,Few orders received,neg,ORDER IS LESS,EARNINGS,4.0,False,False,False,False,main,qwen/qwen3.8-27b
a9f7e4ec-3bd4-41ef-9e82-0c9299fa5a6a,captain,2026-07,Unable to login as newbie,neg,am unable to login as am newbie,EARNINGS,4.0,False,False,False,False,main,qwen/qwen3.8-27b
8f72794f-6555-4c37-8c17-3885f1968d0a,captain,2026-08,Unresponsive customer care,neg,customer care no response,BAD_EXPERIENCE,3.0,False,False,False,True,main,qwen/qwen3.8-27b
fc14e3db-e787-4d1c-b1be-30fbd38cc442,captain,2026-08,Low per-km rate for drivers,neg,rapido ku par km.11 dathe divar bhai kay kami ge,EARNINGS,4.0,False,False,False,True,main,qwen/qwen3.8-27b
2d73cfcb-410e-4155-b975-a4910fb2b41b,captain,2026-08,Customer support not reachable,neg,customer support is not reachable,BAD_EXPERIENCE,3.0,False,False,False,True,main,qwen/qwen3.8-27b
c188ff25-3e11-4522-b280-c7809c5a59fd,captain,2026-08,Lack of driver safety and respect,neg,रेपिडो के साथ ड्राइवरों की कोई सुरक्षा और सम्मान नहीं है,EARNINGS,4.0,False,False,False,True,main,qwen/qwen3.8-27b
c188ff25-3e11-4522-b280-c7809c5a59fd,captain,2026-08,Company ignores driver problems,neg,अगर कंपनी ड्राइवरों की समस्याओं और अधिकारों की परवाह नहीं करती,EARNINGS,4.0,False,False,False,True,main,qwen/qwen3.8-27b
e2bdfd6a-017e-4f7d-98f3-f45366370417,captain,2026-09,Low per-km rate received,neg,mujhe 8 Rs par km kiu mil rha hai jab ki 10 Rs par km hai,EARNINGS,4.0,False,False,False,True,main,qwen/qwen3.8-27b
ce73d2b0-3fdf-4cc4-9a7f-4080b77d600a,captain,2026-10,Good earning app,pos,very good earning app,,,False,False,False,False,main,qwen/qwen3.8-27b
1183e268-7706-4d6d-af30-260ea8132c9b,captain,2026-10,No rides despite other drivers getting them,neg,I don't get a ride. Where 10-20 drivers are standing everyone gets a ride but I don't get one,EARNINGS,4.0,False,False,False,True,main,qwen/qwen3.8-27b
1183e268-7706-4d6d-af30-260ea8132c9b,captain,2026-10,Very low daily earnings,neg,what is the meaning of work for Rs.100-150???????????,EARNINGS,4.0,False,False,False,True,main,qwen/qwen3.8-27b
e95d59cd-d784-4413-9960-d5b61025acf5,captain,2026-10,Reduced earnings due to Uber policy,neg,jab se uber ne pass wala sitam chalu kiya he tab se apni ret kam kr di esne,EARNINGS,4.0,False,True,False,True,main,qwen/qwen3.8-27b
c61185be-9fa9-4093-acb0-fc8de03e7c3e,rider,2026-03,Captains do not accept offer price,neg,no captain picks at the offer price,BAD_EXPERIENCE,3.0,False,False,True,False,main,qwen/qwen3.8-27b
c61185be-9fa9-4093-acb0-fc8de03e7c3e,rider,2026-03,Captains demand extra cash,neg,"if piccked, they are asking for extra money",MAJOR_LOSS,4.0,False,False,True,False,main,qwen/qwen3.8-27b
c61185be-9fa9-4093-acb0-fc8de03e7c3e,rider,2026-03,Long wait after refusing extra payment,neg,"if I'm not agree to pay and ask to cancel, they keep me waiting",BAD_EXPERIENCE,3.0,False,False,True,False,main,qwen/qwen3.8-27b
8cc19a64-74b4-4dc0-b566-9ab437ac201f,rider,2026-03,App charged more than displayed fare,neg,it shows 20₹ on rapido and after completion of ride than it shows 47₹,MONEY_LOST,5.0,False,False,False,True,main,qwen/qwen3.8-27b
8cc19a64-74b4-4dc0-b566-9ab437ac201f,rider,2026-03,Captain collected cash higher than app charge,neg,captain took money 102₹,MAJOR_LOSS,4.0,False,False,False,True,main,qwen/qwen3.8-27b
3720a649-7f54-4d88-a8e3-5873531caf47,rider,2026-03,Fare increased after booking,neg,"app clearly showed ₹276. However, upon reaching the destination, the app suddenly updated the fare to ₹310",MONEY_LOST,5.0,False,False,True,True,main,qwen/qwen3.8-27b
3720a649-7f54-4d88-a8e3-5873531caf47,rider,2026-03,Price mismatch causes arguments,neg,This ₹34 difference causes unnecessary arguments and problems between me and the driver,BAD_EXPERIENCE,3.0,False,False,True,True,main,qwen/qwen3.8-27b
81121f2a-88e6-44b2-98e0-75e18e45efe2,rider,2026-03,App does not penalize drivers,neg,the app does not even penalized the driver,BAD_EXPERIENCE,3.0,False,False,False,True,main,qwen/qwen3.8-27b
9ebb212f-6968-48df-b837-85a5f1af823b,rider,2026-04,Ride not booked in emergency,neg,in an emergency a ride never gets booked,NO_RIDE,5.0,False,False,False,True,main,qwen/qwen3.8-27b
7499c5ee-99ad-4619-9e25-2903b2f2cf13,rider,2026-04,Affordable ride prices,pos,affordable price,,,False,False,False,False,main,qwen/qwen3.8-27b
7499c5ee-99ad-4619-9e25-2903b2f2cf13,rider,2026-04,Professional drivers,pos,professional drivers,,,False,False,False,False,main,qwen/qwen3.8-27b
b1729120-d9e2-446f-bcbb-7d8e59728b64,rider,2026-04,App charged extra amount,neg,asking for an extra amount,MONEY_LOST,5.0,False,False,True,True,main,qwen/qwen3.8-27b
1d4b77d8-ddaf-41b3-9f31-7d62e47c65f9,rider,2026-04,Frequent driver cancellations,neg,Frequent cancellation by drivers,NO_RIDE,5.0,False,False,False,True,main,qwen/qwen3.8-27b
1d4b77d8-ddaf-41b3-9f31-7d62e47c65f9,rider,2026-04,Rides not accepted on time,neg,non acceptance of rides when needed to reach destination on time,NO_RIDE,5.0,False,False,False,True,main,qwen/qwen3.8-27b
d5e4df59-14e8-4489-a3ee-1f246550c3f5,rider,2026-04,Charged more than app fare,neg,they take extra money not as per show in the app,MONEY_LOST,5.0,False,False,True,True,main,qwen/qwen3.8-27b
c6b856f2-87e9-424f-b3d5-4c0f52b23f39,rider,2026-05,Riders demand extra cash,neg,rider jyada paise mangte hai,MAJOR_LOSS,4.0,False,False,True,False,main,qwen/qwen3.8-27b
c6b856f2-87e9-424f-b3d5-4c0f52b23f39,rider,2026-05,Late arrival at destination,neg,time pr nhi pahuch pate,MAJOR_LOSS,4.0,False,False,True,False,main,qwen/qwen3.8-27b
b6900e09-182e-4c85-80fc-8affb29abcde,rider,2026-06,Driver showed up in wrong vehicle,neg,showing up in wrong vehicle,BAD_EXPERIENCE,3.0,False,False,False,True,main,qwen/qwen3.8-27b
b6900e09-182e-4c85-80fc-8affb29abcde,rider,2026-06,AC not turned on,neg,not turning on ac,BAD_EXPERIENCE,3.0,False,False,False,True,main,qwen/qwen3.8-27b
6236dd78-82f7-419c-9ed3-265204d15f2e,rider,2026-06,Customer service is horrible,neg,Horrible customer services,BAD_EXPERIENCE,3.0,False,False,False,True,main,qwen/qwen3.8-27b
840a0df9-bb78-45a0-9deb-082b9009bf30,rider,2026-06,good service,pos,good service,,,False,False,False,False,main,qwen/qwen3.8-27b
840a0df9-bb78-45a0-9deb-082b9009bf30,rider,2026-06,best rate,pos,best rate,,,False,False,False,False,main,qwen/qwen3.8-27b
2614cba7-0788-4d37-a006-5a61cac2c940,rider,2026-07,no driver available sometimes,neg,some time no eny driver available,NO_RIDE,5.0,False,False,False,True,main,qwen/qwen3.8-27b
a450c2f7-d91e-488e-a6e0-aada136db9a7,rider,2026-07,excellent driver behaviour,pos,driver behaviour excellent,,,False,False,False,False,main,qwen/qwen3.8-27b
40a35ce8-78aa-4514-bf2b-11618df31c50,rider,2026-07,professional and well trained team,pos,excellent and professional team... special Captain is well trained in all manner,,,False,False,False,False,main,qwen/qwen3.8-27b
a1816a13-a2bf-4be7-89ee-887ac723ed76,rider,2026-08,Account blocked after deletion,neg,it's saying my account is blocked,NO_RIDE,5.0,False,False,False,True,main,qwen/qwen3.8-27b
a1816a13-a2bf-4be7-89ee-887ac723ed76,rider,2026-08,Support ticket unresolved for week,neg,unresolved state for more than a week,BAD_EXPERIENCE,3.0,False,False,False,True,main,qwen/qwen3.8-27b
8efcec38-07ad-4bc7-8640-30b02637d2e2,rider,2026-08,Captains demand extra cash,neg,almost all rider take extra money,MAJOR_LOSS,4.0,False,False,True,True,main,qwen/qwen3.8-27b
8ad8569c-f53f-49a0-9286-916a50c6bca2,rider,2026-08,Captain abused and harassed rider,neg,abusing me and harrassing me,SAFETY,5.0,True,False,False,True,main,qwen/qwen3.8-27b
8ad8569c-f53f-49a0-9286-916a50c6bca2,rider,2026-08,Captain threatened to blackmail,neg,blackmailing me that he will file a complaint,SAFETY,5.0,True,False,False,True,main,qwen/qwen3.8-27b
8ad8569c-f53f-49a0-9286-916a50c6bca2,rider,2026-08,No help from app support,neg,I looked for help in rapido didn't got response,BAD_EXPERIENCE,3.0,False,False,False,True,main,qwen/qwen3.8-27b
882b0b29-b150-4e97-b382-b8981ed070c7,rider,2026-08,App discriminating against employees,neg,app through discriminating his employee,BAD_EXPERIENCE,3.0,False,True,False,True,main,qwen/qwen3.8-27b
2cc273a0-9cab-4f7a-9724-148bb6075362,rider,2026-08,Drivers harassing women,neg,Keep giving them a platform to harass women,SAFETY,5.0,True,False,True,True,main,qwen/qwen3.8-27b
1c94ae0f-cf39-4688-9575-e0d499560a5f,rider,2026-08,Rides not arriving on time,neg,never gets the ride on time,BAD_EXPERIENCE,3.0,False,False,False,True,main,qwen/qwen3.8-27b
9e8618eb-8fe3-48de-8baa-38f01ef86440,rider,2026-09,Fare double compared to other apps,neg,showing the double amount when compare to other apps,BAD_EXPERIENCE,3.0,False,False,False,True,main,qwen/qwen3.8-27b
9b93a60e-12db-4bc0-afe3-e9e5759f50e0,rider,2026-09,Fare doubled for short distance,neg,2km only 25 to 35 rs charges but now 50 to 60 rs which is double the charge,BAD_EXPERIENCE,3.0,False,False,False,True,main,qwen/qwen3.8-27b
1070ba3f-313e-4ec9-aa88-2ab427c12c1f,rider,2026-10,Driver was awesome,pos,awesome Driver,,,False,False,False,False,main,qwen/qwen3.8-27b
d7e7e1c0-4ab5-400d-971f-694d024f5003,rider,2026-10,Service is very good,pos,very good service,,,False,False,False,False,main,qwen/qwen3.8-27b
d7e7e1c0-4ab5-400d-971f-694d024f5003,rider,2026-10,Request to launch in Pune,pos,pune me chalu karo jaldi hi,,,False,False,False,False,main,qwen/qwen3.8-27b
86c92fcc-5e3c-45d0-a995-9f01e956226f,rider,2026-10,professional captain behavior,pos,professional captain,,,False,False,False,False,main,qwen/qwen3.8-27b
86c92fcc-5e3c-45d0-a995-9f01e956226f,rider,2026-10,excellent ride experience,pos,excellent ride,,,False,False,False,False,main,qwen/qwen3.8-27b
5fd8a315-754b-4b7b-9342-b72f24d80eb8,captain,2026-04,Low credit card rate,neg,ritu crddu low,EARNINGS,4.0,False,True,False,False,main,qwen/qwen3.8-27b
49b9dfc9-7a8a-46ca-81cc-b96ae61a1ad6,captain,2026-05,Unable to login to app,neg,not able to login,EARNINGS,4.0,False,False,False,False,main,qwen/qwen3.8-27b
9994f0c3-4eeb-4afe-a823-c83eba99db67,captain,2026-06,Very low daily income,neg,day income in 300 rupees only,EARNINGS,4.0,False,False,False,True,main,qwen/qwen3.8-27b
9a9b9e40-3f5e-46d6-9575-62c304ac5e64,captain,2026-07,App not working for bike,neg,not working the app iam register only bike,EARNINGS,4.0,False,False,False,False,main,qwen/qwen3.8-27b
36e1c090-b4e0-4d6c-b225-c9b46b38091d,captain,2026-08,Customer rude and refuses pickup location,neg,they just behaves rude,BAD_EXPERIENCE,3.0,False,False,False,False,main,qwen/qwen3.8-27b
36e1c090-b4e0-4d6c-b225-c9b46b38091d,captain,2026-08,Forced to wait without cancelling order,neg,I have to wait for them till then not cancel orders,MAJOR_LOSS,4.0,False,False,False,False,main,qwen/qwen3.8-27b
6241c185-4d87-4bc4-a2d3-703ce389c0f4,captain,2026-09,Ride switched within one minute,neg,within 1 minutes they are switching your ride,MAJOR_LOSS,4.0,False,False,True,False,main,qwen/qwen3.8-27b
6241c185-4d87-4bc4-a2d3-703ce389c0f4,captain,2026-09,Customer support unhelpful,neg,I don't help you,BAD_EXPERIENCE,3.0,False,False,True,False,main,qwen/qwen3.8-27b
01fe2446-a1ce-4140-b83d-49a38d322c3b,captain,2026-10,Wallet balance deducted wrongly,neg,decuted my wallet balance and made it -225,MONEY_LOST,5.0,False,False,True,True,main,qwen/qwen3.8-27b
01fe2446-a1ce-4140-b83d-49a38d322c3b,captain,2026-10,Customer support does not answer calls,neg,no call from coustomer support and they don't even answer the call too,BAD_EXPERIENCE,3.0,False,False,True,True,main,qwen/qwen3.8-27b
f380c40c-fef6-4d25-b92b-12420c196602,rider,2026-05,Drivers demanded extra cash,neg,driver demanded too amount,MAJOR_LOSS,4.0,False,False,True,True,main,qwen/qwen3.8-27b
f380c40c-fef6-4d25-b92b-12420c196602,rider,2026-05,Drivers took wrong route,neg,not going according root,BAD_EXPERIENCE,3.0,False,False,True,True,main,qwen/qwen3.8-27b
f380c40c-fef6-4d25-b92b-12420c196602,rider,2026-05,Extra amount demanded at destination,neg,after reach destination they are demanding 3 or 4 time extra amount,MAJOR_LOSS,4.0,False,False,True,True,main,qwen/qwen3.8-27b
6e0c6c56-f7f8-4872-b5c3-3c85f82355e6,rider,2026-06,Riders are rude and silent,neg,Riders they are taking very Non-talking,BAD_EXPERIENCE,3.0,False,False,False,False,main,qwen/qwen3.8-27b
6e0c6c56-f7f8-4872-b5c3-3c85f82355e6,rider,2026-06,Riders lack discipline and behavior,neg,Rider's must have first discipline and Obedient Behavior,BAD_EXPERIENCE,3.0,False,False,False,False,main,qwen/qwen3.8-27b
34628b36-2671-405b-9e0c-4cd398c50ac6,rider,2026-07,Driver accepted but did not move,neg,drive accept the ride after that didn't move from that place,NO_RIDE,5.0,False,False,False,True,main,qwen/qwen3.8-27b
34628b36-2671-405b-9e0c-4cd398c50ac6,rider,2026-07,Driver did not inform of cancellation,neg,didn't inform us that he is not able to receive us,BAD_EXPERIENCE,3.0,False,False,False,True,main,qwen/qwen3.8-27b
169f5518-597b-4ebc-9c12-578ceccc1f24,rider,2026-08,Drivers refuse rides to demand extra money,neg,Drivers are refusing ride requests just to demand extra money for faster rides,MAJOR_LOSS,4.0,False,False,True,False,main,qwen/qwen3.8-27b
86c00377-857c-47fb-a43a-283b0135f19d,rider,2026-10,Driver arrived late for pickup,neg,kabhi jada late Kiya,BAD_EXPERIENCE,3.0,False,False,False,True,main,qwen/qwen3.8-27b
5a5d9e77-b112-42b5-87ee-8173a5c76bdb,captain,2026-04,Different per-km rates across cities,neg,different cities have a different rate for km,EARNINGS,4.0,False,False,True,True,main,qwen/qwen3.8-27b
5a5d9e77-b112-42b5-87ee-8173a5c76bdb,captain,2026-04,Drivers ask for extra amount,neg,drivers are asking for an extra amount,MAJOR_LOSS,4.0,False,False,True,True,main,qwen/qwen3.8-27b
6caa8e29-8638-4788-ba03-d511255dd621,captain,2026-05,Low earnings for captain,neg,bad earning,EARNINGS,4.0,False,False,False,False,main,qwen/qwen3.8-27b
e3447d8d-7207-41cf-ab56-0cf2a507beb9,captain,2026-06,Unfair penalty charged on account,neg,unfairly charged a ₹750 penalty on my account,EARNINGS,4.0,False,False,True,True,main,qwen/qwen3.8-27b
e3447d8d-7207-41cf-ab56-0cf2a507beb9,captain,2026-06,Account suspended wrongfully,neg,My account was wrongfully suspended,EARNINGS,4.0,False,False,True,True,main,qwen/qwen3.8-27b
e3447d8d-7207-41cf-ab56-0cf2a507beb9,captain,2026-06,Support unresponsive to calls,neg,"I tried calling support multiple times, but no one answered",BAD_EXPERIENCE,3.0,False,False,True,True,main,qwen/qwen3.8-27b
e3447d8d-7207-41cf-ab56-0cf2a507beb9,captain,2026-06,Refusal to remove penalty,neg,They refuse to remove it,EARNINGS,4.0,False,False,True,True,main,qwen/qwen3.8-27b
d1ea1adf-71bb-45d7-9198-9294fd31fcde,captain,2026-07,Request to increase fare rates,neg,please please increase fare rate,EARNINGS,4.0,False,False,False,True,main,qwen/qwen3.8-27b
cddfdc5b-6d80-4246-a388-ad7304c8e9b0,captain,2026-08,Unable to contact support,neg,captain support se contact nahi kar paa raha,BAD_EXPERIENCE,3.0,False,False,False,True,main,qwen/qwen3.8-27b
cddfdc5b-6d80-4246-a388-ad7304c8e9b0,captain,2026-08,No new rides coming,neg,mere pass new rides nahi aa rahi h,EARNINGS,4.0,False,False,False,True,main,qwen/qwen3.8-27b
06525fcd-dad7-4edb-b01a-c33bc5bc46ab,rider,2026-04,No captain arrived after booking,neg,कोई भी नहीं आया था,NO_RIDE,5.0,False,False,False,True,main,qwen/qwen3.8-27b
5ef75d55-3161-4ca0-8b4f-5bcb92e146e5,rider,2026-05,No vehicles available in app,neg,kono gari available to thake na,NO_RIDE,5.0,False,False,False,False,main,qwen/qwen3.8-27b
8cac2fa3-d895-40cf-aa71-4b5cdfa17922,rider,2026-07,No service for long distances,neg,no service available to go within 50 kms,NO_RIDE,5.0,False,False,False,False,main,qwen/qwen3.8-27b
8cac2fa3-d895-40cf-aa71-4b5cdfa17922,rider,2026-07,Service limited to short distances,neg,Service is good for 2 to 4 kms,BAD_EXPERIENCE,3.0,False,False,False,False,main,qwen/qwen3.8-27b
bdf6d153-7475-41e2-aeac-32814223bbcb,rider,2026-08,Fares as high as cabs,neg,Rates are same as cabs fares,BAD_EXPERIENCE,3.0,False,False,False,False,main,qwen/qwen3.8-27b
26e6690d-323b-46e1-a80e-8a45015473b6,rider,2026-10,Affordable ride fares,pos,affordable,,,False,False,False,False,main,qwen/qwen3.8-27b
26e6690d-323b-46e1-a80e-8a45015473b6,rider,2026-10,Safe ride experience,pos,safe,,,False,False,False,False,main,qwen/qwen3.8-27b
b9093d35-5068-4bc9-9164-428a50cc3dec,captain,2026-05,Play Store update status mismatch,neg,अपडेट साठी नोटिफिकेशन येते आणि जेव्हा अपडेट करायला प्ले स्टोअर मध्ये जातो अपडेट करायची गरज नाही असं दाखवतोय,MINOR,2.0,False,False,False,False,main,qwen/qwen3.8-27b
921e7800-3412-470b-a7ac-8540c282fe30,captain,2026-06,Account verification stuck,neg,my account not under verification,EARNINGS,4.0,False,False,False,True,main,qwen/qwen3.8-27b
c6235036-7616-4ea5-8346-8d6a0311a0cd,captain,2026-07,Low earnings due to high petrol cost,neg,rete bahut kharab dete Ho petrol rs 102 l hai Kya Kam aaenge aur kya bachayenge,EARNINGS,4.0,False,False,False,True,main,qwen/qwen3.8-27b
d36358dd-dc68-47ad-8cee-90d9620a1e45,captain,2026-08,Low per-km fare for bike deliveries,neg,The distance fare for all bike and parcel deliveries has been updated to ₹10 per kilometer.,EARNINGS,4.0,False,False,False,False,main,qwen/qwen3.8-27b
fc1285f6-4963-4ccc-ae2c-c614ac7f36c0,captain,2026-10,Suspension for unavoidable cancellations,neg,u can't suspend any captain on this so called over cancletion,EARNINGS,4.0,False,False,False,True,main,qwen/qwen3.8-27b
2bf79ed3-2cc9-43d0-bde1-becaa791768c,rider,2026-03,Customer support not responding,neg,Customer support it is not responding to me question for help,BAD_EXPERIENCE,3.0,False,False,False,True,main,qwen/qwen3.8-27b
2bf79ed3-2cc9-43d0-bde1-becaa791768c,rider,2026-03,Account temporarily suspended,neg,temporarily suspended my account,NO_RIDE,5.0,False,False,False,True,main,qwen/qwen3.8-27b
705f60cc-3189-454c-8ad7-c8b810f143f2,rider,2026-04,Metro ticket not showing,neg,not showing metro ticket,MINOR,2.0,False,True,False,True,main,qwen/qwen3.8-27b
1ad48aed-240a-4f66-860d-4d7e3aad496e,rider,2026-05,Rides are very fast,pos,very fast rides,,,False,False,False,False,main,qwen/qwen3.8-27b
8f480652-0012-4299-849d-1a42435872d3,rider,2026-06,Long time to get ride,neg,to long time take a ride,BAD_EXPERIENCE,3.0,False,False,False,True,main,qwen/qwen3.8-27b
8f480652-0012-4299-849d-1a42435872d3,rider,2026-06,No captain picked ride,neg,rider not pic ride,NO_RIDE,5.0,False,False,False,True,main,qwen/qwen3.8-27b
b2c77f10-ecc7-4104-a815-bd22fd623124,rider,2026-07,Price increased upon reaching destination,neg,increase the price when reached on destination,MONEY_LOST,5.0,False,False,False,True,main,qwen/qwen3.8-27b
eb18c8d6-0507-4e79-90d6-141706f80fa3,rider,2026-08,Driver account suspended for 99 years,neg,id has been suspended for 99 years,EARNINGS,4.0,False,False,False,True,main,qwen/qwen3.8-27b
81554c8e-ac3d-48f8-ba2c-46e375ec71b0,rider,2026-09,Very late response from support,neg,very late response,BAD_EXPERIENCE,3.0,False,False,False,True,main,qwen/qwen3.8-27b
400279e8-41e4-4279-8e3a-a4a70352a55b,rider,2026-10,Request for food delivery option,pos,add food delivery option from restaurant with delivery charges,,,False,False,False,True,main,qwen/qwen3.8-27b
6cf4fee4-8751-4525-bdb4-410c98b872d5,captain,2026-07,No orders received,neg,no orders,EARNINGS,4.0,False,False,True,False,main,qwen/qwen3.8-27b
6cf4fee4-8751-4525-bdb4-410c98b872d5,captain,2026-07,Low fare for long distance,neg,giving 56 even though it's above 2.9 kms,EARNINGS,4.0,False,False,True,False,main,qwen/qwen3.8-27b
1395e981-7602-4345-9b92-554af376bd2e,captain,2026-08,Request for food delivery only,pos,fude delevri onli,,,False,False,False,True,main,qwen/qwen3.8-27b
50c54645-900b-4b90-a82f-8b03ad7cd1b3,captain,2026-09,Low fares for short rides,neg,only getting 20 to 30 rs ride of 2 to 3 km pickup and 2 to 4 km drop,EARNINGS,4.0,False,False,True,True,main,qwen/qwen3.8-27b
50c54645-900b-4b90-a82f-8b03ad7cd1b3,captain,2026-09,No orders despite subscription,neg,even after subscription I'm not getting orders,EARNINGS,4.0,False,False,True,True,main,qwen/qwen3.8-27b
faaba67f-a8cd-41d4-ab58-708dd4e57bf6,rider,2026-03,Drivers overcharging unfairly,neg,Drivers are overcharging unfairly,MONEY_LOST,5.0,False,False,False,True,main,qwen/qwen3.8-27b
faaba67f-a8cd-41d4-ab58-708dd4e57bf6,rider,2026-03,Complaints ignored by support,neg,Complaints have been ignored,BAD_EXPERIENCE,3.0,False,False,False,True,main,qwen/qwen3.8-27b
9ca980e1-37e0-4db3-a0fe-2e9d277e321c,rider,2026-04,Charged more than shown fare,neg,it was showing 211 after coupon discount and now they are charging 271,MONEY_LOST,5.0,False,False,False,True,main,qwen/qwen3.8-27b
9ca980e1-37e0-4db3-a0fe-2e9d277e321c,rider,2026-04,Driver was harsh and rushed,neg,the driver was very harsh he was in very Hurry,BAD_EXPERIENCE,3.0,False,False,False,True,main,qwen/qwen3.8-27b
9ca980e1-37e0-4db3-a0fe-2e9d277e321c,rider,2026-04,No help from support,neg,no help till now,BAD_EXPERIENCE,3.0,False,False,False,True,main,qwen/qwen3.8-27b
80694bc5-5689-40c7-ba0e-1e9fac6a18f4,rider,2026-05,comfortable ride experience,pos,comfortable ride,,,False,False,False,False,main,qwen/qwen3.8-27b
3b32a1b6-822c-4d74-8ca3-a541b46b714f,rider,2026-07,price higher than competitors,neg,price is higher in comparison to others,BAD_EXPERIENCE,3.0,False,False,False,True,main,qwen/qwen3.8-27b
3b32a1b6-822c-4d74-8ca3-a541b46b714f,rider,2026-07,rapido ensures safety,pos,rapido means surity,,,False,False,False,True,main,qwen/qwen3.8-27b
94c12c15-833b-4f1a-bba2-0d634834c1a3,rider,2026-08,app overcharges riders,neg,always overcharging riders,MONEY_LOST,5.0,False,False,False,False,main,qwen/qwen3.8-27b
b70295d8-dc0d-4d96-86e1-04609175c00e,captain,2026-05,Low per-km rates for captains,neg,low rate,EARNINGS,4.0,False,False,False,False,main,qwen/qwen3.8-27b
20d3811d-723a-4d4a-8d39-f781bf362368,captain,2026-06,Very low pricing on every order,neg,"pricing very low, every order",EARNINGS,4.0,False,False,False,False,main,qwen/qwen3.8-27b
178a706c-2694-43c3-b31d-7dd983444f5c,captain,2026-07,Good earning potential for captains,pos,good in earning,,,False,False,False,False,main,qwen/qwen3.8-27b
e8492b78-a303-4ed3-a2b5-67b40acae2ae,captain,2026-09,Customer care unreachable in emergencies,neg,Connecting with customer care for any help even in emergency not connected,BAD_EXPERIENCE,3.0,False,False,False,True,main,qwen/qwen3.8-27b
e8492b78-a303-4ed3-a2b5-67b40acae2ae,captain,2026-09,Lower fares than competitors,neg,"Price compare to other platform like Ola, uber is less",EARNINGS,4.0,False,False,False,True,main,qwen/qwen3.8-27b
e8492b78-a303-4ed3-a2b5-67b40acae2ae,captain,2026-09,Lack of respect for captains,neg,"No respect for captain who doing ride in rain, cold or heatwave",BAD_EXPERIENCE,3.0,False,False,False,True,main,qwen/qwen3.8-27b
881f814f-09fd-4cdf-9eb2-5cd312eda203,rider,2026-03,Convenient for women and safe,pos,very convenient for mumbaikar specially for women as well. feels safe to travel,,,False,False,False,False,main,qwen/qwen3.8-27b
881f814f-09fd-4cdf-9eb2-5cd312eda203,rider,2026-03,Easy and time saving,pos,easy and time saving,,,False,False,False,False,main,qwen/qwen3.8-27b
424beb1e-3b61-4f80-9158-4ddfb960f21f,rider,2026-04,Cab lacks AC and windows,neg,no ac no window glass,BAD_EXPERIENCE,3.0,False,False,False,False,main,qwen/qwen3.8-27b
424beb1e-3b61-4f80-9158-4ddfb960f21f,rider,2026-04,Using very old cars,neg,30 year old cars are using by cab drivers,BAD_EXPERIENCE,3.0,False,False,False,False,main,qwen/qwen3.8-27b
424beb1e-3b61-4f80-9158-4ddfb960f21f,rider,2026-04,App does not mention no AC,neg,at least app should mention that car is without AC,BAD_EXPERIENCE,3.0,False,False,False,False,main,qwen/qwen3.8-27b
424beb1e-3b61-4f80-9158-4ddfb960f21f,rider,2026-04,Paid huge amount for bad cab,neg,after paying huge amount got bad cab,BAD_EXPERIENCE,3.0,False,False,False,False,main,qwen/qwen3.8-27b
cf937831-49d1-444e-822b-de0c12712b2e,rider,2026-05,Fare increased from 73 to 110,neg,books rapido for 73 rs... fare 110 rs!,MONEY_LOST,5.0,False,False,False,True,main,qwen/qwen3.8-27b
cf937831-49d1-444e-822b-de0c12712b2e,rider,2026-05,Support blames rider for fare change,neg,"rapido says ""The final price should be negotiated and agreed directly between you and the Captain. Rapido will not be involved in any fare related concerns for this order.""",BAD_EXPERIENCE,3.0,False,False,False,True,main,qwen/qwen3.8-27b
dd62166d-5072-40d4-bcf8-a7902ab814c8,rider,2026-08,Unhelpful customer support,neg,Useless support,BAD_EXPERIENCE,3.0,False,False,True,True,main,qwen/qwen3.8-27b
dd62166d-5072-40d4-bcf8-a7902ab814c8,rider,2026-08,Unsafe for female riders,neg,unsafe for female riders,SAFETY,5.0,True,False,True,True,main,qwen/qwen3.8-27b
9951b0e9-4106-4b02-8251-6b111d2cae5e,captain,2026-07,Parcel delivery option stuck in review,neg,the parcel delivery option is in review its saying rapido team is checking on your request we will contact with in 24 hours from past 7 days,EARNINGS,4.0,False,False,False,False,main,qwen/qwen3.8-27b
2128b2b3-1be2-4c50-8921-2c129b5cd47f,captain,2026-08,Very low fare rates,neg,very low price,EARNINGS,4.0,False,False,False,False,main,qwen/qwen3.8-27b
f79029ae-1a36-44b6-a816-a98971abd143,captain,2026-10,Account temporarily suspended,neg,my account temporarily suspended,EARNINGS,4.0,False,False,False,True,main,qwen/qwen3.8-27b
d72601a9-044d-43dc-b9d6-898f4d50381a,rider,2026-04,App charged more than shown fare,neg,select an amount like ₹70 when the rider drop me at my location in his app the amount will get ₹102,MONEY_LOST,5.0,False,False,False,True,main,qwen/qwen3.8-27b
d72601a9-044d-43dc-b9d6-898f4d50381a,rider,2026-04,Driver demanded extra cash for coupon,neg,auto drive drop me and demand ₹89 but in my app it only shows ₹49,MAJOR_LOSS,4.0,False,False,False,True,main,qwen/qwen3.8-27b
d72601a9-044d-43dc-b9d6-898f4d50381a,rider,2026-04,Verbal abuse between rider and driver,neg,driver aur mere bich besh ho gyi,SAFETY,5.0,True,False,False,True,main,qwen/qwen3.8-27b
168d55bb-27d0-446c-aee7-1eb6a9f2c93a,rider,2026-05,Unfair additional charges inflated bill,neg,"unfair additional charges and kept on hold unnecessarily, seemingly just to inflate the final bill",MONEY_LOST,5.0,False,False,True,True,main,qwen/qwen3.8-27b
168d55bb-27d0-446c-aee7-1eb6a9f2c93a,rider,2026-05,Driver marked arrived before reaching,neg,driver marked the status as 'arrived' before actually reaching my location,BAD_EXPERIENCE,3.0,False,False,True,True,main,qwen/qwen3.8-27b
168d55bb-27d0-446c-aee7-1eb6a9f2c93a,rider,2026-05,Driver refused trip and bargained,neg,driver refused to start the trip and began bargaining for even more money before taking the OTP,MAJOR_LOSS,4.0,False,False,True,True,main,qwen/qwen3.8-27b
d7ed9a22-f299-46fe-b8b4-1813938c2101,rider,2026-07,Driver cancelled after accepting ride,neg,driver accepted my ride request but deliberately canceled it after making me wait,MAJOR_LOSS,4.0,False,False,False,True,main,qwen/qwen3.8-27b
d7ed9a22-f299-46fe-b8b4-1813938c2101,rider,2026-07,Driver picked up other passengers,neg,because they had already picked up other passengers instead,BAD_EXPERIENCE,3.0,False,False,False,True,main,qwen/qwen3.8-27b
99655780-c953-4112-80ee-4143fa96f237,rider,2026-08,Location issue in app,neg,sometimes location issue,BAD_EXPERIENCE,3.0,False,False,False,False,main,qwen/qwen3.8-27b
4a988897-8d12-445e-b7f8-7261aa1e6bc5,rider,2026-09,Riders are very rude,neg,Riders are very rude,BAD_EXPERIENCE,3.0,False,False,True,True,main,qwen/qwen3.8-27b
4a988897-8d12-445e-b7f8-7261aa1e6bc5,rider,2026-09,Riders demand extra money,neg,they demand extra money,MAJOR_LOSS,4.0,False,False,True,True,main,qwen/qwen3.8-27b
4a988897-8d12-445e-b7f8-7261aa1e6bc5,rider,2026-09,No customer support available,neg,There is no customer support to help the customers,BAD_EXPERIENCE,3.0,False,False,True,True,main,qwen/qwen3.8-27b
31d74f1a-e3c9-495b-b7a4-8b9a4a7ea897,rider,2026-10,Driver is kind and good,pos,Driver is Kind Man and Good Human being,,,False,False,False,False,main,qwen/qwen3.8-27b
3fd5d417-aafe-4c7f-880f-bc17ac784046,captain,2026-06,Support ignores captains,neg,only support customer not support riders,BAD_EXPERIENCE,3.0,False,False,False,True,main,qwen/qwen3.8-27b
3fd5d417-aafe-4c7f-880f-bc17ac784046,captain,2026-06,Penalty charged for customer cancellation,neg,when customer cancel ride add next 50 rupees phenolety,EARNINGS,4.0,False,False,False,True,main,qwen/qwen3.8-27b
2cd91fa4-2b13-4d02-8a99-ced975a7f0e0,captain,2026-07,easy operating this application,pos,easy operating this application.,,,False,False,False,False,main,qwen/qwen3.8-27b
08643749-c822-4c56-aadc-be5a6b9cf1bf,captain,2026-08,commission deducted despite subscription,neg,"Maine 1-day subscription plan liya tha, phir bhi ride se ₹23 commission kaat liya.",EARNINGS,4.0,False,False,True,True,main,qwen/qwen3.8-27b
08643749-c822-4c56-aadc-be5a6b9cf1bf,captain,2026-08,support agent disconnects calls,neg,Jab support par call karke baat ki toh agent sunne ke bajaye call disconnect kar dete hain.,BAD_EXPERIENCE,3.0,False,False,True,True,main,qwen/qwen3.8-27b
1734b2c4-db37-4487-9d4a-4575bc242166,captain,2026-10,app not opening on phone,neg,phone mein open hi nahin ho raha hai ID,BAD_EXPERIENCE,3.0,False,False,False,True,main,qwen/qwen3.8-27b
e46bd9d5-3c03-403e-af6f-00d8a9b85ec0,rider,2026-03,Driver overcharged rider,neg,always overcharged driver,MONEY_LOST,5.0,False,False,True,True,main,qwen/qwen3.8-27b
e9756a89-0130-40fa-b228-3f778fa935bd,rider,2026-04,Charged more than shown fare,neg,amount was 366 after completing the ride amount was 428,MONEY_LOST,5.0,False,False,True,True,main,qwen/qwen3.8-27b
e9756a89-0130-40fa-b228-3f778fa935bd,rider,2026-04,No bill provided for payment,neg,they are not providing the bill for the amount i paid,BAD_EXPERIENCE,3.0,False,False,True,True,main,qwen/qwen3.8-27b
790b45fe-1a24-40e4-9ebe-07672dd11b9f,rider,2026-05,Drivers cancel bookings immediately,neg,drivers cancel bookings immediately,NO_RIDE,5.0,False,False,False,True,main,qwen/qwen3.8-27b
790b45fe-1a24-40e4-9ebe-07672dd11b9f,rider,2026-05,Charged double the shown amount,neg,charging more than what is shown at the time of booking. Sometimes may be double the amount,MONEY_LOST,5.0,False,False,False,True,main,qwen/qwen3.8-27b
790b45fe-1a24-40e4-9ebe-07672dd11b9f,rider,2026-05,Fares increasing like dynamic pricing,neg,increasing fares like dynamic pricing in flights,BAD_EXPERIENCE,3.0,False,False,False,True,main,qwen/qwen3.8-27b
790b45fe-1a24-40e4-9ebe-07672dd11b9f,rider,2026-05,No luggage space not mentioned,neg,"most cars don't have luggage space, instead there will be gas cylinder. that is not mentioned in the app as no luggage space",BAD_EXPERIENCE,3.0,False,False,False,True,main,qwen/qwen3.8-27b
1204a991-ef18-4940-a4e5-9c86e1ef65f6,rider,2026-08,Ride not accepted by captain,neg,they don't even accept the ride,NO_RIDE,5.0,False,False,False,True,main,qwen/qwen3.8-27b
1204a991-ef18-4940-a4e5-9c86e1ef65f6,rider,2026-08,Long waiting time for ride,neg,waiting time is too long,BAD_EXPERIENCE,3.0,False,False,False,True,main,qwen/qwen3.8-27b
0e888baf-763d-42af-936d-1305222cdc09,rider,2026-09,Ride cancelled by Rapido team,neg,got cancelled from rapido team,NO_RIDE,5.0,False,False,False,True,main,qwen/qwen3.8-27b
025d6eab-e18d-4d84-a20d-5fd6c26e418f,captain,2026-06,High commission reduces earnings,neg,modda commission thagginchukora 100 rs sampadhinchukunte 26 rs nuve dhenguthunav commissions,EARNINGS,4.0,False,False,False,False,main,qwen/qwen3.8-27b
e841be31-c4db-41d1-83f5-cf43fb013b64,captain,2026-07,App shows error page,neg,I face the same error page,BAD_EXPERIENCE,3.0,False,False,False,True,main,qwen/qwen3.8-27b
e841be31-c4db-41d1-83f5-cf43fb013b64,captain,2026-07,Document verification stuck for days,neg,"under verification in past 5,6 days",EARNINGS,4.0,False,False,False,True,main,qwen/qwen3.8-27b
f9571e14-0fe9-456a-b8c0-2ef8300e1507,captain,2026-09,Low fare rates for captains,neg,low price,EARNINGS,4.0,False,False,False,False,main,qwen/qwen3.8-27b
2a9495e3-ef1d-4619-8eed-548e60c1c1f0,rider,2026-03,No customer service contact available,neg,they don't have a customer service care number or anything else,BAD_EXPERIENCE,3.0,False,False,False,True,main,qwen/qwen3.8-27b
2a9495e3-ef1d-4619-8eed-548e60c1c1f0,rider,2026-03,App bug shows wrong distance,neg,because of the app default it's showing the 74 km on the driver app,BAD_EXPERIENCE,3.0,False,False,False,True,main,qwen/qwen3.8-27b
2a9495e3-ef1d-4619-8eed-548e60c1c1f0,rider,2026-03,Charged full fare for short ride,neg,he took total charges for that 1 km ride because of the app default,MONEY_LOST,5.0,False,False,False,True,main,qwen/qwen3.8-27b
5709739c-14c4-4797-8504-f709c7bb2ca9,rider,2026-04,Low fare rates for riders,neg,low price,BAD_EXPERIENCE,3.0,False,False,False,False,main,qwen/qwen3.8-27b
827ee0f1-6154-407c-bf82-d73a6361f520,rider,2026-05,Address changes automatically while typing,neg,while typing adress of me exact location it's the adress is changing automatically. what I type is not seeming,MINOR,2.0,False,False,False,True,main,qwen/qwen3.8-27b
fe8f5a1f-60dc-4eb5-b30b-b96f0a67a17d,rider,2026-07,Driver unaware of issued coupons,neg,coupons they issue are not known to the driver himself,BAD_EXPERIENCE,3.0,False,False,False,False,main,qwen/qwen3.8-27b
fe8f5a1f-60dc-4eb5-b30b-b96f0a67a17d,rider,2026-07,Altercation with driver over coupons,neg,we need to make them understand and then there is an altercation,BAD_EXPERIENCE,3.0,False,False,False,False,main,qwen/qwen3.8-27b
73c0812c-92e4-4ee8-9e3f-caaa971f8be4,captain,2026-05,Bad customer care service,neg,Very Bad behaviour customer care service,BAD_EXPERIENCE,3.0,False,False,False,True,main,qwen/qwen3.8-27b
3b89c7a0-8830-46d0-bf55-f7601ce4792f,captain,2026-07,Slow and poor installation process,neg,app installed after process is very poor and very slow process,BAD_EXPERIENCE,3.0,False,False,False,False,main,qwen/qwen3.8-27b
773410d5-622c-4b2c-b2a4-71fd9c6e6126,captain,2026-09,Helpline does not attend calls,neg,helpline per call karte hain to attend nahin karte,BAD_EXPERIENCE,3.0,False,False,False,False,main,qwen/qwen3.8-27b
773410d5-622c-4b2c-b2a4-71fd9c6e6126,captain,2026-09,High commission for auto drivers,neg,auto driver ke commission se matlab hai,EARNINGS,4.0,False,False,False,False,main,qwen/qwen3.8-27b
773410d5-622c-4b2c-b2a4-71fd9c6e6126,captain,2026-09,No support for captains,neg,rapido captain user ke liye Koi madad nahin,BAD_EXPERIENCE,3.0,False,False,False,False,main,qwen/qwen3.8-27b
4876e39e-3436-407c-812c-de81d76c76bb,captain,2026-10,Navigation and map need improvement,neg,Navigation and map could be better,COSMETIC,1.0,False,False,False,False,main,qwen/qwen3.8-27b
90ecfb07-c6b8-4ed9-9948-4c2c7f406ac2,rider,2026-04,Captain handles all ride logistics,pos,the captain will take care of everything,,,False,False,False,False,main,qwen/qwen3.8-27b
8b5f75c0-69aa-4fac-8582-5df534142a18,rider,2026-06,Convenient for office and travel,pos,"nice aap for office work and everywhere going anywhere using aa rapido cap, auto bike",,,False,False,False,False,main,qwen/qwen3.8-27b
8dfb3ec7-b418-41b8-9e92-69b82e36d822,rider,2026-07,Parcel service is useful,pos,parcel 📦 to bike so so usefull,,,False,False,False,False,main,qwen/qwen3.8-27b
60ed59af-412a-4cf2-bca5-3bf5c3b7a86c,rider,2026-09,Slow captain assignment with heavy load,neg,I don't get a captain quickly,MAJOR_LOSS,4.0,False,False,False,True,main,qwen/qwen3.8-27b
60ed59af-412a-4cf2-bca5-3bf5c3b7a86c,rider,2026-09,Daily delays and wasted time,neg,I am late every day and my time gets wasted,MAJOR_LOSS,4.0,False,False,False,True,main,qwen/qwen3.8-27b
877f8af8-b19e-4687-b003-07b77c95b4e4,rider,2026-10,Driver demanded extra toll money,neg,The driver took extra money for the toll which is already included in the fair price,MAJOR_LOSS,4.0,False,False,True,True,main,qwen/qwen3.8-27b
877f8af8-b19e-4687-b003-07b77c95b4e4,rider,2026-10,Driver threatened rider,neg,he was threatening me,SAFETY,5.0,True,False,True,True,main,qwen/qwen3.8-27b
877f8af8-b19e-4687-b003-07b77c95b4e4,rider,2026-10,No action on complaint,neg,no action is taken,BAD_EXPERIENCE,3.0,False,False,True,True,main,qwen/qwen3.8-27b
877f8af8-b19e-4687-b003-07b77c95b4e4,rider,2026-10,Customer support unresponsive,neg,customer executive is not responding from last 30 mits,BAD_EXPERIENCE,3.0,False,False,True,True,main,qwen/qwen3.8-27b
826a0aef-04f0-47cb-9d4a-6f8cbf0705a6,captain,2026-05,very low price,neg,very low price,EARNINGS,4.0,False,False,False,False,main,qwen/qwen3.8-27b
3341c151-c581-40d1-af62-7ba1f6c6ca33,captain,2026-06,waste services,neg,waste services,BAD_EXPERIENCE,3.0,False,True,False,True,main,qwen/qwen3.8-27b
3341c151-c581-40d1-af62-7ba1f6c6ca33,captain,2026-06,amount waste,neg,amout waste,EARNINGS,4.0,False,True,False,True,main,qwen/qwen3.8-27b
3341c151-c581-40d1-af62-7ba1f6c6ca33,captain,2026-06,no 0% plan,neg,no 0% plan,EARNINGS,4.0,False,True,False,True,main,qwen/qwen3.8-27b
15f92315-7ee0-4e66-9691-e42da8e3be7d,captain,2026-07,zomato not good earnings,neg,earnings for zomato not good,EARNINGS,4.0,False,False,False,False,main,qwen/qwen3.8-27b
15f92315-7ee0-4e66-9691-e42da8e3be7d,captain,2026-07,rapido good earnings,pos,rapido are good earnings,,,False,False,False,False,main,qwen/qwen3.8-27b
c5ad3b71-f98f-4b44-8288-b96658e8cc88,captain,2026-08,bad customer service,neg,bahut hi ghatiya customer service hai,BAD_EXPERIENCE,3.0,False,False,False,False,main,qwen/qwen3.8-27b
9060d591-9792-40d7-8e41-872c53b3f7ea,captain,2026-09,5km pick point dropping,neg,5km pick point dropping naa pakkana,BAD_EXPERIENCE,3.0,False,True,False,False,main,qwen/qwen3.8-27b
90f02b05-a5e4-4b58-bf3f-226c04e790cf,captain,2026-10,cannot login new device,neg,not login new device,EARNINGS,4.0,False,False,False,False,main,qwen/qwen3.8-27b
e08407ea-8f92-47f8-9e1e-7eab544c6e0d,rider,2026-04,customer care unhelpful,neg,"Neither will Customer Care assist you, nor will you receive any help whatsoever",BAD_EXPERIENCE,3.0,False,False,False,True,main,qwen/qwen3.8-27b
d60dca5d-d075-4fb4-a54b-945e964c853e,rider,2026-05,Hidden charges added to fare,neg,adding hidden charges like previous due ect,MONEY_LOST,5.0,False,False,False,True,main,qwen/qwen3.8-27b
d60dca5d-d075-4fb4-a54b-945e964c853e,rider,2026-05,Charged for cancelled ride,neg,even rider canceled ride also rapido will charge,MONEY_LOST,5.0,False,False,False,True,main,qwen/qwen3.8-27b
83ecfc71-9434-4f79-93b3-4d6742e3d529,rider,2026-06,Convenient for riders,pos,much convenience for the riders,,,False,False,False,False,main,qwen/qwen3.8-27b
83ecfc71-9434-4f79-93b3-4d6742e3d529,rider,2026-06,Good earning opportunities for captains,pos,opportunities to earn for the captains,,,False,False,False,False,main,qwen/qwen3.8-27b
27e43e07-e458-4ab0-ac18-43bfe1b50d2a,rider,2026-07,Unsafe for women and seniors,neg,highly unsafe specially for women and senior citizens,SAFETY,5.0,True,False,True,True,main,qwen/qwen3.8-27b
27e43e07-e458-4ab0-ac18-43bfe1b50d2a,rider,2026-07,Customer support biased towards captains,neg,customer agents are also captain supportive,BAD_EXPERIENCE,3.0,False,False,True,True,main,qwen/qwen3.8-27b
27e43e07-e458-4ab0-ac18-43bfe1b50d2a,rider,2026-07,Support takes no action,neg,"they will say we will take action, but no one does anything",BAD_EXPERIENCE,3.0,False,False,True,True,main,qwen/qwen3.8-27b
83bed81e-ea26-4b7b-9258-c2df32871d2b,rider,2026-08,Affordable prices,pos,affordable price,,,False,False,False,False,main,qwen/qwen3.8-27b
83bed81e-ea26-4b7b-9258-c2df32871d2b,rider,2026-08,Convenient service,pos,convenience,,,False,False,False,False,main,qwen/qwen3.8-27b
b9616626-5bb2-498d-9ea3-5d7cca4b2d83,rider,2026-09,Ride experience is very safe,pos,very safe,,,False,False,False,False,main,qwen/qwen3.8-27b
935cd7a4-d9f1-45da-a6d7-fe875ae18856,rider,2026-10,Good service in Belgaum city,pos,Very good service at Belgaum city.,,,False,False,False,False,main,qwen/qwen3.8-27b
e8145aad-47b6-43c3-b829-79d630df956e,captain,2026-05,Low fare does not cover fuel,neg,20 rs main 5 km bike calwti hai usme bike ka petrol bhi nahi niklta,EARNINGS,4.0,False,False,False,False,main,qwen/qwen3.8-27b
e8145aad-47b6-43c3-b829-79d630df956e,captain,2026-05,Penalty for food order failure,neg,food main panelty lagti hai app restaurant par agar order nahi mila to apni din bhar ki kamai bhool jao,EARNINGS,4.0,False,False,False,False,main,qwen/qwen3.8-27b
e8145aad-47b6-43c3-b829-79d630df956e,captain,2026-05,Company does not reduce commission,neg,company apna commission nahi chodti,EARNINGS,4.0,False,False,False,False,main,qwen/qwen3.8-27b
428915a1-6436-4acf-acc2-bf9e65748110,captain,2026-06,Worst customer support service,neg,Worst support from rapido service.,BAD_EXPERIENCE,3.0,False,False,False,False,main,qwen/qwen3.8-27b
925aebc8-59d5-4dca-8600-6273bb6d5359,captain,2026-07,Facing lots of cancellations,neg,facing lots of cancellation,EARNINGS,4.0,False,False,False,True,main,qwen/qwen3.8-27b
925aebc8-59d5-4dca-8600-6273bb6d5359,captain,2026-07,Taking hours to book a ride,neg,taking hours to book a ride,EARNINGS,4.0,False,False,False,True,main,qwen/qwen3.8-27b
dda7d57c-7544-4891-9adb-831e6ff44afc,captain,2026-08,Rates have decreased significantly,neg,rate pr rate gira dii hai inhone,EARNINGS,4.0,False,False,False,False,main,qwen/qwen3.8-27b
dda7d57c-7544-4891-9adb-831e6ff44afc,captain,2026-08,Hidden commission deducted despite 0% claim,neg,0% commission ke name pr 6 se 7 rs tak kaat rahe hai,EARNINGS,4.0,False,False,False,False,main,qwen/qwen3.8-27b
dda7d57c-7544-4891-9adb-831e6ff44afc,captain,2026-08,Short rides yield negligible earnings,neg,sirf 2 se 3 km tak ke kya ride krenge or kya hii earning hogi,EARNINGS,4.0,False,False,False,False,main,qwen/qwen3.8-27b
ae84806c-3d74-4ce1-8969-d8f3c1fc4a2c,captain,2026-09,Earnings are very low,neg,kachra paisa banta hai ispe,EARNINGS,4.0,False,False,True,True,main,qwen/qwen3.8-27b
c2c5aa97-2f19-4563-8ea0-169090374088,captain,2026-10,No cancellation fee for no-shows,neg,we do not get any cancellation fee because they do not cancel,EARNINGS,4.0,False,False,True,False,main,qwen/qwen3.8-27b
c2c5aa97-2f19-4563-8ea0-169090374088,captain,2026-10,Performance rating affected by no-shows,neg,our performance or ratings affected for them,EARNINGS,4.0,False,False,True,False,main,qwen/qwen3.8-27b
d84750d2-b24e-49cd-ba00-ecd2a235ff58,rider,2026-05,Auto booking fails consistently,neg,The auto never gets booked,NO_RIDE,5.0,False,False,False,True,main,qwen/qwen3.8-27b
9862ba37-8ac0-44ba-9837-e10319c16f13,rider,2026-06,Ride cancelled after booking,neg,ride book krke cancel krwate ha,MAJOR_LOSS,4.0,False,False,False,True,main,qwen/qwen3.8-27b
3884ca30-2f09-44d7-b8c9-12bef9d69dad,rider,2026-07,Captain demanded extra cash,neg,asked to add extra amount,MAJOR_LOSS,4.0,False,False,True,True,main,qwen/qwen3.8-27b
bbc5beb0-418c-444d-9d24-babb4b97da67,rider,2026-08,App crashes after update,neg,The app keeps closing after the recent update,BAD_EXPERIENCE,3.0,False,False,False,False,main,qwen/qwen3.8-27b
1cb58e9b-330b-4c58-8712-b2eac0642f62,captain,2026-06,App hangs causing lost rides,neg,slow app hangs many times without reason many ride due to that,EARNINGS,4.0,False,False,False,False,main,qwen/qwen3.8-27b
1cb58e9b-330b-4c58-8712-b2eac0642f62,captain,2026-06,Difficult to contact customer,neg,Calling and messaging the customer is bit difficult,BAD_EXPERIENCE,3.0,False,False,False,False,main,qwen/qwen3.8-27b
599db143-9822-43fe-b904-4651401ac6f5,captain,2026-08,No orders coming in,neg,mere me ride hi nahi a rahi hai,EARNINGS,4.0,False,False,False,False,main,qwen/qwen3.8-27b
f458393e-a0ea-4435-b8f5-0f26e7016f9d,rider,2026-05,Riders wait long for acceptance,neg,rider not accepting ride quickly. long time Wait for customer.,NO_RIDE,5.0,False,False,False,False,main,qwen/qwen3.8-27b
3a88a72d-1b77-4e5c-b3af-8274000f168a,rider,2026-06,Safe and reasonable pricing,pos,it is safe and reasonable prize,,,False,False,False,False,main,qwen/qwen3.8-27b
de6b8fe0-5d7e-486d-891a-d0095c6812db,rider,2026-07,Captains refuse nearby rides,neg,captains never accept ride even when nearby,NO_RIDE,5.0,False,False,False,True,main,qwen/qwen3.8-27b
de6b8fe0-5d7e-486d-891a-d0095c6812db,rider,2026-07,Captains demand extra payment,neg,no captain accepts ride asking to pay more,MAJOR_LOSS,4.0,False,False,False,True,main,qwen/qwen3.8-27b
de6b8fe0-5d7e-486d-891a-d0095c6812db,rider,2026-07,Captain cancelled after accepting,neg,one picked and asked to cancel,MAJOR_LOSS,4.0,False,False,False,True,main,qwen/qwen3.8-27b
f298a23d-6225-4fc9-81f2-8c335995a764,rider,2026-10,UPI payment details not visible,neg,the UPI QR or UPI phone number should be visible to make the payments (when via cash),MINOR,2.0,False,False,False,True,main,qwen/qwen3.8-27b
20933e2c-6feb-4070-a91a-5dc54230cf95,captain,2026-05,High commission deducted from earnings,neg,took too much commission,EARNINGS,4.0,False,False,False,False,main,qwen/qwen3.8-27b
768f4b03-f6c5-40c1-a695-54518686ee93,captain,2026-06,Ratings not reflecting correctly,neg,"my 5-star ratings have not been reflected, even when customers rate me 5 stars in front of me",EARNINGS,4.0,False,False,True,False,main,qwen/qwen3.8-27b
768f4b03-f6c5-40c1-a695-54518686ee93,captain,2026-06,Incorrect bad performance label,neg,"my app now shows ""Bad Performance.""",EARNINGS,4.0,False,False,True,False,main,qwen/qwen3.8-27b
64229ab0-00c9-46be-9b26-81a033ceb14f,captain,2026-07,Account activation stuck for 60 minutes,neg,it's shows activate in 60 minutes but not activated,EARNINGS,4.0,False,False,False,True,main,qwen/qwen3.8-27b
64229ab0-00c9-46be-9b26-81a033ceb14f,captain,2026-07,No response to support ticket,neg,i raised an ticket there is no response,BAD_EXPERIENCE,3.0,False,False,False,True,main,qwen/qwen3.8-27b
f2e9abda-a88d-43c4-a9d7-b7479fc7575b,captain,2026-08,Low per-km fare rate,neg,it gives 6rs / km,EARNINGS,4.0,False,False,False,True,main,qwen/qwen3.8-27b
f2e9abda-a88d-43c4-a9d7-b7479fc7575b,captain,2026-08,Insufficient earnings for fuel and effort,neg,it sucks your time efforts and fuel,EARNINGS,4.0,False,False,False,True,main,qwen/qwen3.8-27b
dbe5ebca-2754-42ee-a508-d0879f11887d,captain,2026-09,Good earning potential,pos,very nice earning app,,,False,False,False,False,main,qwen/qwen3.8-27b
63b6574d-d6de-46b4-bc9b-a8710c055bed,rider,2026-03,No customer support available,neg,no customer support,BAD_EXPERIENCE,3.0,False,False,False,True,main,qwen/qwen3.8-27b
63b6574d-d6de-46b4-bc9b-a8710c055bed,rider,2026-03,Driver charged higher than actual fare,neg,driver was charged Higher than the actual was,MONEY_LOST,5.0,False,False,False,True,main,qwen/qwen3.8-27b
be32de96-d86c-4a7d-bfe0-58070572474d,rider,2026-04,Driver did not move for 40 minutes,neg,vehicle did not move for over 40 minutes,MAJOR_LOSS,4.0,False,False,False,True,main,qwen/qwen3.8-27b
be32de96-d86c-4a7d-bfe0-58070572474d,rider,2026-04,Driver phone not reachable,neg,driver’s phone was not reachable,BAD_EXPERIENCE,3.0,False,False,False,True,main,qwen/qwen3.8-27b
be32de96-d86c-4a7d-bfe0-58070572474d,rider,2026-04,Missed bus due to delay,neg,I missed my bus,MAJOR_LOSS,4.0,False,False,False,True,main,qwen/qwen3.8-27b
be32de96-d86c-4a7d-bfe0-58070572474d,rider,2026-04,Support team unresponsive,neg,did not receive a proper response or timely assistance,BAD_EXPERIENCE,3.0,False,False,False,True,main,qwen/qwen3.8-27b
f8a22ec0-72cb-4ba4-a529-472534677fdf,rider,2026-07,Coupon does not work sometimes,neg,sometimes coupon don't work,BAD_EXPERIENCE,3.0,False,False,False,False,main,qwen/qwen3.8-27b
169f21a0-8f10-45f9-ab3f-04fec48a8ff6,rider,2026-08,Driver demanded extra cash over app fare,neg,driver demanded ₹125,MAJOR_LOSS,4.0,False,False,False,True,main,qwen/qwen3.8-27b
169f21a0-8f10-45f9-ab3f-04fec48a8ff6,rider,2026-08,Driver became aggressive when refusing extra payment,neg,"drivers became aggressive, started arguing, and tried to pressure me",SAFETY,5.0,True,False,False,True,main,qwen/qwen3.8-27b
1a5f2194-ee7c-4220-8008-8651bf9bbe13,captain,2026-05,Collected commission more than needed,neg,you collected commission from me more than you need,EARNINGS,4.0,False,False,False,True,main,qwen/qwen3.8-27b
93c43629-483b-4073-b233-db43bf49bd8e,captain,2026-08,Low earnings in Motihari Bihar,neg,Motihari bihar 845401 pe amount bahut kam hai,EARNINGS,4.0,False,False,False,True,main,qwen/qwen3.8-27b
581a5a91-40c2-4dcb-ba4e-390335a14bf4,captain,2026-10,App drains battery significantly,neg,it's sucks battery,MINOR,2.0,False,False,False,False,main,qwen/qwen3.8-27b
50ad78fd-f25f-44eb-b2aa-6e9275175520,rider,2026-03,Double payment charged on app,neg,double payment cut on this app,MONEY_LOST,5.0,False,False,False,True,main,qwen/qwen3.8-27b
50ad78fd-f25f-44eb-b2aa-6e9275175520,rider,2026-03,No safety regarding payment issue,neg,no safety regarding this issue,BAD_EXPERIENCE,3.0,False,False,False,True,main,qwen/qwen3.8-27b
eb0476e4-f834-4371-92d6-caed6f44512b,rider,2026-04,Helpful for daily travel,pos,It is helpful for daily travel,,,False,False,False,False,main,qwen/qwen3.8-27b
2b6d6e80-1443-43dc-a281-8062d1ddcdcd,rider,2026-09,Customer service defends drivers with lame reasons,neg,app customer service will just try to save their asses with lame reasons,BAD_EXPERIENCE,3.0,False,False,False,True,main,qwen/qwen3.8-27b
2b6d6e80-1443-43dc-a281-8062d1ddcdcd,rider,2026-09,Metro ticket booking is problematic,neg,ticket booking for metro is very problematic,BAD_EXPERIENCE,3.0,False,False,False,True,main,qwen/qwen3.8-27b
2b6d6e80-1443-43dc-a281-8062d1ddcdcd,rider,2026-09,Booked metro tickets go missing,neg,booked tickets go missing before using if we book another ticket,BAD_EXPERIENCE,3.0,False,False,False,True,main,qwen/qwen3.8-27b
31e12901-d271-4a2a-926d-6d19dcc55cff,rider,2026-10,Fare estimation is always incorrect,neg,estimate fare issue always,BAD_EXPERIENCE,3.0,False,False,False,True,main,qwen/qwen3.8-27b
13788bc4-cba5-4540-b204-13841b20ac6b,captain,2026-05,Platform is good for earning,pos,rapido ek bahut hi badiya platform h part kamayi karne k liye,,,False,False,False,False,main,qwen/qwen3.8-27b
b6584e99-0a52-4832-bcf5-092f83fa0f02,captain,2026-06,Customer support is unhelpful and dismissive,neg,whatever we ask they told only not able to do our side,BAD_EXPERIENCE,3.0,False,False,False,True,main,qwen/qwen3.8-27b
683427cc-29b1-4702-bbc2-184ea9040a3e,captain,2026-07,Cannot go on duty after location change,neg,it couldn't Go On Duty I changed several times but it doesn't Work it shows Rapido service is not available in this Location,EARNINGS,4.0,False,False,False,True,main,qwen/qwen3.8-27b
9b0cbc9a-f0e5-4b51-acde-fd260a43f830,captain,2026-10,Unprofessional customer support team,neg,"very worst customer support, first teach your customer support team to how to speak with customers, very unprofessional speaking",BAD_EXPERIENCE,3.0,False,False,False,True,main,qwen/qwen3.8-27b
0a8afdcd-6255-492a-b3c1-c7dfff9a0ca3,rider,2026-03,Driver demanded extra cash,neg,driver charge extra money for ride,MAJOR_LOSS,4.0,False,False,True,True,main,qwen/qwen3.8-27b
c2352cc1-905c-484e-902a-2f9d8c7447a9,rider,2026-04,Fare mismatch between rider and captain,neg,the fare shown to the customer was different and to the captain it was different,BAD_EXPERIENCE,3.0,False,False,False,True,main,qwen/qwen3.8-27b
2dc48eee-ac69-4bf6-9fa9-cd78d55b10a9,rider,2026-05,Request for increased ride availability,neg,incrase availability,COSMETIC,1.0,False,False,False,False,main,qwen/qwen3.8-27b
6fb8038a-252c-4a88-8868-1491f8e7bbde,rider,2026-06,Positive feedback on driver,pos,good driver,,,False,False,False,False,main,qwen/qwen3.8-27b
daebdbe2-2f9c-4c3c-823d-937afe370c04,rider,2026-07,Riders reject rides for small extra amounts,neg,riders not at all accepting the rides with the amount while additional amount starts with 10 rs,NO_RIDE,5.0,False,False,False,True,main,qwen/qwen3.8-27b
daebdbe2-2f9c-4c3c-823d-937afe370c04,rider,2026-07,Suggest lower minimum additional amount,neg,better start additional amount with 5rs,COSMETIC,1.0,False,False,False,True,main,qwen/qwen3.8-27b
bc52781d-9525-4b71-bd73-86b840e4a97f,rider,2026-08,Rides not confirmed on time,neg,rode time pe confirm nhi hote,NO_RIDE,5.0,False,False,False,True,main,qwen/qwen3.8-27b
bc52781d-9525-4b71-bd73-86b840e4a97f,rider,2026-08,Higher rates than Ola,neg,ola se jyada rate rapido pr ho rehta hai,BAD_EXPERIENCE,3.0,False,False,False,True,main,qwen/qwen3.8-27b
bc52781d-9525-4b71-bd73-86b840e4a97f,rider,2026-08,Auto drivers misbehave when late,neg,late ho toh bahar auto walo ke nakhre,BAD_EXPERIENCE,3.0,False,False,False,True,main,qwen/qwen3.8-27b
5bf8ca8d-8706-404d-9f6f-c5a8c58ba044,rider,2026-09,Cannot get ride when running late,neg,They will make sure that you'll never get on time,NO_RIDE,5.0,False,False,False,False,main,qwen/qwen3.8-27b
5bf8ca8d-8706-404d-9f6f-c5a8c58ba044,rider,2026-09,Campaign promise of 5 min cabs false,neg,Running Campaign for 5 min me cabs,BAD_EXPERIENCE,3.0,False,False,False,False,main,qwen/qwen3.8-27b
2735da3a-8890-44ef-93cb-33b4bb8248ec,captain,2026-05,Unable to reach customer support,neg,customer support nahi mila pa raha hai,BAD_EXPERIENCE,3.0,False,False,False,True,main,qwen/qwen3.8-27b
c505e354-8107-46db-b003-777eabce7233,captain,2026-06,Riders cancel rides after 8 PM,neg,कस्टमर राईड बुक करके केंसिल करते रहते हैं,EARNINGS,4.0,False,False,False,False,main,qwen/qwen3.8-27b
c505e354-8107-46db-b003-777eabce7233,captain,2026-06,No penalty for late cancellations,neg,राईड केंसिल करने पर किराए से आधी पेनल्टी लगानी चाहिए,EARNINGS,4.0,False,False,False,False,main,qwen/qwen3.8-27b
c9abcc1e-8928-4613-b0b6-8717556ba323,captain,2026-07,Long waiting time for rides,neg,to much waiting for ride,EARNINGS,4.0,False,False,False,True,main,qwen/qwen3.8-27b
c9abcc1e-8928-4613-b0b6-8717556ba323,captain,2026-07,Receiving fake orders,neg,fake Oder,EARNINGS,4.0,False,False,False,True,main,qwen/qwen3.8-27b
c9abcc1e-8928-4613-b0b6-8717556ba323,captain,2026-07,No incentives provided,neg,no incentive,EARNINGS,4.0,False,False,False,True,main,qwen/qwen3.8-27b
c9abcc1e-8928-4613-b0b6-8717556ba323,captain,2026-07,Low fare rates,neg,no give good fair,EARNINGS,4.0,False,False,False,True,main,qwen/qwen3.8-27b
cbc92c5d-6ef1-4fd0-a78f-d7490e6fd7dd,captain,2026-08,Account not activated after payment,neg,paid joining fee on 10 aug. but till date not activate my account,EARNINGS,4.0,False,False,False,True,main,qwen/qwen3.8-27b
cbc92c5d-6ef1-4fd0-a78f-d7490e6fd7dd,captain,2026-08,No response from support,neg,no any response. no any contact.,BAD_EXPERIENCE,3.0,False,False,False,True,main,qwen/qwen3.8-27b
c44938c4-77b4-4e26-8c7d-7f0240a75e1d,captain,2026-10,Customer support unresponsive to calls,neg,no one solve issue and no one pick the call,BAD_EXPERIENCE,3.0,False,False,True,True,main,qwen/qwen3.8-27b
c44938c4-77b4-4e26-8c7d-7f0240a75e1d,captain,2026-10,No approval for grocery delivery,neg,no approve given by costumer at time of delivery,MAJOR_LOSS,4.0,False,False,True,True,main,qwen/qwen3.8-27b
c44938c4-77b4-4e26-8c7d-7f0240a75e1d,captain,2026-10,Wasted 45 minutes on delivery,neg,1 waste my 45 minutes,MAJOR_LOSS,4.0,False,False,True,True,main,qwen/qwen3.8-27b
c44938c4-77b4-4e26-8c7d-7f0240a75e1d,captain,2026-10,No bonus or extra money,neg,no bonus not extra money,EARNINGS,4.0,False,False,True,True,main,qwen/qwen3.8-27b
8a3389dd-4fff-4606-91c1-b6dc52fea41b,rider,2026-03,Poor customer support service,neg,not taking care customer support,BAD_EXPERIENCE,3.0,False,False,False,True,main,qwen/qwen3.8-27b
8aa6b1d0-4bac-4dc3-bc7b-1e8cf7fd4418,rider,2026-05,Pilots demand extra charges,neg,pilots whant extrw charges,MAJOR_LOSS,4.0,False,False,False,False,main,qwen/qwen3.8-27b
8aa6b1d0-4bac-4dc3-bc7b-1e8cf7fd4418,rider,2026-05,Pilots do not accept shown fare,neg,they dont accepted aur rides in show charges,MAJOR_LOSS,4.0,False,False,False,False,main,qwen/qwen3.8-27b
f9873b78-0cfd-4510-98d5-4d5f1f06624d,rider,2026-07,Rider roamed instead of direct pickup,neg,The rider kept roaming around in different areas instead of coming directly to my pickup location,BAD_EXPERIENCE,3.0,False,False,True,True,main,qwen/qwen3.8-27b
f9873b78-0cfd-4510-98d5-4d5f1f06624d,rider,2026-07,Unnecessary fare increase due to roaming,neg,unnecessarily increased the fare,MONEY_LOST,5.0,False,False,True,True,main,qwen/qwen3.8-27b
f9873b78-0cfd-4510-98d5-4d5f1f06624d,rider,2026-07,Wasted time due to rider roaming,neg,wasted my time,MAJOR_LOSS,4.0,False,False,True,True,main,qwen/qwen3.8-27b
f9873b78-0cfd-4510-98d5-4d5f1f06624d,rider,2026-07,Bike number mismatch in app,neg,bike number displayed in the app did not match the actual vehicle,SAFETY,5.0,True,False,True,True,main,qwen/qwen3.8-27b
f9873b78-0cfd-4510-98d5-4d5f1f06624d,rider,2026-07,Cancellation fee charged for no ride,neg,Rapido charged me a cancellation fee when I cancelled the ride,MONEY_LOST,5.0,False,False,True,True,main,qwen/qwen3.8-27b
246bf77d-7991-4c56-ab7e-ea61fe858ff5,rider,2026-08,Drivers ask customers to cancel,neg,A few auto drivers accept then ask the customer to cancel,MAJOR_LOSS,4.0,False,False,True,True,main,qwen/qwen3.8-27b
c9c3e7e1-7866-42d0-9a63-1b2c6da4953b,captain,2026-05,Not receiving daily incentives,neg,i am not getting daily incentives,EARNINGS,4.0,False,False,False,True,main,qwen/qwen3.8-27b
89fcf9f0-5743-4264-a6df-06a2b52ac68c,captain,2026-09,Subscription price increased and too high,neg,raise the price of subscription and it is too high,EARNINGS,4.0,False,False,False,True,main,qwen/qwen3.8-27b
c34bfdcd-c258-40c2-8593-988d50cc3ea1,rider,2026-04,No small rides accepted after 30 mins,neg,No small rides are being accepted even after trying for 30 mins straight,NO_RIDE,5.0,False,False,False,True,main,qwen/qwen3.8-27b
e86cb73c-1c73-411f-acd8-0ed50abf4098,rider,2026-05,Low service quality,neg,survice low,BAD_EXPERIENCE,3.0,False,True,False,False,main,qwen/qwen3.8-27b
32fc5a4f-9d89-4c84-8b50-12b8fca59914,rider,2026-06,Captains demand extra cash beyond fare,neg,All the captions are charging an extra amount of 100 from the bill,MAJOR_LOSS,4.0,False,False,True,True,main,qwen/qwen3.8-27b
32fc5a4f-9d89-4c84-8b50-12b8fca59914,rider,2026-06,Captains behave badly if extra not paid,neg,They are behaving Very Badly if we don't agree to pay that extra amount,BAD_EXPERIENCE,3.0,False,False,True,True,main,qwen/qwen3.8-27b
da2a24ca-1051-453c-ab19-9d98355a6e27,rider,2026-07,Drivers are nice,pos,Nice drivers,,,False,False,False,False,main,qwen/qwen3.8-27b
41a73499-9327-400c-a9f6-d7122c0cfd87,rider,2026-08,Driver charged higher fare,neg,The driver charges me a higher fare,MONEY_LOST,5.0,False,False,False,True,main,qwen/qwen3.8-27b
41a73499-9327-400c-a9f6-d7122c0cfd87,rider,2026-08,No response to help request,neg,i write for help but i do not get any response,BAD_EXPERIENCE,3.0,False,False,False,True,main,qwen/qwen3.8-27b
a2abd145-31e9-4835-99f5-9b9c38f1d9ef,rider,2026-09,Service is safe for women,pos,Safe For Womens,,,False,False,False,False,main,qwen/qwen3.8-27b
77aecdba-aa33-4e92-9706-68a93e667bab,rider,2026-10,Excellent customer service,pos,excellent customer service,,,False,False,False,False,main,qwen/qwen3.8-27b
77aecdba-aa33-4e92-9706-68a93e667bab,rider,2026-10,Driver behaves well,pos,good behave,,,False,False,False,False,main,qwen/qwen3.8-27b
3a5f9195-a996-4758-9465-9fdc1caf97f3,captain,2026-05,Food delivery support number not working,neg,customer support no. in food delivery no working,BAD_EXPERIENCE,3.0,False,False,False,True,main,qwen/qwen3.8-27b
f8b703fa-06ae-4f9b-b645-31a27f5fd655,captain,2026-07,Low per-km earnings rate,neg,we want to earn per k.m 10.rs but we earn only 7.rs per k.m,EARNINGS,4.0,False,False,False,False,main,qwen/qwen3.8-27b
f8b703fa-06ae-4f9b-b645-31a27f5fd655,captain,2026-07,Earnings insufficient for petrol costs,neg,very loss rides at this petrol price,EARNINGS,4.0,False,False,False,False,main,qwen/qwen3.8-27b
87a62eb2-b8bc-4af5-a79e-1570850d188e,captain,2026-08,Customer support line busy,neg,while I am calling to customer it was showing me line is busy,BAD_EXPERIENCE,3.0,False,False,False,True,main,qwen/qwen3.8-27b
b03c8ca1-0eb3-4722-a030-cee3cfe4c9bc,captain,2026-09,App designed to loot drivers,neg,west application hai logo ko khali lootne ke liye banaye hai,EARNINGS,4.0,False,False,False,False,main,qwen/qwen3.8-27b
b03c8ca1-0eb3-4722-a030-cee3cfe4c9bc,captain,2026-09,Waste of time and money,neg,west off time and money,EARNINGS,4.0,False,False,False,False,main,qwen/qwen3.8-27b
115d4b0c-2793-46d8-9a2e-2d25f8dd188d,captain,2026-10,High commission on low fare rides,neg,charge Rs 7 for a ride of Rs 30,EARNINGS,4.0,False,False,False,True,main,qwen/qwen3.8-27b
115d4b0c-2793-46d8-9a2e-2d25f8dd188d,captain,2026-10,Arbitrary commission cuts,neg,cut commission as they wish,EARNINGS,4.0,False,False,False,True,main,qwen/qwen3.8-27b
115d4b0c-2793-46d8-9a2e-2d25f8dd188d,captain,2026-10,High tax and petrol costs,neg,28 ની રાઈડ મા 6/7 tex 10/12 petrol,EARNINGS,4.0,False,False,False,True,main,qwen/qwen3.8-27b
115d4b0c-2793-46d8-9a2e-2d25f8dd188d,captain,2026-10,Very low earnings per ride,neg,9/10 rs માટે મહેનત કરો છો,EARNINGS,4.0,False,False,False,True,main,qwen/qwen3.8-27b
a1543e7a-2b68-4840-8473-0035b59cfdef,rider,2026-04,Affordable fares in cities,pos,very affordable in cities,,,False,False,False,False,main,qwen/qwen3.8-27b
a1543e7a-2b68-4840-8473-0035b59cfdef,rider,2026-04,Fast service,pos,fast service,,,False,False,False,False,main,qwen/qwen3.8-27b
5a856096-a94f-4a17-a0aa-aec6a1b319f4,rider,2026-05,No captains accepting ride requests,neg,no one accepts the ride,NO_RIDE,5.0,False,False,False,True,main,qwen/qwen3.8-27b
28ef65bb-e6eb-4c1a-a487-0883900bfa12,rider,2026-06,Captain drives safely and well,pos,Super Driving,,,False,False,False,False,main,qwen/qwen3.8-27b
5c96cf13-13d3-4abd-93e7-7421a0e1519a,rider,2026-07,Service is fast and convenient,pos,Fast and convenient,,,False,False,False,False,main,qwen/qwen3.8-27b
5c96cf13-13d3-4abd-93e7-7421a0e1519a,rider,2026-07,Suggest adding more scooties for luggage,pos,suggest to add more Scooties being convenient to keep bags or other items,,,False,False,False,False,main,qwen/qwen3.8-27b
711390b8-e736-4865-b7ec-988fca90fbd1,rider,2026-08,Location not received by captain,neg,location not received,BAD_EXPERIENCE,3.0,False,False,False,True,main,qwen/qwen3.8-27b
87d1d58c-c325-4692-a019-7ef86ef6d4a9,rider,2026-10,Travel is low cost and safe,pos,low cost and with safety,,,False,False,False,False,main,qwen/qwen3.8-27b
0c3c298e-96a1-4b46-b29d-67900047de27,captain,2026-05,Few orders during afternoon time,neg,afternoon time is Rapido captain is poor giving Money,EARNINGS,4.0,False,True,False,False,main,qwen/qwen3.8-27b
b2736860-5156-4b09-b71c-6f1a6208ee43,captain,2026-06,No incentives provided to captains,neg,No incentives,EARNINGS,4.0,False,False,False,True,main,qwen/qwen3.8-27b
b2736860-5156-4b09-b71c-6f1a6208ee43,captain,2026-06,No subscription plans available,neg,no subscription plans,EARNINGS,4.0,False,False,False,True,main,qwen/qwen3.8-27b
b213f752-4fc3-421a-a4df-8e0bd5285942,captain,2026-07,Customer care not supporting captains,neg,customer care not support two captains,BAD_EXPERIENCE,3.0,False,False,False,True,main,qwen/qwen3.8-27b
e76e883b-fe9e-4974-8aa6-fad2fba66e3a,captain,2026-10,Server error and app not working,neg,not working server error,BAD_EXPERIENCE,3.0,False,False,False,True,main,qwen/qwen3.8-27b
e76e883b-fe9e-4974-8aa6-fad2fba66e3a,captain,2026-10,Help line not responding,neg,not responding help line,BAD_EXPERIENCE,3.0,False,False,False,True,main,qwen/qwen3.8-27b
966d6034-6bde-48bf-bac5-73033b78fefd,rider,2026-04,Riders not accepting the ride,neg,riders not accepting the ride,NO_RIDE,5.0,False,False,False,True,main,qwen/qwen3.8-27b
966d6034-6bde-48bf-bac5-73033b78fefd,rider,2026-04,Waiting time is too long,neg,waiting time is to long,BAD_EXPERIENCE,3.0,False,False,False,True,main,qwen/qwen3.8-27b
c1bde159-0604-421e-b68d-1bf338805f74,rider,2026-08,No captain accepts urgent ride,neg,no take accept the ride,NO_RIDE,5.0,False,True,False,True,main,qwen/qwen3.8-27b
f39d604a-53b7-4bbb-b999-b3cdb4fe32fa,rider,2026-09,Captains cancel without extra cash,neg,cancels if you don't add 50-70 extra on the shown fare,MAJOR_LOSS,4.0,False,False,False,True,main,qwen/qwen3.8-27b
e3969716-bdd3-4d11-b969-fa17141c01ad,rider,2026-10,Slow customer support response,neg,they don't response quick don't connect you to the agent on time,BAD_EXPERIENCE,3.0,False,False,False,True,main,qwen/qwen3.8-27b
c4bb04f4-3b3f-4ced-993e-b99cf59fbfb6,captain,2026-05,Poor navigation system,neg,plz update navigation system,BAD_EXPERIENCE,3.0,False,False,False,True,main,qwen/qwen3.8-27b
d1e2f53d-5fdf-4b7c-8ff6-208d70d68adf,captain,2026-06,Supportive customer support,pos,customer support system is very good n supportive,,,False,False,False,False,main,qwen/qwen3.8-27b
5ecca299-145d-48ec-a38c-94248e034a44,captain,2026-07,App crashes frequently,neg,crash all time,BAD_EXPERIENCE,3.0,False,False,False,True,main,qwen/qwen3.8-27b
5ecca299-145d-48ec-a38c-94248e034a44,captain,2026-07,Worst customer service,neg,customer srevice worst,BAD_EXPERIENCE,3.0,False,False,False,True,main,qwen/qwen3.8-27b
5ecca299-145d-48ec-a38c-94248e034a44,captain,2026-07,Money deducted from captain,neg,cut caption money all time,EARNINGS,4.0,False,False,False,True,main,qwen/qwen3.8-27b
c1fcf0c1-f4c0-4bd9-904c-4a8895ad328a,captain,2026-09,App interface is uncomfortable,neg,app uncomfortable,MINOR,2.0,False,False,False,False,main,qwen/qwen3.8-27b
4cef31ee-ef1d-45d1-9d4d-5830d7b93ba6,captain,2026-10,Daily subscription cost is too high,neg,subscription plan so costely for one day,EARNINGS,4.0,False,False,False,True,main,qwen/qwen3.8-27b
f565f240-754b-4ad9-b0cf-538e199d16a4,rider,2026-03,Captain rejected ride despite extra fare,neg,added too much extra after adding also captain not accepting The ride,NO_RIDE,5.0,False,False,False,True,main,qwen/qwen3.8-27b
ac889068-a177-4ebb-9404-bda8dea3e558,rider,2026-04,Captain demanded extra money for AC,neg,ask extra money for turning on,MAJOR_LOSS,4.0,False,False,True,True,main,qwen/qwen3.8-27b
ac889068-a177-4ebb-9404-bda8dea3e558,rider,2026-04,Captain unresponsive when help needed,neg,not replying whn need help,BAD_EXPERIENCE,3.0,False,False,True,True,main,qwen/qwen3.8-27b
7c883042-7525-4330-9347-4d6460113b31,rider,2026-05,No captain available for an hour,neg,"trying to book rapido for the last hour, no captin is available to accept my ride",NO_RIDE,5.0,False,False,False,True,main,qwen/qwen3.8-27b
7c883042-7525-4330-9347-4d6460113b31,rider,2026-05,Extra charges did not help,neg,"even I put extra charges also , even though no response from captin",NO_RIDE,5.0,False,False,False,True,main,qwen/qwen3.8-27b
ca165624-52ff-48a5-a756-b57ed22a50f7,rider,2026-06,Driver number not displayed,neg,number won't show to rapido drives,BAD_EXPERIENCE,3.0,False,False,False,True,main,qwen/qwen3.8-27b
45cf9ec8-8bad-44f9-9f37-6f2814ac8326,rider,2026-07,Long wait for ride confirmation,neg,wait 20-25 min for confirm the ride,BAD_EXPERIENCE,3.0,False,False,False,False,main,qwen/qwen3.8-27b
5438f299-3842-49cf-b073-d23bde7bba86,rider,2026-08,Charged double the shown fare,neg,charged double for a simple ride without my notice by first showing ₹59 as fare and finally charging me ₹120,MONEY_LOST,5.0,False,False,True,True,main,qwen/qwen3.8-27b
5438f299-3842-49cf-b073-d23bde7bba86,rider,2026-08,Driver threatened to go to police,neg,He threatened and started driving to police station to demand full money,SAFETY,5.0,True,False,True,True,main,qwen/qwen3.8-27b
5438f299-3842-49cf-b073-d23bde7bba86,rider,2026-08,No response from customer support,neg,I kept messaging support and there is still zero response till now,BAD_EXPERIENCE,3.0,False,False,True,True,main,qwen/qwen3.8-27b
5438f299-3842-49cf-b073-d23bde7bba86,rider,2026-08,Had to pay extra cash,neg,had to pay extra money,MAJOR_LOSS,4.0,False,False,True,True,main,qwen/qwen3.8-27b
7285d25b-b79e-454c-895d-2f1fc98304ea,captain,2026-05,No customer support for riders,neg,there's no customer support provided to solving their problem,BAD_EXPERIENCE,3.0,False,False,True,True,main,qwen/qwen3.8-27b
7285d25b-b79e-454c-895d-2f1fc98304ea,captain,2026-05,Wrongly suspended or deducted money,neg,after wrongly suspended or deducted money from the wallet,EARNINGS,4.0,False,False,True,True,main,qwen/qwen3.8-27b
c695b563-6d10-4588-b9d0-f7c3ee5ba6d8,captain,2026-06,Not getting orders,neg,I am not getting orders,EARNINGS,4.0,False,False,False,True,main,qwen/qwen3.8-27b
b47e3d7a-bcee-46a7-ac78-c7303f736eca,captain,2026-07,Share auto pause feature broken,neg,shareauto functionality is not working. unable to pause it,BAD_EXPERIENCE,3.0,False,False,False,True,main,qwen/qwen3.8-27b
01e530eb-716e-4779-9b4a-8d36ee45a15e,captain,2026-08,Low fare rates for drivers,neg,low price,EARNINGS,4.0,False,False,False,False,main,qwen/qwen3.8-27b
01e530eb-716e-4779-9b4a-8d36ee45a15e,captain,2026-08,Poor overall service quality,neg,service not good,BAD_EXPERIENCE,3.0,False,False,False,False,main,qwen/qwen3.8-27b
aa31b574-3edb-424e-bbb0-9c05ed0a5835,captain,2026-09,Unjustified account ban by company,neg,bina wajah ban karti hai,EARNINGS,4.0,False,False,False,False,main,qwen/qwen3.8-27b
aa31b574-3edb-424e-bbb0-9c05ed0a5835,captain,2026-09,Company ignores driver complaints,neg,sirf customer Ki sunti Hai Bus aur kisi ki nahi,BAD_EXPERIENCE,3.0,False,False,False,False,main,qwen/qwen3.8-27b
a5d31527-e644-4dde-956f-0d1589c5f23c,captain,2026-10,Driver earnings lead to poverty,neg,भिकारी बनण्याचा एकच मार्ग मालक चालक साठी,EARNINGS,4.0,False,False,False,True,main,qwen/qwen3.8-27b
fa8fecf0-bed9-408a-b364-e574fd18008b,rider,2026-03,Long time to confirm ride,neg,takes too much time to confirm the ride,BAD_EXPERIENCE,3.0,False,False,False,False,main,qwen/qwen3.8-27b
d2e2096f-2ae3-42fa-aba6-de1a0919205f,rider,2026-04,Drivers do not accept rides,neg,doesn't even accept ride,NO_RIDE,5.0,False,False,False,True,main,qwen/qwen3.8-27b
50cb8e81-aa5c-41d8-8fce-7fa946566601,rider,2026-05,Charging higher than expected price,neg,charging a higher price,BAD_EXPERIENCE,3.0,False,False,False,True,main,qwen/qwen3.8-27b
50cb8e81-aa5c-41d8-8fce-7fa946566601,rider,2026-05,Long time to confirm ride,neg,it took too much time,BAD_EXPERIENCE,3.0,False,False,False,True,main,qwen/qwen3.8-27b
b65ba4ea-9488-435f-838e-b3b7e3cd5a78,rider,2026-06,Nice driving experience,pos,very nice drive,,,False,False,False,False,main,qwen/qwen3.8-27b
6f976126-fb22-4c19-9ce8-18c792e52a84,rider,2026-07,Drivers charge double due to increase feature,neg,"drivers here charge alot of amount before they accept a ride coz they know there is an increasing option , which make us pay literally double of what amount should be given actually",MONEY_LOST,5.0,False,False,False,True,main,qwen/qwen3.8-27b
6f976126-fb22-4c19-9ce8-18c792e52a84,rider,2026-07,Remove or limit increase amount feature,neg,"remove the ""increase amount"" feature or atleast keep a limit of 10-20 only",COSMETIC,1.0,False,False,False,True,main,qwen/qwen3.8-27b
2bad26e0-5b77-470e-b005-c3f63fe544b3,rider,2026-09,Driver is very responsible,pos,very responsible driver,,,False,False,False,False,main,qwen/qwen3.8-27b
99e78546-d5e6-47d7-9581-2fb5e8f5db92,rider,2026-10,Remove parental control feature,neg,remove parental control,COSMETIC,1.0,False,False,False,True,main,qwen/qwen3.8-27b
2ea89ed3-65e8-4998-8569-ad30214a5430,captain,2026-07,Terrible treatment of captains,neg,The way they treat their captains is terrible,EARNINGS,4.0,False,False,False,True,main,qwen/qwen3.8-27b
2ea89ed3-65e8-4998-8569-ad30214a5430,captain,2026-07,Customer care is useless,neg,calling customer care is nothing but a complete waste of time,BAD_EXPERIENCE,3.0,False,False,False,True,main,qwen/qwen3.8-27b
7c773830-22da-4400-8797-4185e7393d33,captain,2026-08,Very low earnings per trip,neg,uske baad 33₹ rupees kamao,EARNINGS,4.0,False,False,False,False,main,qwen/qwen3.8-27b
2e37001a-f29c-479e-beb0-7656e2257e16,captain,2026-09,Very low ride earnings,neg,ride ernings very low prices,EARNINGS,4.0,False,False,False,False,main,qwen/qwen3.8-27b
2e37001a-f29c-479e-beb0-7656e2257e16,captain,2026-09,Remove auto boost service,neg,please remove the auto boost service,COSMETIC,1.0,False,False,False,False,main,qwen/qwen3.8-27b
fc39c03b-c022-4e63-8b3d-3b0060d3de53,captain,2026-10,Food delivery feature blank screen,neg,Unable to activate food delivery after updating the app. It just shows the blank screen.,BAD_EXPERIENCE,3.0,False,False,False,True,main,qwen/qwen3.8-27b
a53d89db-0ec3-4850-8191-5a219c11c5fa,rider,2026-03,Safe ride experience,pos,safe ride nice experience,,,False,False,False,False,main,qwen/qwen3.8-27b
baf37abd-159f-48a9-8f20-74aaa7a4e761,rider,2026-05,Timely service provided,pos,TIMELY SERVICE,,,False,False,False,False,main,qwen/qwen3.8-27b
baf37abd-159f-48a9-8f20-74aaa7a4e761,rider,2026-05,Reasonable price charged,pos,REASONABLE PRICE,,,False,False,False,False,main,qwen/qwen3.8-27b
7f325769-8b0d-4bba-8aef-2e221954af54,rider,2026-07,Driver overcharged beyond shown fare,neg,"app clearly showed a total fare of ₹202. However, after the ride was completed, the driver charged me ₹326, overcharging me by ₹124",MONEY_LOST,5.0,False,False,True,True,main,qwen/qwen3.8-27b
7f325769-8b0d-4bba-8aef-2e221954af54,rider,2026-07,No response from support,neg,"reported this issue multiple times through the app, but I have received no response or resolution",BAD_EXPERIENCE,3.0,False,False,True,True,main,qwen/qwen3.8-27b
89c04e8c-cc4a-4724-972b-e21eb67f4c21,rider,2026-08,Fares increased significantly,neg,"for a 60 rupees ride, it's charged at 99/100",BAD_EXPERIENCE,3.0,False,False,False,True,main,qwen/qwen3.8-27b
89c04e8c-cc4a-4724-972b-e21eb67f4c21,rider,2026-08,High add-on costs,neg,"add-ons start at 30, not even at 10",BAD_EXPERIENCE,3.0,False,False,False,True,main,qwen/qwen3.8-27b
ccacdfe3-40f0-403e-8ee4-4b8ea7421dd3,rider,2026-10,Captains not accepting rides,neg,captains are not accepting the ride,NO_RIDE,5.0,False,False,False,False,main,qwen/qwen3.8-27b
ccacdfe3-40f0-403e-8ee4-4b8ea7421dd3,rider,2026-10,Long wait time for acceptance,neg,it take 40 mins that day to me to accept ride,MAJOR_LOSS,4.0,False,False,False,False,main,qwen/qwen3.8-27b
000d5510-4208-47dd-ac3e-1132c7ca77d9,captain,2026-06,Daily incentives disabled on account,neg,incentive option is currently disabled on my account,EARNINGS,4.0,False,False,False,True,main,qwen/qwen3.8-27b
000d5510-4208-47dd-ac3e-1132c7ca77d9,captain,2026-06,Low ride fares in Raichur,neg,"In Raichur, ride fares are very low",EARNINGS,4.0,False,False,False,True,main,qwen/qwen3.8-27b
000d5510-4208-47dd-ac3e-1132c7ca77d9,captain,2026-06,High petrol prices,neg,petrol prices are quite high,EARNINGS,4.0,False,False,False,True,main,qwen/qwen3.8-27b
36bb0463-51b6-41f1-9e73-773113193442,captain,2026-10,Full-time captains get no rides,neg,rider jo admi apne 12 se 15 ghnte kam kr rhe he unhe ride nhi milti h,EARNINGS,4.0,False,False,False,True,main,qwen/qwen3.8-27b
36bb0463-51b6-41f1-9e73-773113193442,captain,2026-10,Extremely low daily earnings,neg,43 rupys ka kam kiya hai,EARNINGS,4.0,False,False,False,True,main,qwen/qwen3.8-27b
e74faa62-81c8-4194-8aed-d432a6577cfd,rider,2026-04,Bike taxi cuts travel time in traffic,pos,"a bike can weave through, often cutting your travel time in half",,,False,False,False,False,main,qwen/qwen3.8-27b
1f3a12bb-aff5-4993-85ea-be7f018ac2a8,rider,2026-06,Economical mode of commutation,pos,It is an economical mode of commutation,,,False,False,False,False,main,qwen/qwen3.8-27b
f389206d-e968-43ad-9bce-d48c33d590f9,rider,2026-09,Fares are slightly higher,neg,Fare are little bit on higher side,BAD_EXPERIENCE,3.0,False,False,False,False,main,qwen/qwen3.8-27b
f389206d-e968-43ad-9bce-d48c33d590f9,rider,2026-09,Good customer care and service,pos,customer care and service is good,,,False,False,False,False,main,qwen/qwen3.8-27b
431463f6-3dab-4824-8ef1-244d14ba7931,rider,2026-10,Trip costs higher than other apps,neg,cost of trips is higher as compared to other apps,BAD_EXPERIENCE,3.0,False,False,False,True,main,qwen/qwen3.8-27b
2414be94-53f3-486f-8227-4b47d970730b,captain,2026-05,GST system is not good,neg,GST ... NOT GOOD,BAD_EXPERIENCE,3.0,False,False,False,False,main,qwen/qwen3.8-27b
2414be94-53f3-486f-8227-4b47d970730b,captain,2026-05,OTP system is not good,neg,OTP SYSTEM NOT GOOD,BAD_EXPERIENCE,3.0,False,False,False,False,main,qwen/qwen3.8-27b
48cac729-0b52-4e20-bd1e-7590522bc3e7,captain,2026-06,No rides after app update,neg,app update ke baad se ride aana he band ho gaya hai,EARNINGS,4.0,False,False,False,False,main,qwen/qwen3.8-27b
48cac729-0b52-4e20-bd1e-7590522bc3e7,captain,2026-06,Surge area not showing,neg,na he surge area show kr rha he,EARNINGS,4.0,False,False,False,False,main,qwen/qwen3.8-27b
fe10c5b0-7b24-444d-adc5-99668564f6a4,captain,2026-08,Displayed rate not paid,neg,jo rate dikhata hai vo deta nhi h,EARNINGS,4.0,False,False,False,True,main,qwen/qwen3.8-27b
5bc5d4e5-cabd-45ed-ae89-d84cd30a5310,captain,2026-09,No option to contact customer service,neg,There is no option or way to contact customer service,BAD_EXPERIENCE,3.0,False,False,True,True,main,qwen/qwen3.8-27b
5bc5d4e5-cabd-45ed-ae89-d84cd30a5310,captain,2026-09,App shows low mileage,neg,Shows low mileage,EARNINGS,4.0,False,False,True,True,main,qwen/qwen3.8-27b
5bc5d4e5-cabd-45ed-ae89-d84cd30a5310,captain,2026-09,Location feature provides very little help,neg,Also location Very little help,BAD_EXPERIENCE,3.0,False,False,True,True,main,qwen/qwen3.8-27b
87df4808-8990-40eb-a805-0abc47ee1af3,captain,2026-10,Unable to change phone number,neg,I am unable to change it,EARNINGS,4.0,False,False,False,True,main,qwen/qwen3.8-27b
87df4808-8990-40eb-a805-0abc47ee1af3,captain,2026-10,Document verification stuck,neg,documents I provided... were still being verified,EARNINGS,4.0,False,False,False,True,main,qwen/qwen3.8-27b
76e08dba-c75b-4f65-8008-38313797cb7a,rider,2026-03,Unable to book any ride,neg,koi bhi ride book nhi ho rhi,NO_RIDE,5.0,False,False,False,True,main,qwen/qwen3.8-27b
555ee909-1637-4b02-913f-d88b9ef25865,rider,2026-04,Riders take too long to accept,neg,take too long to accept ride,BAD_EXPERIENCE,3.0,False,False,False,True,main,qwen/qwen3.8-27b
555ee909-1637-4b02-913f-d88b9ef25865,rider,2026-04,Riders cancel after accepting ride,neg,after the call the rider cancels the ride,MAJOR_LOSS,4.0,False,False,False,True,main,qwen/qwen3.8-27b
555ee909-1637-4b02-913f-d88b9ef25865,rider,2026-04,Riders choose wrong route,neg,they choose wrong route,BAD_EXPERIENCE,3.0,False,False,False,True,main,qwen/qwen3.8-27b
555ee909-1637-4b02-913f-d88b9ef25865,rider,2026-04,Riders try to increase fare,neg,try to increase the fare,MAJOR_LOSS,4.0,False,False,False,True,main,qwen/qwen3.8-27b
555ee909-1637-4b02-913f-d88b9ef25865,rider,2026-04,Customer support unresponsive and rude,neg,"customer support does not respondij proper way, they are always late to start the chat are always in hurry to close the chat",BAD_EXPERIENCE,3.0,False,False,False,True,main,qwen/qwen3.8-27b
3d5b6753-890b-4275-abff-12fb7bb19c0c,rider,2026-05,Fare doubles after first ride,neg,bahi sirf pahili baar hi Paisa kam lagta hai uske baad me kam 2× ho jata,BAD_EXPERIENCE,3.0,False,False,True,True,main,qwen/qwen3.8-27b
eab574eb-061d-4022-bf61-9f498e169354,rider,2026-08,Charged higher than app fare,neg,They show one kind of far the in the app and after travelling they charge high fare,MONEY_LOST,5.0,False,False,False,True,main,qwen/qwen3.8-27b
eab574eb-061d-4022-bf61-9f498e169354,rider,2026-08,Rides cancelled due to non-payment,neg,"if you dont pay them according to their needs , they will mark you and cancel everytime you search for a ride",NO_RIDE,5.0,False,False,False,True,main,qwen/qwen3.8-27b
45ee726b-eff2-46fd-afbf-60c93755428f,captain,2026-05,Slow document verification process,neg,it is taking more time for documents verification,EARNINGS,4.0,False,False,False,True,main,qwen/qwen3.8-27b
88b62c2c-81b5-409e-adfb-357a374a3a33,captain,2026-07,Frequent login failures,neg,my I'd not login many time,BAD_EXPERIENCE,3.0,False,False,False,False,main,qwen/qwen3.8-27b
88b62c2c-81b5-409e-adfb-357a374a3a33,captain,2026-07,Unhelpful customer support,neg,coustomer care not support,BAD_EXPERIENCE,3.0,False,False,False,False,main,qwen/qwen3.8-27b
7085a3c7-81b6-4237-81ee-6b2cc73e4c28,captain,2026-09,Request for more orders,neg,give more order's.,EARNINGS,4.0,False,False,False,True,main,qwen/qwen3.8-27b
ada58bc7-0026-4bcc-a46a-aff7cc6fc420,captain,2026-10,Customer ratings not visible,neg,"show the rating of the customer. like which customer is good and which one is wrost. otherwise what is the point to give customer star after completing ride, if you can't show theirs star",COSMETIC,1.0,False,False,False,False,main,qwen/qwen3.8-27b
382e78e2-45c9-42ed-ac18-8534cc7b8c30,rider,2026-03,Charged full fare despite discount,neg,"The fare was 100 rs. But the first time I booked it, I got a 60 rs discount. Then I went in a rickshaw. I gave you 40 rs to reach your house. You didn't understand. You took 100 rs from me.",MONEY_LOST,5.0,False,True,True,True,main,qwen/qwen3.8-27b
2d51cd9a-67b6-42d3-9d7a-f2b478f3378d,rider,2026-04,Higher prices at night,neg,higher prices,BAD_EXPERIENCE,3.0,False,False,False,True,main,qwen/qwen3.8-27b
2d51cd9a-67b6-42d3-9d7a-f2b478f3378d,rider,2026-04,One hour waiting time,neg,one-hour waiting time,BAD_EXPERIENCE,3.0,False,False,False,True,main,qwen/qwen3.8-27b
61220b3e-ecd5-4953-b810-30d098fd552c,rider,2026-06,Good driving and manners,pos,good manner and driving,,,False,False,False,False,main,qwen/qwen3.8-27b
caf5abd8-752f-4eeb-a218-94972cebdd9f,rider,2026-07,Driver caused brutal accident,neg,"driver was trying to overtake a tractor which resulted in many broken ribs, leg bones and pkastic surgery",SAFETY,5.0,True,False,True,True,main,qwen/qwen3.8-27b
caf5abd8-752f-4eeb-a218-94972cebdd9f,rider,2026-07,Customer service denied responsibility,neg,rapido customer service replied that they are not responsible for this,BAD_EXPERIENCE,3.0,False,False,True,True,main,qwen/qwen3.8-27b
0d2c5bc8-d86a-44ec-bbc7-0537fc0424f1,rider,2026-09,Good driver service,pos,good driver,,,False,False,False,False,main,qwen/qwen3.8-27b
0d2c5bc8-d86a-44ec-bbc7-0537fc0424f1,rider,2026-09,Nice cab experience,pos,nice cab,,,False,False,False,False,main,qwen/qwen3.8-27b
f19cd1b2-f949-4c94-b008-1bbbd36b0872,captain,2026-05,Unreachable customer support in emergency,neg,couldn't reach out to the customer support in case of emergency,BAD_EXPERIENCE,3.0,False,False,False,True,main,qwen/qwen3.8-27b
f19cd1b2-f949-4c94-b008-1bbbd36b0872,captain,2026-05,No cancellation charges received,neg,i never received the cancellation charges for that,EARNINGS,4.0,False,False,False,True,main,qwen/qwen3.8-27b
f19cd1b2-f949-4c94-b008-1bbbd36b0872,captain,2026-05,No option to undo actions,neg,there's no option to undo things according to our will,MINOR,2.0,False,False,False,True,main,qwen/qwen3.8-27b
f19cd1b2-f949-4c94-b008-1bbbd36b0872,captain,2026-05,Cannot undo mistaken bike boost click,neg,"I have mistakenly clicked on the bike boost option, there's no undoing it",EARNINGS,4.0,False,False,False,True,main,qwen/qwen3.8-27b
6150720f-bd36-4cf2-bf34-36428d767f16,captain,2026-06,Very low ride fares,neg,rate very cheap,EARNINGS,4.0,False,False,False,False,main,qwen/qwen3.8-27b
6150720f-bd36-4cf2-bf34-36428d767f16,captain,2026-06,Low per-km rate for 10km ride,neg,10km ride 50/60/70 rupes very cheap rate,EARNINGS,4.0,False,False,False,False,main,qwen/qwen3.8-27b
a5c8aa34-2a65-44e9-b184-20eb14c6c2ea,captain,2026-07,App does not connect riders and drivers,neg,people say they do nothing but dear rapido make a platform were you connect and earn,EARNINGS,4.0,False,True,False,False,main,qwen/qwen3.8-27b
57bf7b90-48d7-4ba8-8e85-c752a8872e35,captain,2026-08,Low per-km rate given,neg,km కి 10 కూడా ఇవ్వడం కస్టమ్ అయ్యింది వాడికి,EARNINGS,4.0,False,False,False,True,main,qwen/qwen3.8-27b
57bf7b90-48d7-4ba8-8e85-c752a8872e35,captain,2026-08,Rate reduced from 12 to 9 rupees,neg,12 రూపాయలు ఇస్తూ వెంటనే 9 చేసాడు,EARNINGS,4.0,False,False,False,True,main,qwen/qwen3.8-27b
357de6d0-d529-4c25-8140-35079629f8ae,captain,2026-09,No orders received,neg,நீ orders,EARNINGS,4.0,False,True,False,False,main,qwen/qwen3.8-27b
1369d105-61d8-474f-b791-e2797b15656d,captain,2026-10,Support helpful for family,pos,super support for my family,,,False,False,False,False,main,qwen/qwen3.8-27b
e172a1d7-1839-4d57-9185-77a5e2b89b5f,rider,2026-03,Better than competitors,pos,rapido is better than ola uber,,,False,False,False,False,main,qwen/qwen3.8-27b
62dc8b70-9d8e-4f42-88cb-50a5166ab30e,rider,2026-04,Document verification stuck,neg,under verification problem my documents,EARNINGS,4.0,False,False,False,True,main,qwen/qwen3.8-27b
0b135dad-92a8-4803-b29d-6bb8dfa6c96d,rider,2026-05,Captain was drunk while driving,neg,he drink,SAFETY,5.0,True,False,False,False,main,qwen/qwen3.8-27b
0b135dad-92a8-4803-b29d-6bb8dfa6c96d,rider,2026-05,Captain brought friends for enjoyment,neg,received me with his two friends for enjoyment,BAD_EXPERIENCE,3.0,False,False,False,False,main,qwen/qwen3.8-27b
c45cc985-27f5-4dd9-9cf6-e6cb464fae85,rider,2026-06,Smooth and pleasant driving,pos,nice drive,,,False,False,False,False,main,qwen/qwen3.8-27b
515e774b-145a-4179-882c-7c3aef73e845,rider,2026-07,Rides not accepted for loyal customers,neg,they do not accept the rides of the old customer even if our ratings are at 5,NO_RIDE,5.0,False,False,False,True,main,qwen/qwen3.8-27b
515e774b-145a-4179-882c-7c3aef73e845,rider,2026-07,Extra cash demanded for traffic charges,neg,they also charge extra dua to traffic but when we book the ride they show us the rate including the traffic charges then too they demand extra,MAJOR_LOSS,4.0,False,False,False,True,main,qwen/qwen3.8-27b
e5e1634a-06bd-4739-8e1e-454bbdfdfaab,rider,2026-08,Driver refused to cancel wrong ride,neg,auto driver telling it is not cancel the ride,MAJOR_LOSS,4.0,False,False,True,True,main,qwen/qwen3.8-27b
e5e1634a-06bd-4739-8e1e-454bbdfdfaab,rider,2026-08,Driver closed app to demand cash,neg,he closing rapido app and teeling give me 600,MAJOR_LOSS,4.0,False,False,True,True,main,qwen/qwen3.8-27b
e5e1634a-06bd-4739-8e1e-454bbdfdfaab,rider,2026-08,Driver abused rider in public,neg,abusing in cheap words in public,SAFETY,5.0,True,False,True,True,main,qwen/qwen3.8-27b
e5e1634a-06bd-4739-8e1e-454bbdfdfaab,rider,2026-08,Driver took cash instead of app payment,neg,teken 550 amount,MAJOR_LOSS,4.0,False,False,True,True,main,qwen/qwen3.8-27b
6988e197-69db-4f4b-a77d-82df07a19cf7,captain,2026-05,feeling safe and cared for,pos,feeling safe and cared for,,,False,False,False,False,main,qwen/qwen3.8-27b
6988e197-69db-4f4b-a77d-82df07a19cf7,captain,2026-05,simple greeting of the captain,pos,The simple greeting of the captain,,,False,False,False,False,main,qwen/qwen3.8-27b
1e84bfdd-95e1-439b-bafc-d5287467c677,captain,2026-06,Extra Service not cleared,neg,still i couldn't get EXTRA SERVICE i just keep on reporting about this but still there is no clearance for me,EARNINGS,4.0,False,False,False,True,main,qwen/qwen3.8-27b
1e84bfdd-95e1-439b-bafc-d5287467c677,captain,2026-06,low per-km fare in city,neg,in my city KM fare is totally less,EARNINGS,4.0,False,False,False,True,main,qwen/qwen3.8-27b
1e84bfdd-95e1-439b-bafc-d5287467c677,captain,2026-06,no incentives provided,neg,there is no insensitive too,EARNINGS,4.0,False,False,False,True,main,qwen/qwen3.8-27b
bb1162be-bcee-45ae-92de-5b0522efed9b,captain,2026-07,Customer care unresponsive,neg,customer care doesn't respond properly,BAD_EXPERIENCE,3.0,False,False,False,True,main,qwen/qwen3.8-27b
a881a30c-ffb0-498c-8c5f-ddfc080dfc2a,captain,2026-08,Illegal operation without license,neg,no license illegal run,SAFETY,5.0,True,True,False,True,main,qwen/qwen3.8-27b
6bd7ecd4-3f7d-45e9-934e-26c408f21c3b,captain,2026-10,Unable to change vehicle,neg,vehicle change karna hai par ho nhi rha hai,EARNINGS,4.0,False,False,False,True,main,qwen/qwen3.8-27b
89771151-4bb2-46e7-b949-335c1a36c5de,rider,2026-05,Fares are too high,neg,The fares are too high,BAD_EXPERIENCE,3.0,False,False,False,True,main,qwen/qwen3.8-27b
89771151-4bb2-46e7-b949-335c1a36c5de,rider,2026-05,Booking fails despite low price,neg,"It shows low prices, but the ride doesn’t get booked",NO_RIDE,5.0,False,False,False,True,main,qwen/qwen3.8-27b
d8805e2c-b9b5-47ae-bc90-f8348ab4a415,rider,2026-06,Very high prices,neg,very high prices,BAD_EXPERIENCE,3.0,False,False,False,True,main,qwen/qwen3.8-27b
d8805e2c-b9b5-47ae-bc90-f8348ab4a415,rider,2026-06,Drivers behave badly,neg,drives behave bad,BAD_EXPERIENCE,3.0,False,False,False,True,main,qwen/qwen3.8-27b
aad42f55-fdc4-4ad8-bcb3-0ca4f958bca4,rider,2026-08,absurd charges,neg,charge absurd amounts,MONEY_LOST,5.0,False,False,False,True,tiebreak_added,openai/gpt-oss-120b
9dd91369-36fd-4f71-af30-a7e20aab3a86,rider,2026-03,charged normal fares,neg,after 5 days Normal ride fares are charged,MONEY_LOST,5.0,False,False,True,False,tiebreak_added,openai/gpt-oss-120b
90b8e06c-05bb-430d-af97-68836b88121a,rider,2026-10,inaccurate bill,neg,Bill not accurate,MONEY_LOST,5.0,False,False,False,True,tiebreak_added,openai/gpt-oss-120b
b43738a4-dee0-4062-a99f-39e450aef6ba,rider,2026-04,paid no ticket,neg,Payment done but ticket not issued,MONEY_LOST,5.0,False,False,False,True,tiebreak_added,openai/gpt-oss-120b
c188ff25-3e11-4522-b280-c7809c5a59fd,captain,2026-08,no safety for drivers,neg,ड्राइवरों की कोई सुरक्षा और सम्मान नहीं है,SAFETY,5.0,True,False,False,True,tiebreak_added,openai/gpt-oss-120b
9e8618eb-8fe3-48de-8baa-38f01ef86440,rider,2026-09,double amount charged,neg,showing the double amount,MONEY_LOST,5.0,False,False,False,True,tiebreak_added,openai/gpt-oss-120b
9b93a60e-12db-4bc0-afe3-e9e5759f50e0,rider,2026-09,double charge,neg,now 50 to 60 rs which is double the charge,MONEY_LOST,5.0,False,False,False,True,tiebreak_added,openai/gpt-oss-120b
1204a991-ef18-4940-a4e5-9c86e1ef65f6,rider,2026-08,risk in emergency,neg,if anyone is in an emergency so they could die,SAFETY,5.0,True,False,False,True,tiebreak_added,openai/gpt-oss-120b
246bf77d-7991-4c56-ab7e-ea61fe858ff5,rider,2026-08,drivers harass by cancel requests,neg,A few auto drivers accept then ask the customer to cancel. This is harassment and should be curbed.,SAFETY,5.0,True,False,True,True,tiebreak_added,openai/gpt-oss-120b
50cb8e81-aa5c-41d8-8fce-7fa946566601,rider,2026-05,higher price charged,neg,charging a higher price,MONEY_LOST,5.0,False,False,False,True,tiebreak_added,openai/gpt-oss-120b
89c04e8c-cc4a-4724-972b-e21eb67f4c21,rider,2026-08,charged almost double,neg,"for a 60 rupees ride, it's charged at 99/100",MONEY_LOST,5.0,False,False,False,True,tiebreak_added,openai/gpt-oss-120b
431463f6-3dab-4824-8ef1-244d14ba7931,rider,2026-10,higher trip cost,neg,The cost of trips is higher as compared to other apps,MONEY_LOST,5.0,False,False,False,True,tiebreak_added,openai/gpt-oss-120b
3d5b6753-890b-4275-abff-12fb7bb19c0c,rider,2026-05,first ride cheap then double,neg,sirf pahili baar hi Paisa kam lagta hai uske baad me kam 2× ho jata,MONEY_LOST,5.0,False,False,True,True,tiebreak_added,openai/gpt-oss-120b
2d51cd9a-67b6-42d3-9d7a-f2b478f3378d,rider,2026-04,higher prices,neg,higher prices,MONEY_LOST,5.0,False,False,False,True,tiebreak_added,openai/gpt-oss-120b
