review_id,app,keyword_flag,keyword_categories,keyword_hits,max_seed_sim,nearest_seed,nearest_seed_category,contrast_score,similarity_flag
b84e20fc-598b-4131-b063-0876c726307c,captain,False,,,0.6218,captain ne zyada paise maange,tip,0.0013,False
20bf4321-a0b6-4c33-8a21-72a29d85681a,captain,False,,,0.5858,captain asked for a tip,tip,0.0422,True
7742f075-ffa7-49da-85e2-d15391d77cc1,captain,False,,,0.5647,captain ne zyada paise maange,tip,-0.0512,False
7ec38637-12d7-4183-a04e-22716eb9a070,captain,False,,,0.5573,captain ne zyada paise maange,tip,0.0474,True
34636b5c-a0e7-46fd-b5c1-861243aea519,captain,False,,,0.53,captain asked for a tip,tip,-0.0183,False
4a94086b-17f7-45a0-bd45-84e299a84d68,captain,False,,,0.5044,captain was driving rashly and dangerously,safety,-0.0087,False
bfb1f386-b4a9-4eb4-8b20-2d3d248c5620,captain,False,,,0.5637,driver nashe mein tha,safety,-0.069,False
c17487e4-ed3b-4c86-86bb-575d8fe9e04f,captain,False,,,0.6078,final fare was much higher than shown,money,0.1396,True
abe5ec62-cc39-4c26-9945-1cd8c59de8dc,captain,True,money,more money;wallet,0.6365,captain ne zyada paise maange,tip,0.0656,True
cfddf177-5fea-4588-b8b2-875080b1253f,captain,False,,,0.5306,captain asked for a tip,tip,-0.1233,False
8f60dc04-2252-4ea6-9159-99cddb9242d4,captain,False,,,0.5562,captain ne zyada paise maange,tip,0.0019,False
e27f83f3-5f2a-410b-a015-dc426efab0fa,captain,False,,,0.5716,charged a cancellation fee unfairly,money,0.0571,True
0d98d7d2-a9ab-4928-a4f7-48eb06899924,captain,False,,,0.5446,captain ne zyada paise maange,tip,-0.2232,False
f8ac1a6d-ac01-4c3d-aa83-86d13154b14e,captain,False,,,0.6206,captain misbehaved and used abusive language,safety,0.1491,True
e492938f-7e7d-4805-9670-03e5d25b016f,captain,False,,,0.5637,driver nashe mein tha,safety,-0.0198,False
60e058fa-3016-43c1-be91-6589302a1f73,captain,False,,,0.4977,app forced me to add a tip to get a ride,tip,-0.177,False
03554f86-cc9a-42ac-861c-ce8e51087346,captain,False,,,0.5728,captain ne zyada paise maange,tip,-0.2034,False
28e716ff-2876-4d65-a59a-d7f8152c25ac,captain,False,,,0.6342,driver nashe mein tha,safety,0.0628,True
d303ef69-2708-443b-aa6a-aafb7014e4da,captain,True,money,paisa,0.5609,money deducted from wallet without a ride,money,0.0209,False
939d5098-f4fa-40bb-b14d-39a4a910bb68,captain,False,,,0.4772,app forced me to add a tip to get a ride,tip,-0.0807,False
e17bd333-99c1-42ea-9829-6786db84ccd7,captain,False,,,0.6102,app forced me to add a tip to get a ride,tip,0.0649,True
7d358580-c293-4b87-a199-25f8ee28ddec,captain,False,,,0.6275,driver nashe mein tha,safety,-0.0503,False
9caf1c78-b8a0-4e1a-945c-f692edb628e1,captain,False,,,0.4277,I was charged extra money,money,-0.1057,False
e9babc19-3388-4c5a-ba5e-5bf0f741ef30,captain,False,,,0.4741,charged a cancellation fee unfairly,money,-0.0621,False
1ea8f7b4-ae41-4a49-add9-cc9594be4cab,captain,False,,,0.6333,money deducted from wallet without a ride,money,0.0738,True
d5805299-3035-4e6b-a331-3db41d074457,captain,True,money,deducted,0.6577,penalty deducted from captain earnings unfairly,money,0.168,True
4e1b6d3b-803d-4bee-a930-40fce1b06c09,captain,False,,,0.5187,driver nashe mein tha,safety,-0.1888,False
23c01b03-cc8d-4d04-bfb6-70d67e86f0c9,captain,False,,,0.6048,driver nashe mein tha,safety,0.0031,False
0741ddf9-e6ec-480c-af43-8f317142a692,captain,False,,,0.5523,driver nashe mein tha,safety,0.0146,False
263069d2-ee17-4415-91dd-3787655cc825,captain,False,,,0.5089,captain asked for a tip,tip,-0.1043,False
428cf777-8bb3-41be-a3c3-6c468456e00b,captain,False,,,0.6148,driver nashe mein tha,safety,-0.2046,False
f8317f60-217c-4b81-a0fc-3eaa819ff7e0,captain,False,,,0.5735,final fare was much higher than shown,money,0.0233,True
8bd2827a-f208-4209-8f9b-db60e5891558,captain,False,,,0.5319,driver nashe mein tha,safety,-0.1955,False
36817479-fa46-441b-8bb8-75164d1726f9,captain,True,money,fraud,0.6,charged a cancellation fee unfairly,money,0.0887,True
0df9bc76-16ee-4f96-9fe9-633707f7220d,captain,False,,,0.7343,driver nashe mein tha,safety,-0.1225,False
0842d494-8c61-4aab-9a04-c3f7148acafd,captain,False,,,0.5993,penalty deducted from captain earnings unfairly,money,0.0656,True
d66c26e3-3176-4585-b94e-ebe3d85f3b37,captain,False,,,0.5242,app forced me to add a tip to get a ride,tip,-0.4075,False
2a3e3828-6cee-41bc-80a4-23595bb2c580,captain,False,,,0.4809,driver nashe mein tha,safety,-0.0372,False
b7dd02f6-5c59-4b4e-8a95-88ff30633f02,captain,False,,,0.4751,money deducted from wallet without a ride,money,-0.045,False
d246dfd7-a268-4d45-ab0d-dfee110c94c7,captain,False,,,0.6503,app forced me to add a tip to get a ride,tip,0.0811,True
c4193a7d-1d6f-411b-bab2-90f5ccc49bbc,captain,False,,,0.4985,captain misbehaved and used abusive language,safety,0.031,True
d1df9ccd-af16-4916-9856-0e5a8c9b0b56,captain,False,,,0.5871,app forced me to add a tip to get a ride,tip,0.0643,True
0485920c-45bc-4279-ba84-e35e1d1d1301,captain,False,,,0.6758,driver nashe mein tha,safety,-0.0153,False
de7f72af-d851-4a2a-af3d-6f845b5f5cad,captain,False,,,0.6019,money deducted from wallet without a ride,money,0.01,False
c99c4b9b-54f9-4193-9c00-f10fbc835efd,captain,False,,,0.5269,captain ne zyada paise maange,tip,-0.1032,False
548e9013-346f-47f5-acac-ff3fd565842d,captain,False,,,0.5728,captain ne zyada paise maange,tip,-0.2034,False
3ffa7ec9-e753-40f2-9c00-c48e2b9ee009,captain,False,,,0.4644,money deducted from wallet without a ride,money,0.0197,False
5d195c38-1145-4137-89ec-713dc27a04e0,captain,False,,,0.5448,captain misbehaved and used abusive language,safety,0.0408,True
245dcc2f-fe57-4f20-a9ea-a5aba825504a,captain,False,,,0.6197,driver nashe mein tha,safety,0.0502,True
5b5f7d65-01b2-4044-97a6-a0bbbcf17068,captain,False,,,0.5134,I was charged extra money,money,0.0498,True
3d81b1c9-39ec-40cf-8357-c79f4c1a0a42,captain,False,,,0.5125,driver nashe mein tha,safety,-0.2546,False
6ecb16d8-12b5-436b-931b-c9ef978e0db1,captain,True,money,deducted,0.6131,penalty deducted from captain earnings unfairly,money,0.0269,True
ea597f75-a84c-475c-97f9-be4efd83916a,captain,True,money,wallet,0.6223,charged a cancellation fee unfairly,money,0.1506,True
e837e896-1f69-435e-b596-16c7f411e0ea,captain,False,,,0.8259,driver nashe mein tha,safety,0.0626,True
aeff6667-427f-46ca-9e90-ad4139a772bc,captain,False,,,0.5225,driver nashe mein tha,safety,-0.4519,False
50f0dadf-8a35-4c4a-b369-d95ed0585cac,captain,False,,,0.5505,captain ne zyada paise maange,tip,-0.2198,False
6fd160d2-6b43-439f-8542-249f21e2154f,captain,False,,,0.4543,driver nashe mein tha,safety,-0.1042,False
8c726174-c9ef-4047-949d-76f14a9f508f,captain,False,,,0.5871,app forced me to add a tip to get a ride,tip,-0.0324,False
8b179b4c-1240-48eb-9a65-236c2b254454,captain,False,,,0.4898,driver nashe mein tha,safety,-0.2459,False
4f4c8056-4187-4618-b960-4525eee52945,captain,True,money,deducts;wallet,0.5648,I felt unsafe during the ride,safety,0.004,False
c5d09cc1-fd3e-4665-90fc-5e2c31bed5d0,captain,True,money,cheating;paisa,0.6338,app forced me to add a tip to get a ride,tip,0.029,True
97df0e23-14e5-4106-bda4-83749b23ea53,captain,False,,,0.4836,money deducted from wallet without a ride,money,-0.1274,False
584c3df5-a78f-44e8-9408-2bd404ae0517,captain,False,,,0.6789,driver nashe mein tha,safety,-0.0005,False
0d238454-1ff8-4e32-855c-ba619a524a51,captain,False,,,0.6188,app forced me to add a tip to get a ride,tip,0.0467,True
d98ee442-e0da-437c-8c14-dca6e693d050,captain,False,,,0.4897,refund not received,money,-0.0939,False
445cc9ea-eb7b-4d80-9d2b-db2f3fb09267,captain,False,,,0.5361,charged a cancellation fee unfairly,money,-0.0712,False
98563ef8-feab-4db1-8890-6c3bd4d086a8,captain,False,,,0.6206,driver nashe mein tha,safety,-0.0491,False
e2256b07-d0ec-4c21-afb5-aa16c2b485e4,captain,False,,,0.5088,app forced me to add a tip to get a ride,tip,-0.344,False
5e729ea2-84ab-42f0-af43-a8da91dec66b,captain,False,,,0.5827,driver nashe mein tha,safety,-0.0863,False
5eb3c0e0-4031-4afa-a68e-cf9b3557423f,captain,False,,,0.5104,refund not received,money,0.0385,True
811e583e-4422-46f9-a8c1-b550f3bba742,captain,False,,,0.5778,driver nashe mein tha,safety,-0.0243,False
2fbd24a4-5621-4386-a726-37a418c46272,captain,False,,,0.5448,refund not received,money,0.0408,True
8d61efb5-f68e-4bec-89d7-a2144fe84d9c,captain,False,,,0.6318,captain ne zyada paise maange,tip,0.0048,False
e2e6da04-5f12-49b1-8ec1-08f6b0c5ff1e,captain,False,,,0.6267,app forced me to add a tip to get a ride,tip,0.0628,True
2191f8b5-2756-4adf-8b13-43b70691a3b4,captain,False,,,0.6099,app forced me to add a tip to get a ride,tip,-0.03,False
258d7fae-fb0e-46e6-9c5e-4f220ecfc1dd,captain,False,,,0.5749,refund not received,money,0.1463,True
a91e1fed-1185-4fb3-8d29-6465dc908b51,captain,False,,,0.6598,money deducted from wallet without a ride,money,0.0957,True
c810d9f6-89f5-4904-bdda-6dca2d7447fb,captain,False,,,0.6501,customer threatened and abused the captain,safety,0.0314,True
fcb1f1cc-d8f3-44d3-8edf-dad7a70865d9,captain,False,,,0.6435,app forced me to add a tip to get a ride,tip,0.0,False
f9a3419a-131e-4f51-ba1c-e30099e0d64d,captain,True,money,fraud,0.5368,customer threatened and abused the captain,safety,0.1474,True
4b8ebf0b-ae8b-453a-b575-8f3d62f4aee1,captain,False,,,0.6171,captain ne zyada paise maange,tip,0.0254,True
c686d683-06ac-4a1a-af0b-c4f032b6bd79,captain,False,,,0.5394,app forced me to add a tip to get a ride,tip,-0.1438,False
c00b8c8c-aae4-4c40-baae-ee341cdec0d3,captain,False,,,0.5492,app forced me to add a tip to get a ride,tip,-0.0902,False
0d49dfcc-6663-4c9a-a444-54f5ec7beb9c,captain,False,,,0.5927,captain ne zyada paise maange,tip,-0.1728,False
06da685c-78b0-4bfb-84d9-cd8ac0184937,captain,False,,,0.6623,app forced me to add a tip to get a ride,tip,0.1181,True
f38bb723-2e51-4291-96a2-f0a0ceee04b8,captain,False,,,0.5991,customer threatened and abused the captain,safety,-0.0204,False
6250d5e3-c55e-47a3-a449-faab12e79565,captain,False,,,0.5178,driver nashe mein tha,safety,-0.1765,False
a19fbc6a-ce31-499b-abd6-fed8adfa05d7,captain,False,,,0.5493,driver nashe mein tha,safety,-0.27,False
eac768e3-9b66-46a2-b0e0-5de29e074a25,captain,False,,,0.4356,driver nashe mein tha,safety,-0.0454,False
6b6cdc46-ac58-45da-bae8-eef8d640f3af,captain,False,,,0.5446,captain ne zyada paise maange,tip,-0.2232,False
3b8e4065-d267-4dfa-9b7c-c04163e624e1,captain,False,,,0.5108,captain ne zyada paise maange,tip,-0.2046,False
9228474a-86ad-487b-8b18-30fd7ab58e4a,captain,False,,,0.5839,driver nashe mein tha,safety,0.0711,True
8356ca6c-8c31-4b06-a2a7-b336839e2190,captain,False,,,0.4812,money deducted from wallet without a ride,money,-0.0937,False
b8185e83-43e1-4d44-b928-f108ec07c490,captain,False,,,0.5821,refund not received,money,0.1211,True
735a893b-aaed-4ade-afc5-5b1bedfa7b2d,captain,True,safety,accident,0.734,driver nashe mein tha,safety,0.0813,True
426828e5-07d8-4cce-9efc-0596710c49bf,captain,False,,,0.5728,captain asked for a tip,tip,-0.2028,False
c575e1a4-06e5-4662-a748-547182420bdb,captain,False,,,0.5358,captain ne zyada paise maange,tip,-0.2162,False
416de1cc-655a-4947-8f79-554f8f6f6754,captain,False,,,0.5682,customer threatened and abused the captain,safety,0.0356,True
c8dcee34-48b3-4d18-bb0f-a5c7dd40aa7c,captain,False,,,0.5496,charged a cancellation fee unfairly,money,-0.0157,False
0452fe0c-a758-4a6c-b9e5-b88dc7a77819,captain,True,safety,unsafe,0.6186,app forced me to add a tip to get a ride,tip,0.001,False
9e4dfcaa-8429-43a8-957c-01afcc85f9ab,captain,True,money,paise,0.6825,app forced me to add a tip to get a ride,tip,-0.0105,False
ca4257bd-5d7f-4c2f-b084-aa071c9694d5,captain,False,,,0.5804,driver nashe mein tha,safety,-0.092,False
fb6307b8-3f08-41a9-99ab-d9808485ea53,captain,False,,,0.5104,driver nashe mein tha,safety,-0.1569,False
f75425a0-689c-4f17-8e44-17ff622d5534,captain,False,,,0.5453,captain asked for a tip,tip,-0.2232,False
75f823a6-0199-4342-bc6c-286aeac78e28,captain,False,,,0.5447,driver nashe mein tha,safety,-0.0715,False
1f798412-7750-4bda-8193-f682b86872db,captain,False,,,0.6411,driver nashe mein tha,safety,0.0212,True
249868f8-53e5-47aa-a790-5d04d96116b4,captain,False,,,0.4977,captain ne zyada paise maange,tip,-0.2385,False
5974c902-7966-4ac0-8e35-49889d492c03,captain,False,,,0.4697,driver nashe mein tha,safety,-0.2574,False
883ff590-09a4-470e-a3c6-373dea9c8927,captain,False,,,0.6275,captain ne zyada paise maange,tip,-0.3725,False
b2e1eee1-57f9-43fa-9a54-cb1fde445659,captain,False,,,0.6188,driver nashe mein tha,safety,0.0704,True
8c551896-1f97-44c1-9b7c-06d85aa49e53,captain,False,,,0.6984,captain ne zyada paise maange,tip,-0.0882,False
ee3b6046-93c6-4481-aeb1-783dd7523687,captain,False,,,0.5121,captain touched me inappropriately,safety,-0.0026,False
a0f6d585-6f14-43f9-9430-5157ef4422f8,captain,True,money,cheat;fraudulent,0.5916,paid but the ride never happened,money,0.0511,True
a7cdec77-7017-45fc-bd55-dee79c896be4,captain,False,,,0.549,captain ne zyada paise maange,tip,-0.0911,False
9532d409-a8ea-4680-8d64-fdce897382f2,captain,False,,,0.4798,app forced me to add a tip to get a ride,tip,-0.2371,False
61691289-c184-42f7-bc76-d2c03de725c4,captain,False,,,0.6385,captain ne zyada paise maange,tip,-0.0461,False
1071effe-c511-48af-bcd7-4dfb8e53b8d7,captain,False,,,0.6246,captain ne zyada paise maange,tip,-0.2517,False
0dac65a4-cb97-4cf2-b2db-5dfdd4f211f6,captain,False,,,0.5134,captain ne zyada paise maange,tip,-0.217,False
9bb78825-8b60-49dc-b544-7ca5d654705a,captain,True,money,cancellation charge,0.6192,app forced me to add a tip to get a ride,tip,-0.0544,False
07c45528-eea2-4698-b5c5-d245fff17203,captain,False,,,0.5205,driver nashe mein tha,safety,-0.1289,False
64bfdb4a-8277-4d64-9b47-93fb45a7bcaf,captain,False,,,0.519,I was charged extra money,money,0.011,False
61b9f651-bb7f-4df5-a9f7-d8f9cc262825,captain,False,,,0.5913,driver nashe mein tha,safety,-0.0082,False
7be7cdf3-90ad-48c1-8e28-4560d1c5ad27,captain,False,,,0.4939,driver nashe mein tha,safety,0.0232,True
b36d740b-0a68-4b2a-be8a-5f98f05a2403,captain,False,,,0.798,captain ne zyada paise maange,tip,0.1211,True
8b53eb13-c357-4bd8-94de-a6d8b7b0d700,captain,False,,,0.6309,captain ne zyada paise maange,tip,-0.2092,False
bbb7f26f-b4c5-4f46-9e6c-4557e9638ba8,captain,False,,,0.5513,I felt unsafe during the ride,safety,0.0854,True
92cb5f25-6d70-4f3a-ba84-d48307a1927b,captain,False,,,0.5567,captain asked for a tip,tip,-0.1273,False
c4c03016-d946-46ec-b3de-ff0ec7471664,captain,False,,,0.6495,driver nashe mein tha,safety,-0.0304,False
a6c2a292-bccb-43aa-97a4-af8e2ffd70da,captain,False,,,0.6304,driver nashe mein tha,safety,-0.1995,False
5e696f99-839e-42d4-a45d-8b7f023491b2,captain,False,,,0.4473,captain misbehaved and used abusive language,safety,0.069,True
c49cff71-8fa6-4b6f-8831-871f9ae34299,captain,False,,,0.5595,app forced me to add a tip to get a ride,tip,-0.0706,False
9b59e4e8-e108-4dc2-8199-2f0b52605b1a,captain,False,,,0.6479,captain ne zyada paise maange,tip,-0.2011,False
4ffe78f4-fa79-46dc-99dc-154c218507b3,captain,False,,,0.7396,captain ne zyada paise maange,tip,0.1157,True
5f95ddde-a8a5-4b3b-9d8c-647246763bb4,captain,False,,,0.6089,captain ne zyada paise maange,tip,-0.022,False
37fcf4f1-2aa4-4c9c-ba5f-e8f1cef75301,captain,False,,,0.6728,no helmet was given for the bike ride,safety,0.0862,True
80c43149-eebd-4e84-a78d-f6f0b46446cf,captain,True,money,deduction;wallet,0.6834,money deducted from wallet without a ride,money,0.1169,True
52283d39-bd1d-4011-a291-5edfdbec3bab,captain,False,,,0.5325,captain asked for a tip,tip,-0.1723,False
5f7eef4f-9e6b-4e23-9cf0-15fd58b7b726,captain,False,,,0.5957,money deducted from wallet without a ride,money,0.0787,True
de47de9e-fc1c-40b1-a47e-fb838c77083f,captain,False,,,0.6176,charged a cancellation fee unfairly,money,0.0646,True
5e79f39e-bf2a-47b0-b551-eb97aaa2a8cf,captain,False,,,0.5329,refund not received,money,0.0431,True
b29b492a-884f-4d93-8bb0-28c232be0469,captain,True,money,penalty;refund,0.6395,charged a cancellation fee unfairly,money,0.1664,True
c9e506aa-a980-4c1f-920c-806faf3fa664,captain,False,,,0.543,driver nashe mein tha,safety,-0.1035,False
6747f841-559e-4f54-be38-6b55d5409e53,captain,False,,,0.6004,app forced me to add a tip to get a ride,tip,0.0436,True
2ee165b1-f1b3-498a-9026-458009bb90f0,captain,False,,,0.5882,captain ne zyada paise maange,tip,-0.0793,False
262df5b5-5bb6-4141-a0bf-fd978ed3e40c,captain,False,,,0.4852,app forced me to add a tip to get a ride,tip,-0.1425,False
c2945a46-7fef-4292-97d3-bd3a416c725b,captain,False,,,0.5705,captain ne zyada paise maange,tip,0.1125,True
fa0ddf9c-aeed-41e9-9574-0c1d3dfe69c9,captain,False,,,0.6097,I was charged extra money,money,0.0533,True
f24bad29-1210-43f0-aa68-6c68b72eb620,captain,False,,,0.6412,driver nashe mein tha,safety,-0.0544,False
873dae0e-de7e-46d9-8722-72f22de65c12,captain,False,,,0.6486,captain ne zyada paise maange,tip,0.0885,True
bedc033e-594d-4f01-9515-38adcfea8745,captain,False,,,0.5695,I felt unsafe during the ride,safety,-0.0778,False
0251b238-c1ae-4b04-a76c-2170dfdbaa60,captain,False,,,0.5594,refund not received,money,0.1326,True
0db13450-d707-447b-93cb-5a8251237fa0,captain,False,,,0.548,I was charged extra money,money,0.1083,True
fba1bf32-63af-4f4c-af6f-2345b8bfa523,captain,False,,,0.5549,driver nashe mein tha,safety,0.0345,True
851c7904-79f4-4d5d-9068-cdf20b605d8c,captain,True,safety,बदतमीज,0.6171,driver nashe mein tha,safety,0.0784,True
3879d283-defc-46ae-9189-5fe791f79c25,captain,False,,,0.6205,driver nashe mein tha,safety,0.0179,False
b0b01dae-4f7f-4599-9fe2-e27f364283b0,captain,False,,,0.5964,driver nashe mein tha,safety,-0.0138,False
bde171fe-467f-45f4-b581-7e4d952f024b,captain,False,,,0.5514,app forced me to add a tip to get a ride,tip,-0.0153,False
405f7462-ad86-43ea-bd7b-dcca80d620d1,captain,False,,,0.6674,captain ne zyada paise maange,tip,0.0867,True
ab32fae6-1ce8-4c25-9724-94e49fea1431,captain,True,money,fraud,0.5246,charged a cancellation fee unfairly,money,-0.02,False
c468176e-1158-46e5-bf0d-778ebbbb7873,captain,False,,,0.5392,captain asked for a tip,tip,-0.1078,False
9c309639-3dfb-43af-a74c-4bc96d1417c8,captain,False,,,0.6747,captain ne zyada paise maange,tip,-0.1499,False
53a9586e-173b-4370-ab5f-6284fce6186a,captain,False,,,0.6068,refund not received,money,0.1628,True
6ea51cae-7303-45b1-ad1c-0e6806b28fa0,captain,False,,,0.5042,driver nashe mein tha,safety,-0.1932,False
fd6ea3fe-6b86-4eb6-9477-2a9ca01a6e3a,captain,False,,,0.4147,captain misbehaved and used abusive language,safety,-0.0371,False
5eca0938-8d0a-4a9b-bfa0-aa1cde02afe9,captain,False,,,0.6434,captain ne zyada paise maange,tip,0.0504,True
c658936f-9343-4553-a867-142847a6dbd7,captain,False,,,0.5566,captain asked for a tip,tip,0.0121,False
43fc3407-4fb4-46bc-9c7c-385c2b46faa5,captain,True,money,fraud,0.5474,charged a cancellation fee unfairly,money,-0.0233,False
c7bedbdf-3f41-4d41-9cc7-f8fe489f941a,captain,False,,,0.5767,money deducted from wallet without a ride,money,-0.0469,False
7cddaaa1-0695-4ba2-99d8-a0baf5f54de7,captain,False,,,0.5636,money deducted from wallet without a ride,money,-0.0044,False
3515727b-8e97-4c76-a26b-83fee8f08a38,captain,False,,,0.6838,driver nashe mein tha,safety,0.0742,True
2aaa911e-4641-4060-b1f0-6c0f89e28846,captain,False,,,0.4565,captain misbehaved and used abusive language,safety,0.0631,True
0d0491d6-b237-497d-aa8a-da4ef6b933e0,captain,False,,,0.5015,refund not received,money,0.0569,True
ebabf36b-d400-4204-99c3-f2dc8370a977,captain,False,,,0.6178,penalty deducted from captain earnings unfairly,money,0.0278,True
f6b353ea-9b7b-44fd-a46c-a329d9c40cec,captain,False,,,0.5915,captain asked for a tip,tip,-0.034,False
d8adfa32-df79-4800-92db-99b61ce5e292,captain,False,,,0.4832,captain ne zyada paise maange,tip,-0.0898,False
c8f3665b-2693-4f35-9b72-4a032c6ee8d8,captain,False,,,0.523,refund not received,money,0.0238,True
11fd40c0-a6c9-48f6-86d6-06d4d8e9c1ca,captain,False,,,0.62,charged a cancellation fee unfairly,money,0.0797,True
0065dc49-4c68-4119-b6e5-009329de1fc2,captain,False,,,0.6788,captain was driving rashly and dangerously,safety,-0.0212,False
f7f67f0a-4831-4b4e-93ef-a7b9817e4da9,captain,False,,,0.495,refund not received,money,0.0184,False
38ce5cd8-07e6-429c-af48-5c12a2445a8b,captain,False,,,0.5827,final fare was much higher than shown,money,0.0417,True
a50649df-e97b-4e28-9807-b67662302827,captain,False,,,0.5442,captain ne zyada paise maange,tip,-0.1362,False
8f7460fc-c5bb-4871-b65c-8d582cfb1271,captain,False,,,0.6125,app forced me to add a tip to get a ride,tip,0.1203,True
ef04d272-1a45-420b-8c40-fde106dc4450,captain,False,,,0.5732,final fare was much higher than shown,money,-0.083,False
46e75a73-732d-4d0e-9878-50fdc6157cc6,captain,False,,,0.5583,captain asked for a tip,tip,-0.1266,False
d85d28e4-9331-4ce9-9af9-eb01eef9ba8b,captain,False,,,0.5074,refund not received,money,0.0075,False
8b389e37-171b-4910-9fb6-01c61f88c988,captain,False,,,0.4695,app forced me to add a tip to get a ride,tip,0.0335,True
67228936-a162-4055-8076-01fde0b86e82,captain,True,money,paise,0.6285,my earnings or incentive were not paid,money,0.079,True
939cf9dc-b710-4971-8d19-64f10883263a,captain,True,money,refunded;scam,0.6047,charged a cancellation fee unfairly,money,0.062,True
6104ba19-2503-437d-afb0-6bc8d468eca5,captain,True,money,पैसे,0.5488,captain ne zyada paise maange,tip,-0.1793,False
05140578-db98-4e37-ae14-c13419193803,captain,False,,,0.5024,app forced me to add a tip to get a ride,tip,-0.3762,False
cb180212-63ac-4f7d-81e7-04c8f39f7b32,captain,False,,,0.527,driver nashe mein tha,safety,-0.0489,False
5f697592-4292-43ad-ac1e-d0f24b70bf0d,captain,False,,,0.5075,driver nashe mein tha,safety,-0.1854,False
071ea257-f315-456e-bbb3-04edc53f3515,captain,False,,,0.5986,driver nashe mein tha,safety,-0.0586,False
0342f526-3444-498c-9719-602df16bdd4d,captain,False,,,0.658,charged a cancellation fee unfairly,money,0.1129,True
fe758909-3899-4353-9f4d-c299ecb30eb7,captain,False,,,0.5476,final fare was much higher than shown,money,0.0168,False
ba282a8e-b521-485e-a652-fd09b397589f,captain,False,,,0.4902,captain ne zyada paise maange,tip,-0.187,False
012b4776-9a0c-413f-bc59-db823c6ef93f,captain,False,,,0.6398,driver nashe mein tha,safety,0.0437,True
86367860-0f01-4d04-9d24-46b41ec661c7,captain,False,,,0.5291,driver nashe mein tha,safety,-0.2255,False
a5f1f7be-6ee4-48c1-8ade-4a24f3a9f7d6,captain,False,,,0.655,captain ne zyada paise maange,tip,-0.2292,False
a8e52cd5-d017-4d6e-a72f-3a073f927dec,captain,False,,,0.492,captain touched me inappropriately,safety,-0.0354,False
8cf4690f-a2d5-45de-9125-e9f5dbd681b5,captain,False,,,0.5277,driver nashe mein tha,safety,0.0568,True
f1bccad2-f00e-4aed-afc2-be1c4591c06d,captain,False,,,0.5035,refund not received,money,-0.0323,False
a2b8c303-3c6a-4d9f-9de1-de743b3a71be,captain,False,,,0.519,refund not received,money,-0.0018,False
77afa3c8-c83c-4222-90d5-0f3ed6698e91,captain,False,,,0.5163,driver nashe mein tha,safety,0.0532,True
825930c2-6e5b-454f-b123-ee7be07ebe8b,captain,False,,,0.6018,driver nashe mein tha,safety,0.0689,True
9f2cc6f3-6520-43a6-8814-f412d76199aa,captain,True,money,paisa,0.6124,captain ne zyada paise maange,tip,0.1281,True
26680ba8-5d39-40de-926b-02727eb52520,captain,True,money,pese,0.5391,captain ne zyada paise maange,tip,0.0679,True
8f3552a0-34d6-40bf-8a16-48cecf15b908,captain,False,,,0.4986,driver nashe mein tha,safety,-0.1086,False
b4846e5f-0387-48ee-be17-364bff0be18b,captain,False,,,0.5296,my earnings or incentive were not paid,money,0.0621,True
b65f1951-0168-4f5a-bef4-20af6d4bd4c0,captain,False,,,0.6392,driver nashe mein tha,safety,0.018,False
315dd71b-187d-4c24-956a-4215cbf6608e,captain,False,,,0.6673,I felt unsafe during the ride,safety,0.145,True
d8a5795b-c2a2-4abc-889f-535ff1777382,captain,False,,,0.5255,driver nashe mein tha,safety,0.0497,True
f6ed015f-8731-406c-8def-2c18f032dda1,captain,False,,,0.594,driver nashe mein tha,safety,0.0115,False
9a96b4e0-2ec4-47cd-b995-1ec95fefed9d,captain,False,,,0.5615,charged a cancellation fee unfairly,money,0.0835,True
069fa81a-2f9f-433a-b4f6-800834d067df,captain,False,,,0.561,money deducted from wallet without a ride,money,0.0985,True
65ebd73e-7c2d-478b-b4f3-dcc900834fd7,captain,False,,,0.5116,driver nashe mein tha,safety,-0.0144,False
32422937-da6d-433a-9452-1a5c1856d3ea,captain,False,,,0.6386,captain ne zyada paise maange,tip,-0.132,False
36315234-cd08-415b-b0c3-0ba07f8d9cdc,captain,False,,,0.5058,money deducted from wallet without a ride,money,-0.069,False
44876c79-241b-464b-a1b7-a813fbb7f26f,captain,False,,,0.5451,charged a cancellation fee unfairly,money,0.0894,True
7158acfb-50e9-474e-8e05-c354cefce90a,captain,False,,,0.5744,captain asked for a tip,tip,0.002,False
9c569fa6-c2bf-4d50-ab0c-1d659d019e31,captain,False,,,0.5946,captain ne zyada paise maange,tip,-0.1802,False
b547bca2-fbce-4b30-b717-a5be51cf9fe7,captain,False,,,0.5355,I felt unsafe during the ride,safety,0.074,True
7ac7839e-fb5f-4755-9ea5-738f175c67df,captain,False,,,0.5422,charged a cancellation fee unfairly,money,0.0201,False
0b73e007-d5e3-4793-82b3-6c336e63b968,captain,False,,,0.6969,we had an accident during the ride,safety,0.1535,True
7e77a1df-7ffc-4086-9ad1-819720428e13,captain,False,,,0.6283,driver nashe mein tha,safety,0.0596,True
e37bdcee-2564-443e-bbdc-05a462838a96,captain,False,,,0.5398,captain misbehaved and used abusive language,safety,0.0341,True
d3a63a3e-fe02-4756-add6-a01ef99c8a2f,captain,False,,,0.5857,paid but the ride never happened,money,0.0962,True
c65a62d8-09b9-451f-b202-13ba7a36114d,captain,False,,,0.5087,driver nashe mein tha,safety,-0.0198,False
38b68108-d829-4bc5-9599-3bdb07a3f5b5,captain,False,,,0.5652,penalty deducted from captain earnings unfairly,money,0.094,True
273e48a1-aad3-41ea-9d4b-145f6f8d5eda,captain,False,,,0.5748,driver nashe mein tha,safety,0.0428,True
d83b0c37-2f38-466d-a322-4736d24e8d64,captain,True,money,paise,0.6577,captain ne zyada paise maange,tip,0.0272,True
ecb3a04a-903c-4ffc-9975-38c25ce9c75f,captain,False,,,0.5331,captain misbehaved and used abusive language,safety,0.0231,True
4ebae8d9-c1f4-4579-8870-975a30becf72,captain,False,,,0.5399,refund not received,money,0.0999,True
b1d7c8ce-78d4-43af-8c67-a1559017489a,captain,False,,,0.494,driver nashe mein tha,safety,-0.1646,False
f63c0cd3-dcf6-424f-9cc0-4566bc8f37bb,captain,False,,,0.5068,app forced me to add a tip to get a ride,tip,-0.2599,False
3b444dc4-f514-4860-97e3-bdd64172cc04,captain,False,,,0.709,money deducted from wallet without a ride,money,0.1602,True
dfd5082f-e528-4482-a7c0-fea8e1bd7e02,captain,False,,,0.5582,customer threatened and abused the captain,safety,0.0752,True
c4a33c5d-f9e8-4e46-b6fc-05822534f10d,captain,True,money,fraudsterss,0.5421,driver nashe mein tha,safety,0.0265,True
25e43233-8925-457f-8e80-ea133fc69c27,captain,False,,,0.5794,refund not received,money,0.0464,True
84fcfb77-e402-4a67-b2a1-d64ce398fa35,captain,False,,,0.5057,app forced me to add a tip to get a ride,tip,-0.32,False
f63a94d9-f855-44d4-b98e-83d09fd117e7,captain,False,,,0.5758,driver nashe mein tha,safety,0.0556,True
015dd1ea-48a3-4645-8b74-deaf110ddbc7,captain,False,,,0.6076,charged a cancellation fee unfairly,money,0.0678,True
23559315-c98c-473d-83bb-aeded70ceead,captain,False,,,0.5723,driver nashe mein tha,safety,-0.0132,False
9d34b3ed-15b6-4dec-bb5e-8f57432d846a,captain,False,,,0.4745,captain misbehaved and used abusive language,safety,-0.1068,False
a1b8b7b3-14e1-4ebb-bfdc-3bc7053af6fe,captain,False,,,0.5345,money deducted from wallet without a ride,money,0.1267,True
ed5c22ee-2979-43ba-baf0-642d412f92f8,captain,False,,,0.5341,refund not received,money,-0.0397,False
40bef2fb-3800-4f9f-b974-a2ec89a24591,captain,False,,,0.5523,driver nashe mein tha,safety,0.0146,False
19b92b11-2651-42c4-b736-49ed6fde0c66,captain,False,,,0.6082,paid but the ride never happened,money,0.0582,True
82886c80-b343-436c-aad6-06ace2b5a3b2,captain,False,,,0.5329,driver nashe mein tha,safety,-0.1758,False
19044a18-ef23-481e-8f9c-13e914413b51,captain,False,,,0.5433,charged a cancellation fee unfairly,money,0.0604,True
ffd65137-2c3a-4bd8-8b93-29a42dd79f57,captain,False,,,0.4882,driver nashe mein tha,safety,-0.0601,False
f8f47f45-cc80-465b-bf41-19804c027d72,captain,False,,,0.566,money deducted from wallet without a ride,money,0.0723,True
4c0d5ddc-dd23-42e4-a325-81c55dd7408e,captain,False,,,0.4977,app forced me to add a tip to get a ride,tip,-0.2983,False
9ce12bdd-9a36-44b5-83c1-c788a7a8e750,captain,False,,,0.5135,paid but the ride never happened,money,0.0701,True
dbea753f-6eec-4b8f-85ab-f4970bae096a,captain,False,,,0.5338,refund not received,money,0.0353,True
d47eb188-8da6-4951-a5f0-82f7e801719f,captain,False,,,0.4694,money deducted from wallet without a ride,money,0.1006,True
1b1fa742-cd25-4286-8749-0d6c3418de7e,captain,False,,,0.4783,app forced me to add a tip to get a ride,tip,-0.068,False
aac1b304-1259-4cc0-8282-567424a6a889,captain,False,,,0.6607,refund not received,money,0.1212,True
03cef4ee-c6f0-4450-b0de-36beaac1f7d2,captain,False,,,0.529,captain ne zyada paise maange,tip,-0.1665,False
e76b9bbc-c9f3-4f3d-aa9a-2ef9af9f267d,captain,False,,,0.4908,captain asked for a tip,tip,0.0191,False
cf5dcbe6-2442-4b06-9830-758e9fbac724,captain,True,money,paisa,0.6256,driver nashe mein tha,safety,0.0314,True
c56709cf-71e3-4667-8692-6f777c4d98ec,captain,False,,,0.5322,driver nashe mein tha,safety,-0.0059,False
e53eebf7-b871-44bd-85f8-d084977e7da0,captain,False,,,0.555,captain misbehaved and used abusive language,safety,0.1136,True
e9e216e0-7b6e-45ca-90b9-820510b89cef,captain,False,,,0.528,driver nashe mein tha,safety,-0.2121,False
2da3fa8a-577b-47d3-9435-6835b1f1d4b7,captain,False,,,0.7127,driver nashe mein tha,safety,0.0387,True
c6e68e4e-53a5-4b0c-91be-af4ecfff28de,captain,False,,,0.6944,captain ne zyada paise maange,tip,0.0863,True
a700b0c2-4c06-44b0-824d-255dc7d4e344,captain,False,,,0.4675,charged a cancellation fee unfairly,money,-0.0138,False
cbea23f9-fee8-4de2-aaa3-9c851eef6b70,captain,False,,,0.557,money deducted from wallet without a ride,money,-0.0812,False
5ba30889-74f8-4a0e-84a9-e49dbd5b4470,captain,False,,,0.562,my earnings or incentive were not paid,money,0.0904,True
0b024774-e509-440b-b290-1a64600b4629,captain,False,,,0.6878,captain asked for a tip,tip,0.0519,True
d29ab8ee-e888-406a-ba0b-4df1e96d5d90,captain,False,,,0.5284,app forced me to add a tip to get a ride,tip,-0.0608,False
1fab130e-896a-4da6-9e5d-ff69c5feb9d6,captain,False,,,0.5684,app forced me to add a tip to get a ride,tip,-0.1151,False
0f6a3b91-266f-46f5-a49e-1dd38d9f8ea2,captain,False,,,0.5523,driver nashe mein tha,safety,0.0146,False
f219a45b-8c64-4fc5-b470-80bbff3abfc3,captain,False,,,0.5398,captain touched me inappropriately,safety,-0.0129,False
9edea601-5561-424c-8459-f0c70c3a7205,captain,True,money,fraudulent,0.5691,app forced me to add a tip to get a ride,tip,0.0314,True
42b4dcc6-a0bd-4036-8128-a4ebcce5e6e3,captain,True,money,paisa,0.6597,captain ne zyada paise maange,tip,-0.0945,False
45fb9b20-f2f7-4113-b0e7-2ceb7031f877,captain,False,,,0.4819,refund not received,money,0.074,True
c0c2b51d-3088-4151-b4d3-1a25b848f727,captain,False,,,0.5114,driver nashe mein tha,safety,-0.274,False
910a70d7-a730-4770-aeef-f631dcf894f3,captain,False,,,0.5201,app forced me to add a tip to get a ride,tip,-0.192,False
2ffd79c4-c28c-4db1-a7f8-7ff0330d6711,captain,False,,,0.5421,captain misbehaved and used abusive language,safety,-0.0226,False
acb7d2a0-3f5a-4c4f-b260-fac0d488d3f9,captain,False,,,0.5316,we had an accident during the ride,safety,-0.0597,False
4117b5ad-435b-445d-8e86-f2eb8e20e9f9,captain,False,,,0.5446,captain ne zyada paise maange,tip,-0.2232,False
c06aed89-24af-4ebb-b4d0-be1588ab98c9,captain,False,,,0.6038,we had an accident during the ride,safety,0.1186,True
fc4302a6-4964-4d3a-9c22-eeb9482617c2,captain,False,,,0.6489,charged a cancellation fee unfairly,money,-0.0611,False
2aec49d8-ed0a-41db-b0ca-2d9a197a7f8a,captain,False,,,0.5819,driver nashe mein tha,safety,-0.0027,False
9b80d87f-cb87-4a57-b0fa-eacc910b7c13,captain,False,,,0.5493,driver nashe mein tha,safety,-0.0821,False
80cd29ee-1822-40a2-be68-da2569eac74d,captain,False,,,0.4644,driver nashe mein tha,safety,0.0485,True
a27cad48-0472-45a5-ae9f-1fec9399a1f9,captain,False,,,0.5632,driver nashe mein tha,safety,-0.1427,False
ca93561b-e610-4220-b4ab-53e63652f739,captain,False,,,0.5777,captain ne zyada paise maange,tip,-0.1117,False
f19fa592-b7a1-44b7-a7a9-16ebf6643a98,captain,False,,,0.6033,driver nashe mein tha,safety,-0.1045,False
76577a37-da2f-4165-84ea-a032c5549f99,captain,False,,,0.6353,captain ne zyada paise maange,tip,-0.1581,False
47f995c7-310e-4c09-9320-cb6a0a70c843,captain,False,,,0.4996,captain was driving rashly and dangerously,safety,0.0754,True
d979f763-c588-4504-90a1-3f4099d1ab39,captain,False,,,0.5558,paid but the ride never happened,money,0.0016,False
f0f4dddd-4b1d-4d68-b2e2-2f0f4900e6a5,captain,False,,,0.4999,refund not received,money,-0.0019,False
4941105b-e324-4c34-9c54-10c6efb000ec,captain,False,,,0.4992,refund not received,money,0.022,True
987dc6ea-4a85-4e5e-8a58-2d2b31b1314b,captain,True,money,deducting,0.6312,app forced me to add a tip to get a ride,tip,-0.0137,False
94c8b643-bfbe-4308-9c98-4484371a3ab1,captain,False,,,0.5013,charged a cancellation fee unfairly,money,0.0164,False
973f9ef0-39ef-4423-b8be-b80d14e26da0,captain,False,,,0.4344,refund not received,money,-0.0204,False
8f0349b8-e52b-41a0-91a7-84ab482e8ab1,captain,False,,,0.6205,captain ne zyada paise maange,tip,-0.168,False
c018ed57-f694-412c-8f47-5aefdd7f8753,captain,False,,,0.5272,charged a cancellation fee unfairly,money,0.0332,True
b29d43f5-ca74-4403-b67b-f97e59aab510,captain,False,,,0.5971,captain ne zyada paise maange,tip,-0.0163,False
4e3c5d92-fae1-4b02-8a71-498c70b3d522,captain,False,,,0.4587,my earnings or incentive were not paid,money,0.1046,True
97318450-ff56-4a2c-91d4-5a49dfda3ab3,captain,False,,,0.5837,captain ne zyada paise maange,tip,-0.3497,False
6b201ae8-1a19-40aa-aafd-00358d60ae00,captain,False,,,0.5345,app forced me to add a tip to get a ride,tip,-0.1689,False
44937326-b310-46c6-b349-a484582bc05d,captain,False,,,0.6343,captain ne zyada paise maange,tip,-0.0336,False
c3742411-c6fb-4dcc-a434-6015fcdac0d6,captain,False,,,0.5421,captain misbehaved and used abusive language,safety,-0.0226,False
1986303d-2d23-4985-bbea-116dd281dd38,captain,False,,,0.5559,app forced me to add a tip to get a ride,tip,-0.1841,False
13f12de2-83c0-4815-ada7-835c3903e04d,captain,False,,,0.4961,charged a cancellation fee unfairly,money,-0.1674,False
951dae6f-fb33-49d8-a58a-997f825704eb,captain,False,,,0.7448,captain misbehaved and used abusive language,safety,0.0469,True
a03cc3a7-33b2-4b88-b86a-6f2e57ce81eb,captain,False,,,0.6196,driver nashe mein tha,safety,0.0498,True
f2f6fcb0-945f-497b-b145-8f8cbcb18a2f,captain,True,money,wallet,0.6377,paid but the ride never happened,money,0.091,True
b8d9ebd2-b6fa-4e7e-87d4-98ad46dbbbc6,captain,False,,,0.5125,driver nashe mein tha,safety,-0.2546,False
d42dc1c0-4be4-4dfa-baeb-38fe60edc6b9,captain,False,,,0.5123,captain ne zyada paise maange,tip,-0.1389,False
bd8a14a6-2ace-4136-b21a-1444213fe2d2,captain,False,,,0.6335,refund not received,money,0.1282,True
261f74aa-88cb-4842-8862-8951697faf6a,captain,False,,,0.6119,captain ne zyada paise maange,tip,-0.1655,False
49897573-00fd-414b-9871-c1720659b3cf,captain,False,,,0.561,refund not received,money,0.0975,True
83be8616-9a8a-48fd-8bf1-6ddaffde51b0,captain,False,,,0.516,app forced me to add a tip to get a ride,tip,0.052,True
5f5c88b8-899b-4d9e-968d-ce24006911f5,captain,False,,,0.4798,captain asked for a tip,tip,-0.2539,False
dbd63722-baed-428e-b59b-0a2e5bacfa90,captain,False,,,0.6205,driver nashe mein tha,safety,-0.0128,False
5af3de06-da78-444e-a79b-6b505ac82509,captain,False,,,0.4887,driver nashe mein tha,safety,-0.1162,False
1c9ca12b-7dc1-4bea-9783-4b201b1cdf4f,captain,False,,,0.5569,refund not received,money,0.1064,True
69f8a89b-5897-447e-90fd-28ad2d8e1763,captain,False,,,0.4754,driver nashe mein tha,safety,-0.1736,False
948fe38f-7e82-4092-8a02-d4936b5062d3,captain,False,,,0.5752,captain asked for a tip,tip,0.0007,False
b7a9c25e-4138-4e87-ae8b-9e05fb1b8df3,captain,False,,,0.5184,app forced me to add a tip to get a ride,tip,-0.1545,False
7f9465b6-d42e-4464-a482-1e7ceafdc6d7,captain,False,,,0.6071,captain ne zyada paise maange,tip,0.0272,True
c8b53dfc-1206-4876-b80a-703f3cd7d2bf,captain,False,,,0.5213,app forced me to add a tip to get a ride,tip,-0.2487,False
698c4c6d-cab2-4bfa-925c-3844adbdaf72,captain,False,,,0.4458,captain asked for a tip,tip,-0.1276,False
5555f1a0-f738-4355-b3e2-91d2653fa9a5,captain,False,,,0.5466,refund not received,money,0.0036,False
026f44a7-50b9-4068-9dc5-4835f3240846,captain,False,,,0.5962,captain ne zyada paise maange,tip,-0.3587,False
72dfb0fc-11f4-464f-99f8-21c3fd7dcb83,captain,False,,,0.5959,customer threatened and abused the captain,safety,0.0386,True
f3c87962-bd6a-4e13-897b-4ef1cf04b590,captain,False,,,0.5421,driver nashe mein tha,safety,-0.1335,False
2d3dc2f4-e911-40af-ab99-1899d7763562,captain,False,,,0.5335,captain ne zyada paise maange,tip,-0.2691,False
111dac61-7e6f-4af3-bfd3-5f54d3acba71,captain,False,,,0.4656,money deducted from wallet without a ride,money,-0.1095,False
f0ee0905-d777-4d65-962f-41ac0868f84a,captain,False,,,0.5026,penalty deducted from captain earnings unfairly,money,-0.0269,False
3dbcfdbb-ffb6-4ae8-ae45-d0956d9973b9,captain,False,,,0.6089,refund not received,money,-0.0023,False
c9d637f7-8c02-41af-a86d-cd64c48881b9,captain,False,,,0.6643,captain ne zyada paise maange,tip,0.1006,True
0f4a6ba8-fde3-41e8-96d3-2c922dadf174,captain,False,,,0.5347,captain asked for a tip,tip,-0.1178,False
7ee394cd-8fa3-4c78-8c20-98108746438b,captain,False,,,0.628,final fare was much higher than shown,money,0.1026,True
3dbe6979-ac73-4f80-8ed7-2ec01a25759f,captain,False,,,0.5584,I felt unsafe during the ride,safety,0.0487,True
de699fe5-8b6e-4cab-bb45-6deb9ea14eba,captain,False,,,0.5133,captain asked for a tip,tip,-0.2002,False
063b203c-96df-42b1-8e32-2a4daf14d3a1,captain,False,,,0.5918,captain ne zyada paise maange,tip,0.0015,False
2cf2e4b2-1c23-4e8f-8f1f-3961ad6ae527,captain,False,,,0.708,charged a cancellation fee unfairly,money,0.1839,True
ca119ecb-effc-497f-9856-befd14728a8a,captain,False,,,0.5192,app forced me to add a tip to get a ride,tip,-0.1934,False
f3d4c91b-f664-4ba0-adc7-2f9457d4a63b,captain,False,,,0.7161,money deducted from wallet without a ride,money,0.1046,True
899537be-f87f-4f6d-80af-e51270b5118b,captain,False,,,0.6122,driver nashe mein tha,safety,-0.0174,False
456dc16f-5131-414d-bd0e-6a2e85918d81,captain,False,,,0.5883,captain ne zyada paise maange,tip,-0.0272,False
4181ddea-ee3e-463d-9efc-85f0f1fc04cb,captain,False,,,0.6739,captain ne zyada paise maange,tip,-0.1785,False
cd657c2d-1676-4013-92da-979ebcd93dd9,captain,False,,,0.5508,app forced me to add a tip to get a ride,tip,-0.1134,False
af99c836-da0e-4f7a-b990-e63e6bfc3441,captain,False,,,0.5981,driver nashe mein tha,safety,-0.0567,False
77a58835-a77d-488e-8762-ee0d80270697,captain,False,,,0.5659,driver nashe mein tha,safety,-0.0495,False
dae7987e-e330-49f9-a9e9-8499b8a24054,captain,False,,,0.6247,captain ne zyada paise maange,tip,0.074,True
66c553e8-daed-415a-a937-29119478a1a1,captain,False,,,0.5734,driver nashe mein tha,safety,-0.2523,False
fa65e2af-01de-4200-ba25-e47731be6eae,captain,False,,,0.5774,driver nashe mein tha,safety,-0.1634,False
293d7bbe-5afd-4792-bcfd-aeb5499949f5,captain,False,,,0.5103,driver nashe mein tha,safety,-0.2392,False
e9b58e0f-ff7f-4fd7-9e36-c5f8eef58b62,captain,False,,,0.6216,driver nashe mein tha,safety,-0.1722,False
47c9b8d2-c2c2-495d-bce2-42a821a0ecdb,captain,False,,,0.604,charged a cancellation fee unfairly,money,0.1094,True
cfd0fc39-599a-4057-abff-747a1e561d7e,captain,False,,,0.6263,app forced me to add a tip to get a ride,tip,-0.0606,False
d7ff62b7-a691-47e3-9e7f-8c5f6b56ccaa,captain,False,,,0.5532,captain ne zyada paise maange,tip,-0.1495,False
0b0bb4fe-c59e-4a9c-ad00-a8c2be5dc898,captain,False,,,0.503,app forced me to add a tip to get a ride,tip,-0.3254,False
8c8482e8-0707-4cdf-9794-a02721944b1b,captain,False,,,0.4834,captain ne zyada paise maange,tip,-0.1355,False
d7ec2251-efe0-465e-a86f-5906bcee2a98,captain,False,,,0.5743,app forced me to add a tip to get a ride,tip,-0.1484,False
05de5442-c19b-4359-b860-773b53e3e3cb,captain,False,,,0.5098,app forced me to add a tip to get a ride,tip,-0.0014,False
fbd29c1c-e8b6-4927-a602-e864be3fa3d0,captain,False,,,0.5961,driver nashe mein tha,safety,-0.135,False
5f629d5e-4235-4e58-ae0f-1cc1469d7227,captain,True,safety,accident;badtameezi;gali;nasha,0.6967,we had an accident during the ride,safety,0.1443,True
ec360313-7220-4f38-8ebf-b52784566997,captain,False,,,0.5546,driver was drunk,safety,-0.0398,False
8d4eebf2-6768-48c6-bacd-a0e6701c20c5,captain,False,,,0.5738,captain ne zyada paise maange,tip,-0.2327,False
e0ece3a6-1a17-4ba7-9b32-c2a734811277,captain,False,,,0.5181,app forced me to add a tip to get a ride,tip,-0.0393,False
a7e499a6-d21a-4d87-b5cb-84ea617081cb,captain,False,,,0.5334,driver nashe mein tha,safety,-0.1356,False
2f2b9e71-9c17-45fd-a8a2-dce9d199c75b,captain,False,,,0.5264,captain asked for a tip,tip,0.0292,True
b484ee27-d271-4790-ab63-dc4a8c5f3578,captain,False,,,0.4878,penalty deducted from captain earnings unfairly,money,-0.2058,False
bb307978-9bf6-4f1f-bff8-39503ec45ad1,captain,False,,,0.6789,final fare was much higher than shown,money,0.1449,True
2a6d1786-e9f9-4af6-bf18-90d0303e48ee,captain,False,,,0.5229,captain asked for a tip,tip,-0.2762,False
9260796f-bede-4f4f-8939-058a458a474e,captain,True,money,paise,0.6455,captain ne zyada paise maange,tip,0.0072,False
44d9a6e0-0812-457a-a37d-f559dfdbed6c,captain,False,,,0.5695,app forced me to add a tip to get a ride,tip,-0.2008,False
6887e00f-bb1e-4598-b8d2-9612baa03fb5,captain,False,,,0.3591,captain asked for a tip,tip,-0.0117,False
9081c1c5-de8d-483f-9aa2-f35f1accb56e,captain,False,,,0.5595,captain was driving rashly and dangerously,safety,0.0163,False
859c53ca-f6ad-49aa-99d3-8470649f39ed,captain,False,,,0.5247,driver nashe mein tha,safety,0.0412,True
30077a5a-09aa-4e84-8dcd-396d1cc3193f,captain,False,,,0.5822,captain ne zyada paise maange,tip,-0.1727,False
e9bfdd17-a8d0-4049-b29f-188fdbda6539,captain,False,,,0.5181,refund not received,money,0.0914,True
c78920a8-9bd5-4f23-b51e-23bf9152190b,captain,True,money,pesa;pese,0.5973,app forced me to add a tip to get a ride,tip,0.0092,False
cefe9f1c-b8a1-44d0-9f7a-8956f13e4de0,captain,False,,,0.6287,final fare was much higher than shown,money,0.052,True
c8fe411b-e750-483a-b650-6717de81f1bc,captain,False,,,0.5334,captain ne zyada paise maange,tip,-0.1087,False
ac4fce42-4b3a-414c-8f4c-e880105fb36f,captain,False,,,0.6416,captain asked for a tip,tip,0.0267,True
496a2e20-2476-440c-acaf-581012eb066f,captain,False,,,0.5906,money deducted from wallet without a ride,money,0.0818,True
a7f237d8-2ce8-4ede-a7a6-34182a94215e,captain,True,tip,tip,0.6993,app forced me to add a tip to get a ride,tip,0.1615,True
5fd8a315-754b-4b7b-9342-b72f24d80eb8,captain,False,,,0.5948,driver nashe mein tha,safety,-0.0337,False
d312da59-a32e-4287-b13a-9572e2235384,captain,False,,,0.5658,driver nashe mein tha,safety,-0.0245,False
3fbadff3-6207-4227-81a9-a477e40a247e,captain,True,money,extra money;more money,0.7053,app forced me to add a tip to get a ride,tip,0.1035,True
9411763d-4442-4f4a-bb67-264b0278331d,captain,False,,,0.5732,driver nashe mein tha,safety,0.0491,True
4df42cb1-4edf-4184-99ec-27db87e3fa21,captain,False,,,0.5686,captain ne zyada paise maange,tip,-0.0325,False
5a5d9e77-b112-42b5-87ee-8173a5c76bdb,captain,True,money,extra amount,0.6481,final fare was much higher than shown,money,0.1367,True
f4a16fe0-b50c-4778-8a95-8c6235a1518e,captain,False,,,0.514,driver nashe mein tha,safety,-0.2498,False
b60822bb-c1ef-4bf0-96ec-f7f0604f92f7,captain,False,,,0.5477,I felt unsafe during the ride,safety,0.0343,True
6571ad5c-5ce4-45e2-8744-beaed706c6d6,captain,False,,,0.4864,captain asked for a tip,tip,-0.0905,False
e72d9cad-cf7e-4f0c-a8e4-82374b97e1f1,captain,False,,,0.5666,driver nashe mein tha,safety,-0.0601,False
f5150e1a-2f93-438a-a728-7e5bf2124d36,captain,False,,,0.5071,captain asked for a tip,tip,0.0294,True
95753dfe-8bcc-47fd-b64e-dcf2edb509d5,captain,True,money,paise,0.7151,captain ne zyada paise maange,tip,0.0489,True
2db4921b-8961-45e2-94a3-9d8164fe765c,captain,False,,,0.6867,captain touched me inappropriately,safety,0.0632,True
1e9cf9d4-1f0d-4541-9fee-6869d03166d8,captain,False,,,0.7471,captain ne zyada paise maange,tip,0.0571,True
62ab779c-d526-4460-9ec3-adc7b9c5727b,captain,False,,,0.5701,driver nashe mein tha,safety,-0.053,False
004550eb-901b-4ba2-8d72-6502f874cdee,captain,False,,,0.5334,driver nashe mein tha,safety,-0.1356,False
f41f02bd-2523-4587-9fa0-4eaec6e70aff,captain,False,,,0.4972,refund not received,money,0.1055,True
ff653136-44fd-416e-ab13-cce2dc545114,captain,False,,,0.5634,captain asked for a tip,tip,-0.026,False
9d5fd14d-97ec-4dc4-a7d4-f3f61b42b964,captain,False,,,0.5163,driver nashe mein tha,safety,-0.0161,False
ec12d902-b14e-4076-a8e6-ad9ebb569904,captain,False,,,0.6226,app forced me to add a tip to get a ride,tip,-0.2252,False
b9093d35-5068-4bc9-9164-428a50cc3dec,captain,False,,,0.4417,money deducted from wallet without a ride,money,-0.0126,False
3b23a07a-d1f0-4b2d-acc4-8b66fedce2a7,captain,False,,,0.498,app forced me to add a tip to get a ride,tip,-0.3367,False
2e3cbdac-c192-4fc6-a152-1fd01ce85be7,captain,False,,,0.4963,captain asked for a tip,tip,-0.0243,False
16c83ba0-36c5-4a2b-8c3a-4b4c66d61f16,captain,False,,,0.584,driver nashe mein tha,safety,-0.1188,False
c9c3e7e1-7866-42d0-9a63-1b2c6da4953b,captain,False,,,0.7591,my earnings or incentive were not paid,money,0.3323,True
49ee94e5-0a24-4ca2-bbc3-6db3713a692b,captain,False,,,0.6568,driver nashe mein tha,safety,0.0422,True
a22f779b-2726-46be-9786-304294bf1361,captain,False,,,0.517,captain asked for a tip,tip,-0.1375,False
35a71423-7559-41a5-a429-a1c2efabf0cf,captain,False,,,0.6658,final fare was much higher than shown,money,0.1915,True
1ced327f-30f2-4591-90b4-ba1a27ba7691,captain,False,,,0.4707,driver nashe mein tha,safety,-0.1542,False
a1e2844d-1788-49ba-9c5d-06273144c207,captain,False,,,0.6102,final fare was much higher than shown,money,0.0755,True
6988e197-69db-4f4b-a77d-82df07a19cf7,captain,False,,,0.5468,captain asked for a tip,tip,-0.0987,False
892a84b5-b687-4010-a0d2-273dc630356d,captain,False,,,0.5138,driver nashe mein tha,safety,-0.2382,False
13788bc4-cba5-4540-b204-13841b20ac6b,captain,False,,,0.5237,captain ne zyada paise maange,tip,-0.0827,False
647e3171-b938-4e0a-a408-a9df68990612,captain,False,,,0.5281,app forced me to add a tip to get a ride,tip,-0.3691,False
5c1bc0b1-95f8-44f9-bfbf-05f168f41da8,captain,False,,,0.5939,captain ne zyada paise maange,tip,-0.1646,False
c4bb04f4-3b3f-4ced-993e-b99cf59fbfb6,captain,False,,,0.5645,driver nashe mein tha,safety,0.0222,True
3136ec10-6188-4ec3-a730-e16eaf4c6438,captain,False,,,0.6574,I felt unsafe during the ride,safety,0.2109,True
df00a536-9d5b-4f38-9182-7c9651ac5e30,captain,False,,,0.6292,driver nashe mein tha,safety,-0.06,False
a6374e5e-9a22-49fe-9a22-92f365564d41,captain,False,,,0.5795,captain ne zyada paise maange,tip,-0.3175,False
0d100e78-0c0f-43cd-b419-6e294c650fea,captain,False,,,0.515,captain ne zyada paise maange,tip,-0.1393,False
fdb10576-04a1-44a5-9d9c-a479ecf9b02d,captain,False,,,0.5793,refund not received,money,0.0377,True
5e493fa3-04c1-4a3f-98d9-928724585a1c,captain,False,,,0.4648,captain ne zyada paise maange,tip,-0.1871,False
fd122242-2dcf-4436-b24e-a2abb9d13d45,captain,False,,,0.5498,app forced me to add a tip to get a ride,tip,-0.0084,False
c659c2cf-4dea-4346-8723-2314ca43ad4b,captain,False,,,0.6334,driver nashe mein tha,safety,-0.0361,False
51205a52-94cf-4ae8-a191-625d50e8abf3,captain,True,money,paise;pese,0.5848,captain asked for a tip,tip,0.0384,True
5b1d28b0-0518-49d3-8c95-7661b1c2c6c0,captain,False,,,0.5648,app forced me to add a tip to get a ride,tip,-0.2993,False
6caa8e29-8638-4788-ba03-d511255dd621,captain,False,,,0.6417,penalty deducted from captain earnings unfairly,money,-0.0233,False
f4b0f5ed-918a-4d0c-ac3f-f12a5d99a178,captain,False,,,0.7541,driver nashe mein tha,safety,0.0441,True
1a6367a9-c5fc-48cf-9376-06e4376b7229,captain,False,,,0.5698,final fare was much higher than shown,money,0.0331,True
d16a0b12-138b-4f87-a7dc-ae963f6d4254,captain,False,,,0.6001,driver nashe mein tha,safety,-0.0564,False
7a2e2bf1-14d9-4dd4-9b50-ec5be57f4af2,captain,False,,,0.5618,captain ne zyada paise maange,tip,-0.1328,False
b97bf11e-bc5a-4117-b0ac-79da2b758444,captain,False,,,0.5677,captain ne zyada paise maange,tip,0.0436,True
09e5461e-c155-40ff-add0-3bf64ce7278f,captain,False,,,0.4923,final fare was much higher than shown,money,-0.1435,False
8a0794a4-0e2e-48d4-b557-74f4a4a4a8ac,captain,False,,,0.7277,driver nashe mein tha,safety,0.0745,True
3021bc6d-66a8-4490-9002-6599ddd39f5f,captain,True,money,fraud,0.5941,charged a cancellation fee unfairly,money,0.0254,True
3778acce-d7bb-48ca-9444-fd70cc6232a4,captain,False,,,0.5859,captain ne zyada paise maange,tip,-0.0623,False
19cfc2c3-9b39-4a58-b6d7-3bebb3f0211c,captain,False,,,0.5378,captain ne zyada paise maange,tip,-0.1506,False
ec0a41e1-c4dc-4eb8-8b8a-0f7d33ab994d,captain,False,,,0.5055,captain asked for a tip,tip,-0.1097,False
5bf5517e-4746-49f0-9a4f-f65dfc6cae2d,captain,False,,,0.5714,driver nashe mein tha,safety,-0.0242,False
32f472fa-0fc3-4068-be4c-87156038cd40,captain,False,,,0.5993,penalty deducted from captain earnings unfairly,money,-0.0278,False
ff611d34-018f-46e7-aefb-217ae1325805,captain,False,,,0.6878,captain asked for a tip,tip,0.0347,True
b70295d8-dc0d-4d96-86e1-04609175c00e,captain,False,,,0.5238,driver nashe mein tha,safety,-0.1538,False
32133857-c4fc-4f93-86ee-304807031cb2,captain,False,,,0.4538,my earnings or incentive were not paid,money,-0.0483,False
422766b0-ebbf-4f3b-a259-0c2e71184047,captain,True,money,cheater;cheating,0.6064,app forced me to add a tip to get a ride,tip,0.0034,False
44e6b925-99b4-47ce-bbef-b336ac0894e6,captain,False,,,0.5316,driver nashe mein tha,safety,-0.1645,False
65d8c5b6-2c69-4549-842f-8c86cea8200c,captain,False,,,0.5311,captain ne zyada paise maange,tip,-0.3436,False
604749a8-fffd-4595-afe9-97b9def064d9,captain,False,,,0.4285,captain ne zyada paise maange,tip,-0.149,False
625eb154-21eb-4057-a367-e8af2e0ad50f,captain,False,,,0.6512,captain ne zyada paise maange,tip,0.0816,True
a5bb2ebc-be7b-4466-bcfb-c10e63c2bc3c,captain,False,,,0.5863,my earnings or incentive were not paid,money,0.0795,True
41030433-ba36-4ffe-89bd-60c347069802,captain,True,safety,misbehaved,0.6056,captain misbehaved and used abusive language,safety,0.1992,True
013aafce-fc48-4208-ba78-36f1a121bb24,captain,False,,,0.4899,captain touched me inappropriately,safety,0.0022,False
349888da-8b08-49ef-b34e-5719e5a721e5,captain,False,,,0.5859,driver nashe mein tha,safety,0.0808,True
2414be94-53f3-486f-8227-4b47d970730b,captain,False,,,0.5068,charged a cancellation fee unfairly,money,-0.137,False
e181db21-f348-4b8f-8a70-c6e33e7679fe,captain,False,,,0.5931,I felt unsafe during the ride,safety,0.0359,True
dae5dfa9-2bc1-48ac-8c2c-8e8947907a57,captain,False,,,0.5119,driver nashe mein tha,safety,-0.128,False
0e1069ff-7360-46fc-b8ae-8840c805adf5,captain,False,,,0.4725,app forced me to add a tip to get a ride,tip,-0.0473,False
6cdeca9a-cb3c-4a06-ac73-5747975bf570,captain,False,,,0.7136,driver nashe mein tha,safety,0.0782,True
cf4c3e07-5aff-4eef-98e1-7a600216f52b,captain,False,,,0.522,driver nashe mein tha,safety,-0.0903,False
bb620cd6-0df6-4c1a-9089-33312f692b54,captain,False,,,0.6352,app forced me to add a tip to get a ride,tip,0.0933,True
ac1ad8e6-905a-4ec2-ab27-85d8d83c14f8,captain,False,,,0.5645,driver nashe mein tha,safety,-0.0538,False
579eb49f-9c6c-4d68-b094-dbf1444f5447,captain,False,,,0.4784,customer threatened and abused the captain,safety,0.0068,False
e7d7ffa6-9679-4b70-af3c-e046715c59e0,captain,False,,,0.4384,driver nashe mein tha,safety,-0.0565,False
b7640ada-3346-49b0-b5ab-18223f58a3ca,captain,False,,,0.682,captain asked for a tip,tip,0.0565,True
6d0d0af9-0020-4443-9dd7-d341d089291f,captain,True,money,more money,0.6246,captain ne zyada paise maange,tip,-0.0171,False
2735da3a-8890-44ef-93cb-33b4bb8248ec,captain,False,,,0.6314,refund not received,money,0.0719,True
71998668-6b30-4217-a62f-d6ae1d3aeb9b,captain,True,safety,not safe,0.8497,driver was drunk,safety,0.0777,True
431ce5f3-81f0-4fce-b228-523ae03f1bdc,captain,False,,,0.5409,I was charged extra money,money,0.0648,True
978bb15b-86f4-44d7-8317-e86e71836533,captain,False,,,0.697,captain ne zyada paise maange,tip,0.115,True
5c09b2e4-fe53-4e67-afd9-4b56c8d0c4dc,captain,False,,,0.7405,driver nashe mein tha,safety,0.0227,True
3d0e4dab-b4cd-4374-9531-014db30d37aa,captain,False,,,0.5207,driver nashe mein tha,safety,0.0812,True
9a9ea51b-88f7-4d80-8d2a-241070407d74,captain,False,,,0.5615,driver nashe mein tha,safety,-0.0402,False
20933e2c-6feb-4070-a91a-5dc54230cf95,captain,False,,,0.5662,app forced me to add a tip to get a ride,tip,-0.1866,False
d22b3569-2d79-4309-8099-fd377e29b80c,captain,False,,,0.5918,captain asked for a tip,tip,0.022,True
d8c04041-bba7-41e7-8811-19f3f04c8fe8,captain,True,money,paisa,0.7412,driver nashe mein tha,safety,0.049,True
478fbe97-1d01-40f8-8ab1-f4c967c1d3a6,captain,False,,,0.5607,captain asked for a tip,tip,-0.195,False
eb9801de-7a25-4506-a262-3a2a3073cb27,captain,False,,,0.5709,app forced me to add a tip to get a ride,tip,-0.0229,False
94d69be1-0987-4cb0-9ee6-7f77206c286a,captain,False,,,0.6366,driver nashe mein tha,safety,0.0393,True
9d2d6c5a-e175-4f04-8fae-e42f1ea4a198,captain,False,,,0.5561,driver nashe mein tha,safety,-0.1981,False
98487329-5e83-4d44-aaf9-cff6ee3a934b,captain,False,,,0.5183,driver nashe mein tha,safety,-0.0278,False
1b2f0a27-b6dc-413d-b05a-fd68c46c9bf4,captain,False,,,0.6349,driver nashe mein tha,safety,0.0499,True
1216eb65-9cfe-44ad-9980-5459f93700bd,captain,False,,,0.5288,driver nashe mein tha,safety,-0.0476,False
12793900-848c-400f-ac7a-91d4ca38a0ac,captain,False,,,0.5529,captain ne zyada paise maange,tip,0.0398,True
6eff3983-ee30-4faa-bc08-94d7a3d58b78,captain,True,money,fraud,0.6112,charged a cancellation fee unfairly,money,0.0572,True
24216200-2443-40f3-82ce-b940e30fa9ed,captain,False,,,0.6014,captain ne zyada paise maange,tip,-0.1418,False
bc99bc91-12c7-4287-98fd-97c3e02d11de,captain,False,,,0.5844,driver nashe mein tha,safety,-0.1369,False
7d4a8564-9dbe-4420-9f11-5cc1a61d11b4,captain,False,,,0.6125,app forced me to add a tip to get a ride,tip,0.0292,True
8f8dda5a-98b2-4e2c-9440-e93df6241780,captain,False,,,0.5979,my earnings or incentive were not paid,money,0.1665,True
99923073-874b-4cf0-b79e-ef9ff6a5c990,captain,False,,,0.6203,captain misbehaved and used abusive language,safety,0.0582,True
c96d2454-fd7a-4547-a6d7-fd59f244fdda,captain,False,,,0.5714,refund not received,money,0.059,True
0cee6eff-cfb1-4ceb-aaa3-3f66ae56209c,captain,True,money,fraud,0.5706,driver nashe mein tha,safety,-0.1244,False
d8acec52-a885-42d4-bb42-5b29dc9ddff6,captain,False,,,0.5602,driver was drunk,safety,-0.0688,False
8c9ea814-63cb-414e-ad60-1004f67a0918,captain,True,safety,abuse,0.5637,customer threatened and abused the captain,safety,-0.0084,False
e37ee3bd-706f-496b-8589-128bad0056fc,captain,False,,,0.6581,charged a cancellation fee unfairly,money,0.0463,True
f1a41ecc-2e7f-4faf-b20a-ed0358ebcca0,captain,False,,,0.5209,driver nashe mein tha,safety,-0.1172,False
73c0812c-92e4-4ee8-9e3f-caaa971f8be4,captain,False,,,0.6776,captain misbehaved and used abusive language,safety,0.0989,True
229280d6-c510-4e61-ac69-a6ab466a3947,captain,False,,,0.5402,charged a cancellation fee unfairly,money,0.0168,False
27c8ed02-ea5c-44b1-b00b-8e71f08335f5,captain,False,,,0.5483,money deducted from wallet without a ride,money,-0.1043,False
dd51740e-5ab5-4766-b985-00c4091c25fb,captain,True,money,fraud,0.5238,charged a cancellation fee unfairly,money,-0.0495,False
2b624f4d-1c24-4768-aa4e-17b9fd227189,captain,False,,,0.5774,driver nashe mein tha,safety,-0.0076,False
2ac8132c-cc85-471d-a0d7-221bb7264301,captain,False,,,0.6246,app forced me to add a tip to get a ride,tip,0.1012,True
078f01ac-3dc5-4e3e-b2be-531a3bfa9423,captain,False,,,0.5737,refund not received,money,0.0819,True
674dfd61-4553-4349-9643-612b89905eb5,captain,False,,,0.5203,captain asked for a tip,tip,-0.2028,False
ac494ddd-89a3-4e51-9fce-112dfa5c7f9c,captain,False,,,0.5161,app forced me to add a tip to get a ride,tip,-0.0028,False
3f15fd65-d49d-4e91-be85-523f0f1598c0,captain,False,,,0.5665,captain ne zyada paise maange,tip,-0.1099,False
eee3fdfc-7c6b-49f2-bd48-c37fd2964017,captain,False,,,0.6953,captain ne zyada paise maange,tip,0.0174,False
f21c9a65-650e-4c98-885d-93f01a6a6642,captain,False,,,0.582,final fare was much higher than shown,money,-0.0394,False
7ee0e915-b3f5-41ec-ae79-7e4ada0bea1b,captain,False,,,0.5406,captain ne zyada paise maange,tip,-0.1696,False
1dbe6197-0dc3-4d05-9aac-a86606dd2d20,captain,False,,,0.6375,app forced me to add a tip to get a ride,tip,0.031,True
1a5f2194-ee7c-4220-8008-8651bf9bbe13,captain,False,,,0.554,captain ne zyada paise maange,tip,0.0268,True
697ed7de-cc2c-4f22-a3c4-aca9af062a4f,captain,False,,,0.5127,refund not received,money,0.017,False
9755152f-cf19-4c66-a5f5-a0b69c59d0de,captain,False,,,0.6746,captain ne zyada paise maange,tip,0.08,True
a7c4fdf7-ed26-44e5-bbcb-463552f8cd2e,captain,False,,,0.5952,captain ne zyada paise maange,tip,-0.2185,False
15621a0d-2e07-42e5-bc45-6b3284c7db8b,captain,False,,,0.611,final fare was much higher than shown,money,0.0238,True
daf22699-e143-4759-bee4-114ad0cb80a9,captain,False,,,0.5582,app forced me to add a tip to get a ride,tip,0.0637,True
47fe1485-ad10-4d6b-9ee9-3676acbfce98,captain,True,money,penalty,0.5813,penalty deducted from captain earnings unfairly,money,-0.0111,False
784823ac-8424-4b67-8219-c15b0dabc2e3,captain,False,,,0.583,driver nashe mein tha,safety,-0.1642,False
ea8dff9f-79e6-43f1-ac23-112bb417d9ee,captain,False,,,0.5649,app forced me to add a tip to get a ride,tip,-0.1095,False
afcff35d-6152-405b-b0f9-d4e655778c2d,captain,False,,,0.5056,driver nashe mein tha,safety,-0.2629,False
ad7964b5-7f97-448d-8917-666ff7261037,captain,False,,,0.5048,refund not received,money,0.1287,True
499ce15d-3c9f-47e6-824c-7892b9d9ee08,captain,False,,,0.5487,refund not received,money,0.1229,True
fc0a9ca8-8028-42e5-9c7b-901f41fa7358,captain,False,,,0.5002,money deducted from wallet without a ride,money,-0.0682,False
89e01a27-9b0f-4b55-9ed8-91afe7cf7c35,captain,False,,,0.5641,refund not received,money,0.0531,True
826a0aef-04f0-47cb-9d4a-6f8cbf0705a6,captain,False,,,0.5357,final fare was much higher than shown,money,-0.2071,False
fae01f3d-2e00-45b5-988e-f3763b793666,captain,False,,,0.5337,refund not received,money,0.1493,True
9c1574f7-14a6-42e9-9e16-0a0bc8b6c13e,captain,False,,,0.7118,driver nashe mein tha,safety,-0.0987,False
0c3c298e-96a1-4b46-b29d-67900047de27,captain,False,,,0.6521,captain ne zyada paise maange,tip,-0.0074,False
16039d9f-8d1e-4315-b896-6cff06f90268,captain,False,,,0.6674,driver nashe mein tha,safety,-0.0694,False
89b47292-59d8-4261-b581-86375efdb569,captain,False,,,0.5089,captain ne zyada paise maange,tip,0.0282,True
48eacc1e-83ed-4ab3-9f8e-40365d3f41d1,captain,False,,,0.5957,refund not received,money,0.182,True
f19cd1b2-f949-4c94-b008-1bbbd36b0872,captain,False,,,0.6145,charged a cancellation fee unfairly,money,0.1042,True
be4b57b4-2d9e-4cab-8f4b-28b8cc0dadd8,captain,False,,,0.6281,I felt unsafe during the ride,safety,0.0624,True
5031651c-4812-4fae-a7d5-10cdd60b4d96,captain,False,,,0.5233,money deducted from wallet without a ride,money,-0.0882,False
cc017fa2-4e05-4f0d-950d-0d9169e2e9e7,captain,False,,,0.4868,charged a cancellation fee unfairly,money,-0.0332,False
303752e3-2608-4207-8061-6ad4ae24317a,captain,False,,,0.4792,money deducted from wallet without a ride,money,0.0575,True
3a5f9195-a996-4758-9465-9fdc1caf97f3,captain,False,,,0.5203,refund not received,money,0.0683,True
6d6377ca-377a-421a-9c3f-71f015f4eb96,captain,False,,,0.5699,customer threatened and abused the captain,safety,-0.0136,False
5dd38f8a-797b-4b6e-a9c3-e3d8f726c831,captain,False,,,0.4928,my earnings or incentive were not paid,money,-0.1141,False
e90c826a-4929-4b46-8c7e-a60f7214d479,captain,False,,,0.7146,we had an accident during the ride,safety,-0.0343,False
0b45b686-d2b1-49e1-94d1-3a23101282d0,captain,False,,,0.5533,captain misbehaved and used abusive language,safety,-0.0004,False
7ef6b6f1-a55b-4fd7-9185-dc4d404b1c8a,captain,False,,,0.5344,driver nashe mein tha,safety,-0.0117,False
a89a646d-e632-4ced-bcab-ef5c12124956,captain,False,,,0.5003,app forced me to add a tip to get a ride,tip,-0.3098,False
150ad64d-d438-498a-9045-77fbd323736d,captain,False,,,0.5559,I was charged extra money,money,-1e-04,False
49a25ccb-fe34-454a-b0d3-b83743629e5b,captain,False,,,0.661,I felt unsafe during the ride,safety,0.0709,True
49b9dfc9-7a8a-46ca-81cc-b96ae61a1ad6,captain,False,,,0.5032,driver nashe mein tha,safety,0.0075,False
e3604b2b-2ddc-457d-afcc-997e5f247367,captain,False,,,0.5659,captain ne zyada paise maange,tip,-0.04,False
76777fce-6846-4998-8655-45101efe241b,captain,False,,,0.5239,captain ne zyada paise maange,tip,-0.1265,False
efaa56f7-4139-47db-9afb-3b8511e15842,captain,True,money,fraud,0.6504,penalty deducted from captain earnings unfairly,money,0.0981,True
c63931d4-7fc7-4ff8-bdeb-0a8b46163c47,captain,False,,,0.4454,driver nashe mein tha,safety,-0.0688,False
d3b17002-4428-4ef3-8e88-03704c46480e,captain,False,,,0.6088,customer threatened and abused the captain,safety,-0.0116,False
2228f3fa-f0f0-40a4-b86b-6b55748ac1a3,captain,False,,,0.6403,refund not received,money,0.0353,True
4cc25de1-1f5d-44f3-86c1-a8686603e8dc,captain,False,,,0.6841,captain ne zyada paise maange,tip,-0.1959,False
09e5b4ef-db8c-4dfa-99e8-7761388c9ec3,captain,False,,,0.7497,captain ne zyada paise maange,tip,0.0695,True
484df8db-02bd-4cdf-8326-b618ab89eb42,captain,True,money,fraud,0.6029,my earnings or incentive were not paid,money,0.0955,True
b4814c8e-c97f-4242-8ff7-238c934bcf08,captain,True,money,scam,0.5049,charged a cancellation fee unfairly,money,-0.0016,False
45b8110f-8bb4-4f2a-acc8-dc5059f2cdca,captain,False,,,0.5207,captain touched me inappropriately,safety,-0.0033,False
928e877f-809f-467b-ad8f-337a33ce0f35,captain,False,,,0.4797,driver nashe mein tha,safety,-0.1408,False
29f24fb1-e582-402d-b7a7-9a3ac72fa156,captain,False,,,0.5188,app forced me to add a tip to get a ride,tip,0.057,True
ea354fbe-6e0f-4601-9b52-b93e8c39ef84,captain,True,money,wallet,0.5771,captain ne zyada paise maange,tip,0.0255,True
e8145aad-47b6-43c3-b829-79d630df956e,captain,False,,,0.6569,app forced me to add a tip to get a ride,tip,-0.018,False
3a729de6-b5b3-423d-81c5-a0101a29b595,captain,False,,,0.5993,app forced me to add a tip to get a ride,tip,0.0881,True
bf38bb26-1590-467e-88ed-51f695bf14d5,captain,False,,,0.5516,captain misbehaved and used abusive language,safety,0.0941,True
36a0a25d-04e0-4178-ba64-cece5dda21bc,captain,False,,,0.6233,driver nashe mein tha,safety,0.01,False
60b4b115-1e34-4034-985b-110ac6995ed5,captain,False,,,0.7134,captain touched me inappropriately,safety,0.1671,True
c6726925-4254-43b6-b2d5-9a8e466c1c9b,captain,False,,,0.634,app forced me to add a tip to get a ride,tip,0.0663,True
ca0702bc-2e41-4b64-a119-792100b33023,captain,True,money,paisa,0.7014,captain ne zyada paise maange,tip,-0.0508,False
d7058d33-da1a-4fc0-b7fc-9b21e992d90b,captain,False,,,0.5886,no helmet was given for the bike ride,safety,-0.1348,False
a98192cf-691e-4565-9168-6bcda9a280da,captain,False,,,0.6572,captain ne zyada paise maange,tip,-0.0883,False
d25dc788-5103-4212-9768-432d31c59313,captain,False,,,0.5069,I felt unsafe during the ride,safety,0.0808,True
f34255f3-4cba-421a-b5af-8a841b0d6294,captain,True,money,paisa,0.6144,captain ne zyada paise maange,tip,-0.0357,False
a8373ae7-ccdc-4e5d-81ea-38878643f3b9,captain,True,money,extra charge,0.7045,final fare was much higher than shown,money,0.1361,True
b9cdc18d-c198-49dd-8f46-618a383fa26d,captain,True,money,cancellation fee,0.6511,charged a cancellation fee unfairly,money,0.2073,True
128b478c-cb7f-4931-9479-6f44cf7e325b,captain,False,,,0.6654,app forced me to add a tip to get a ride,tip,0.0871,True
b31a7169-4724-4d27-8aac-159fdd2de450,captain,False,,,0.5282,captain misbehaved and used abusive language,safety,0.0494,True
a1c89f12-693b-4cfd-9dc1-beb79a950eee,captain,False,,,0.5173,driver nashe mein tha,safety,-0.0872,False
5ea9ce1e-3201-4064-b6e5-c372f1d57c6f,captain,False,,,0.6556,driver nashe mein tha,safety,0.0223,True
ae330b1c-7741-4ea8-8391-051b55359d89,captain,True,safety;money,gali;paisa,0.6643,captain ne zyada paise maange,tip,0.0305,True
8f34e457-ad84-40a4-88a3-22216fb925ef,captain,False,,,0.5473,final fare was much higher than shown,money,0.028,True
bbc4d82d-f065-4f26-9713-96216fb43fe1,captain,False,,,0.5559,captain misbehaved and used abusive language,safety,0.0767,True
aa072019-3a41-4041-a8f8-62f0d083ccac,captain,False,,,0.5623,app forced me to add a tip to get a ride,tip,0.0555,True
124f3e64-b47f-41fc-b83a-5414b15be7d2,captain,False,,,0.5896,captain ne zyada paise maange,tip,-0.0921,False
45ee726b-eff2-46fd-afbf-60c93755428f,captain,False,,,0.4956,refund not received,money,0.0568,True
20f213f1-c293-4e0b-b70a-9ebf714237a2,captain,False,,,0.6336,driver nashe mein tha,safety,-0.0289,False
3087c593-1e28-4dca-a288-a5f3e4d48af3,captain,False,,,0.6535,driver nashe mein tha,safety,0.0634,True
562af268-d1ea-4e47-aa8a-e850274a9ea9,captain,False,,,0.5844,driver nashe mein tha,safety,-0.0119,False
8debfaa3-8da1-435e-b9c7-6b3c5f90e702,captain,False,,,0.5123,captain ne zyada paise maange,tip,-0.213,False
7285d25b-b79e-454c-895d-2f1fc98304ea,captain,True,money,deducted;wallet,0.6387,captain asked for a tip,tip,0.043,True
cdd5aa00-a41b-40bd-a99d-80aa4fd20412,captain,False,,,0.5792,app forced me to add a tip to get a ride,tip,-0.0496,False
63125709-fa4a-4f77-8645-2892903ec761,captain,False,,,0.5723,driver nashe mein tha,safety,-0.0132,False
617a39de-af19-4b5c-ae62-4211bd827129,captain,False,,,0.5177,charged a cancellation fee unfairly,money,0.0763,True
29f1b04b-7678-44e9-a501-859648d24ad1,captain,False,,,0.5459,driver nashe mein tha,safety,-0.1568,False
8bded032-f594-4447-bf45-7c0d9178f02f,captain,True,money,penalty,0.6515,charged a cancellation fee unfairly,money,0.1845,True
24e98f11-54a8-4c6e-bfaa-248d9dd62eee,captain,False,,,0.6707,app forced me to add a tip to get a ride,tip,0.0352,True
0192ec9d-85ef-47ed-b284-cf7654efa821,captain,True,money,deducted;wallet,0.6066,charged a cancellation fee unfairly,money,0.1165,True
696933eb-2ad3-4aae-ac5a-793ef1141c3b,captain,True,money,penalty,0.5642,I felt unsafe during the ride,safety,0.1205,True
ee594736-5baa-4624-a603-034059b3aebe,captain,True,money,paisa,0.6562,captain ne zyada paise maange,tip,-0.0534,False
1c5647e8-b7ae-4160-8d9b-c1aa5b75d03b,captain,False,,,0.5004,app forced me to add a tip to get a ride,tip,0.0033,False
6c70e065-b2de-45c9-8fc1-c4ec5290c91f,captain,False,,,0.5903,captain asked for a tip,tip,0.0146,False
505eaa5b-5b2f-48ab-a2c1-76fd58f5bf9c,captain,False,,,0.6047,driver nashe mein tha,safety,-0.1906,False
9ad9150a-09e1-40af-9a2b-7451a63cfd50,captain,False,,,0.6516,driver nashe mein tha,safety,0.1129,True
70515df5-38b8-4b67-ba42-a790521a2278,captain,False,,,0.587,captain ne zyada paise maange,tip,-0.1517,False
02f09b72-dccc-4761-b52e-d93837541b49,captain,False,,,0.5252,money deducted from wallet without a ride,money,0.0221,True
903cd8a3-fe54-4a3c-a115-15b4cf977b72,captain,False,,,0.6217,app forced me to add a tip to get a ride,tip,-0.0077,False
ec5ae96b-3a93-4f45-8ec1-e2d7405f8095,captain,False,,,0.6018,driver nashe mein tha,safety,-0.0973,False
b2b03336-6feb-4dfc-89b1-baa2e4c55650,captain,False,,,0.5436,driver nashe mein tha,safety,0.0176,False
c4b1983e-4409-402c-923a-8a97c74809b6,captain,False,,,0.5825,charged a cancellation fee unfairly,money,0.0939,True
c9929f6b-b34c-472b-ae15-fe8f9efac0f8,captain,False,,,0.5791,driver nashe mein tha,safety,-0.1977,False
a7100327-ab76-49e5-abcb-eac90b383484,captain,False,,,0.6607,captain ne zyada paise maange,tip,0.0343,True
6d4121d3-b686-49d3-a658-8f55518b4b29,captain,False,,,0.4934,driver nashe mein tha,safety,0.0056,False
8f5457d7-2ae6-44cb-b709-1779595dc25a,captain,False,,,0.5699,captain misbehaved and used abusive language,safety,0.0191,False
8a447d3a-e366-4c8d-b3be-20ab7c861bb0,captain,False,,,0.4761,I was charged extra money,money,0.0687,True
67a0bd53-6bc3-4b10-ae4e-b3d6b6bd542a,captain,False,,,0.6634,driver nashe mein tha,safety,0.0009,False
c695b563-6d10-4588-b9d0-f7c3ee5ba6d8,captain,False,,,0.5722,my earnings or incentive were not paid,money,0.139,True
bd5534e8-ed92-4009-a638-9f668911dc8d,captain,True,money,fraud,0.5347,refund not received,money,-0.0053,False
3fd5d417-aafe-4c7f-880f-bc17ac784046,captain,False,,,0.6241,app forced me to add a tip to get a ride,tip,0.1071,True
1e072712-993c-4a35-a8b5-f71a28288dd5,captain,True,money,deductions,0.6157,final fare was much higher than shown,money,0.0667,True
3a1666bd-bcd2-415c-b793-7f50999970ec,captain,False,,,0.5842,captain was driving rashly and dangerously,safety,0.0124,False
5a955adb-4bb9-4168-b90d-66b801c8672b,captain,False,,,0.5388,captain ne zyada paise maange,tip,-0.1726,False
a2574fae-5dab-4b91-8569-a25413b29c11,captain,False,,,0.5735,money deducted from wallet without a ride,money,0.0442,True
259f6c0e-48a6-491a-940e-c4e4dbf2dcf3,captain,True,money,extra amount,0.6102,app forced me to add a tip to get a ride,tip,0.0874,True
4be6fca6-3959-43ab-8f5c-79d6ce93145c,captain,False,,,0.5549,customer threatened and abused the captain,safety,-0.1321,False
d9d91e18-642c-4d7c-92ad-bd94e72d8acb,captain,False,,,0.5754,captain ne zyada paise maange,tip,-0.1595,False
1cb58e9b-330b-4c58-8712-b2eac0642f62,captain,False,,,0.5415,app forced me to add a tip to get a ride,tip,-0.0174,False
f1e72ad2-66fb-41e6-8d2d-d4aed66c4642,captain,True,money,paise,0.7246,captain ne zyada paise maange,tip,0.0948,True
23baff65-785b-4033-bb74-1e9bb2597541,captain,False,,,0.4743,captain misbehaved and used abusive language,safety,0.1076,True
9aa66f38-bd9d-4089-a9bd-0ebb168f082a,captain,False,,,0.6343,captain ne zyada paise maange,tip,0.0365,True
49cf2fc5-1203-4f95-a7f1-9c5c220a1278,captain,False,,,0.5429,driver nashe mein tha,safety,-0.072,False
3b7a1ec0-8f83-4aff-815a-9147aabcc0ca,captain,False,,,0.5629,final fare was much higher than shown,money,0.0525,True
f36422f0-0a75-4d46-a703-f6de4024c0db,captain,False,,,0.555,refund not received,money,-0.0306,False
e6a2ab2c-b28a-493f-8a5f-98e6e1affd14,captain,False,,,0.6191,customer threatened and abused the captain,safety,0.0375,True
ccb1ae2a-8221-4469-a153-027700dcd288,captain,False,,,0.5436,customer threatened and abused the captain,safety,-0.0063,False
acfee37f-f633-4470-8a86-78cb9a5d1e46,captain,False,,,0.6807,captain ne zyada paise maange,tip,-0.0599,False
9ab4298b-fde8-4673-a813-b16a11b03e7b,captain,False,,,0.4815,captain misbehaved and used abusive language,safety,-0.1066,False
d3732022-9340-4bdd-88cc-549a851653d7,captain,False,,,0.6738,I felt unsafe during the ride,safety,0.1516,True
12fffa7d-d465-40ad-aeb6-0d23544018a4,captain,False,,,0.5787,captain ne zyada paise maange,tip,-0.2003,False
49e3fe58-4fd0-49f7-af02-1029530af50c,captain,False,,,0.6898,driver nashe mein tha,safety,0.0201,False
31158ec4-b368-442b-b0fa-f58e821306d0,captain,False,,,0.6767,driver nashe mein tha,safety,0.0221,True
2d0e8c49-c279-459d-b1e9-677b4fb4fb3e,captain,False,,,0.5353,final fare was much higher than shown,money,-0.0293,False
68469146-c925-4d34-8760-a64fde3b2d5c,captain,False,,,0.4797,refund not received,money,0.0545,True
fd5db929-9611-4669-9f62-8ef58248a281,captain,False,,,0.4757,driver nashe mein tha,safety,-0.1044,False
8e42603b-21f2-484c-9867-ca8c3b659dbd,captain,False,,,0.5709,captain misbehaved and used abusive language,safety,0.0035,False
82b1e9a9-234d-4a77-87b1-1d1db691dacc,captain,False,,,0.5163,customer threatened and abused the captain,safety,-0.1366,False
62c8bbbd-9ca2-49ac-ad9e-e836d3c17a6c,captain,False,,,0.6547,final fare was much higher than shown,money,-0.0136,False
ebd0324b-1190-4859-8749-89fb5b6ac645,captain,False,,,0.5651,captain demanded extra money in cash,tip,0.0415,True
de2f391d-655a-4d9d-94ea-6fd93679a889,captain,False,,,0.6254,driver nashe mein tha,safety,-0.1983,False
2dfbb297-9c3c-4950-8644-70f343b51464,captain,False,,,0.5688,the captain harassed me,safety,0.0699,True
f6ef9e71-664d-49e2-a695-b7ac22e233a5,captain,False,,,0.4605,captain ne zyada paise maange,tip,-0.132,False
dad7d488-ba5f-4821-a65f-67535469c74a,captain,False,,,0.5568,captain misbehaved and used abusive language,safety,0.064,True
6f76932b-8065-43ca-9968-59b7dbf04875,captain,False,,,0.5452,my earnings or incentive were not paid,money,0.0377,True
193d2339-7328-4249-b618-3b0040975f92,captain,True,money,penalty,0.7282,I was charged extra money,money,0.2918,True
ac5d6999-0b38-426d-8304-d365c9f04ead,captain,False,,,0.5763,app forced me to add a tip to get a ride,tip,0.0335,True
0210a715-af1e-4082-83de-f1c2a60f83a1,captain,False,,,0.49,driver nashe mein tha,safety,0.039,True
5f6bd1e5-4077-4502-910b-ad854252cee4,captain,True,money,fraud,0.533,driver nashe mein tha,safety,-0.0247,False
108f486f-8b2a-4941-bfe3-59e5f795730a,captain,False,,,0.6331,captain ne zyada paise maange,tip,0.0187,False
2f775acf-28f2-4be1-9ab1-1d537f384c59,captain,False,,,0.585,driver nashe mein tha,safety,-0.0042,False
b6584e99-0a52-4832-bcf5-092f83fa0f02,captain,False,,,0.5484,money deducted from wallet without a ride,money,0.047,True
597b58c6-9658-4d50-993f-a1772668c1cb,captain,False,,,0.477,refund not received,money,0.0593,True
fb282da0-245f-4347-b1d2-8b94a2bda66d,captain,False,,,0.5872,charged a cancellation fee unfairly,money,0.0855,True
447597ec-72dc-4ff7-9c4f-76359182a874,captain,False,,,0.6156,driver nashe mein tha,safety,0.0235,True
cab0e47e-81bc-4876-9da8-158a2faa0131,captain,False,,,0.503,captain asked for a tip,tip,0.061,True
4743bc0e-cb19-4439-8458-246a8932925d,captain,False,,,0.6161,charged a cancellation fee unfairly,money,0.1204,True
dd273e3a-6538-4211-8aad-543af62c6d7b,captain,False,,,0.5424,money deducted from wallet without a ride,money,-0.0616,False
fc608888-2fdd-429a-b190-210e44c3316c,captain,False,,,0.5293,driver nashe mein tha,safety,-0.0821,False
b820a556-ef49-4374-9146-fc50431d3acb,captain,False,,,0.6264,money deducted from wallet without a ride,money,-0.0336,False
e2937999-b31a-44f3-bf13-e2a279b62f34,captain,True,money,scam,0.6923,charged a cancellation fee unfairly,money,0.1315,True
c6670812-7ff0-4113-9ae7-7a3cec09359f,captain,False,,,0.5565,charged a cancellation fee unfairly,money,0.0805,True
025d6eab-e18d-4d84-a20d-5fd6c26e418f,captain,False,,,0.5655,captain ne zyada paise maange,tip,-0.1731,False
1e84bfdd-95e1-439b-bafc-d5287467c677,captain,False,,,0.5974,the captain harassed me,safety,0.0497,True
9a99cac2-3d01-4aff-9570-c7583429d952,captain,False,,,0.4982,customer threatened and abused the captain,safety,0.0041,False
ae5b3557-34a8-44d0-b270-9757b7d6852f,captain,False,,,0.5558,driver nashe mein tha,safety,0.0398,True
9d3fb9da-0e76-4592-8ce5-7f971018e57d,captain,False,,,0.6495,captain asked for a tip,tip,0.0015,False
286d0198-2135-4344-aca5-835f254ef224,captain,False,,,0.6086,driver nashe mein tha,safety,0.0875,True
12a89987-d706-4e9b-8808-8d75b99567d7,captain,True,money,pesa,0.6316,captain ne zyada paise maange,tip,0.0173,False
cca0fb32-aace-4a26-afd4-a41f17682514,captain,False,,,0.5433,refund not received,money,0.1291,True
925b81ce-012f-4a17-a1e8-9e849e20cf8a,captain,False,,,0.6501,app forced me to add a tip to get a ride,tip,0.1063,True
48cac729-0b52-4e20-bd1e-7590522bc3e7,captain,False,,,0.6256,driver nashe mein tha,safety,-0.0157,False
f7b4b168-be42-4b69-b7b5-69fb98f59393,captain,False,,,0.6373,I felt unsafe during the ride,safety,0.0419,True
74466409-9720-4fac-93d1-cd0513c892f5,captain,False,,,0.569,captain ne zyada paise maange,tip,-0.3064,False
73fd80cb-d34b-4ae5-bed5-4d052a77db7b,captain,True,money,loot,0.4452,charged a cancellation fee unfairly,money,0.0126,False
4c78cde5-df49-49c3-bf92-b032c754f5fe,captain,True,money,wallet,0.5669,app forced me to add a tip to get a ride,tip,0.0924,True
00190ecc-5ec9-4561-a47b-66c279381046,captain,False,,,0.5629,refund not received,money,0.1402,True
71b09407-623d-4e32-9837-eb4d9a586024,captain,False,,,0.5814,driver nashe mein tha,safety,-0.0075,False
8eeec76e-32cb-47da-90bb-d8f1949f00a9,captain,False,,,0.6303,captain ne zyada paise maange,tip,0.0288,True
6f7087b6-b320-4ad5-aaa7-7f0828aa99d8,captain,False,,,0.5686,captain ne zyada paise maange,tip,-0.0325,False
03fe203b-aa53-4fd5-8a00-58128203ceb0,captain,False,,,0.5433,driver nashe mein tha,safety,-0.0394,False
d39444d4-d444-414e-ad65-486c5e438307,captain,True,money,fraud,0.5838,charged a cancellation fee unfairly,money,0.0388,True
9412b21c-c37e-4dd5-962d-1a7ebdc6110f,captain,False,,,0.7071,captain ne zyada paise maange,tip,-0.0741,False
9ab10493-5d00-40d7-a8ca-3c36441b9579,captain,False,,,0.4248,captain ne zyada paise maange,tip,-0.1807,False
ec8d9d3b-e33f-4d81-bc78-0863f03b192b,captain,False,,,0.5955,driver nashe mein tha,safety,-0.1897,False
5aab1b34-c846-42c1-a506-e5507d9b08a6,captain,False,,,0.4739,captain ne zyada paise maange,tip,-0.2516,False
09b89382-28f1-4365-af77-1ac857844ced,captain,False,,,0.641,we had an accident during the ride,safety,0.0385,True
1b01c8dc-9639-42e7-980f-64ec6e0637f6,captain,False,,,0.5811,app forced me to add a tip to get a ride,tip,-0.0029,False
2b13980c-8c02-4871-aeb6-dc02bf7532f4,captain,False,,,0.5306,captain asked for a tip,tip,-0.2334,False
d973346f-b158-442d-bbf0-4b5184a27364,captain,False,,,0.5141,app forced me to add a tip to get a ride,tip,-0.1118,False
64125236-f87e-4e57-8f2f-04a2a851b4eb,captain,False,,,0.5118,app forced me to add a tip to get a ride,tip,-0.0028,False
f0fc594d-0170-4c3b-8e01-05940c74207a,captain,False,,,0.5632,charged a cancellation fee unfairly,money,0.1053,True
09cace80-5bf7-4b6c-b7d7-68459c561836,captain,False,,,0.5739,driver nashe mein tha,safety,-0.0012,False
c5e5df12-46ea-4ac9-af39-2c3313fca90f,captain,False,,,0.5184,driver nashe mein tha,safety,-0.0913,False
df8227dc-901c-4f19-9cc7-5cccfdc602c9,captain,False,,,0.5229,captain misbehaved and used abusive language,safety,-0.016,False
0dd94c27-48ef-4e4b-9323-4ab357c69917,captain,False,,,0.5318,captain asked for a tip,tip,-0.2012,False
5da6723a-c055-4c65-9387-fbd33710ef4a,captain,False,,,0.5636,final fare was much higher than shown,money,0.0027,False
548eafee-4410-44fa-83cd-f748ef5a0ffc,captain,False,,,0.5064,captain ne zyada paise maange,tip,-0.1629,False
921e7800-3412-470b-a7ac-8540c282fe30,captain,False,,,0.5914,my earnings or incentive were not paid,money,0.1789,True
2c0bd76d-a963-4fca-a764-62c5af5d22d3,captain,False,,,0.5008,captain asked for a tip,tip,-0.0462,False
22fdff7a-b118-4c58-a9f1-9be2861ef826,captain,False,,,0.6445,charged a cancellation fee unfairly,money,0.1336,True
7cb6fba8-d93a-46df-a43e-a41b029e6adc,captain,True,money,deducted;wallet,0.649,money deducted from wallet without a ride,money,0.1863,True
be7f2daa-83f6-47e7-91f4-ef247c615ad9,captain,False,,,0.4797,captain ne zyada paise maange,tip,-0.2052,False
0a23c6c3-39b1-4f5a-858b-075b01515b24,captain,False,,,0.5304,the captain harassed me,safety,0.0147,False
21152177-0843-4b41-953c-c15eb18d2a2a,captain,False,,,0.581,driver nashe mein tha,safety,-0.1182,False
98bb0e49-c575-4fd9-9840-0851031ec1bf,captain,False,,,0.6167,penalty deducted from captain earnings unfairly,money,0.1091,True
c8ffb7b3-45a1-45cc-b7ba-8434bc5d0076,captain,False,,,0.4942,captain ne zyada paise maange,tip,-0.3725,False
e6754d95-c3fb-4b0d-9d65-e8992a683e88,captain,False,,,0.5381,the captain harassed me,safety,0.0123,False
e9275f92-9c2f-416b-b9de-87881810cc6b,captain,False,,,0.5952,final fare was much higher than shown,money,0.0616,True
428915a1-6436-4acf-acc2-bf9e65748110,captain,False,,,0.5169,charged a cancellation fee unfairly,money,-0.0,False
768f4b03-f6c5-40c1-a695-54518686ee93,captain,True,safety,helmets,0.5663,captain misbehaved and used abusive language,safety,-0.0207,False
3a140efb-0fc4-4131-a521-ab67b45fcffe,captain,False,,,0.4987,charged a cancellation fee unfairly,money,0.0304,True
8fb7eb10-6256-460f-90e7-751f1aa335e6,captain,False,,,0.5714,driver nashe mein tha,safety,-0.0242,False
d1e2f53d-5fdf-4b7c-8ff6-208d70d68adf,captain,False,,,0.4677,captain asked for a tip,tip,-0.2553,False
fb670578-1bd1-4dbe-a338-8767cb3bb870,captain,False,,,0.4687,app forced me to add a tip to get a ride,tip,-0.0663,False
c505e354-8107-46db-b003-777eabce7233,captain,False,,,0.58,captain ne zyada paise maange,tip,-0.0082,False
6150720f-bd36-4cf2-bf34-36428d767f16,captain,False,,,0.53,driver nashe mein tha,safety,-0.1841,False
89bcca0b-56d1-433f-8d38-9244dcecc881,captain,False,,,0.5605,my earnings or incentive were not paid,money,0.0764,True
ec4ad004-1d06-4d1d-9fff-6d4590ba02cb,captain,False,,,0.514,driver nashe mein tha,safety,-0.0034,False
550aad25-b3e8-4eb2-b867-4b477f41c47a,captain,False,,,0.5347,money deducted from wallet without a ride,money,-0.0392,False
3905df83-a6b3-481e-9a19-0b259726fd74,captain,False,,,0.4694,refund not received,money,0.0575,True
20d3811d-723a-4d4a-8d39-f781bf362368,captain,False,,,0.4485,captain asked for a tip,tip,-0.1795,False
4b7ae42a-6eba-4641-a51c-87fdda0e9ae8,captain,False,,,0.6584,captain ne zyada paise maange,tip,0.0373,True
1e3a8019-092e-4e64-b8b2-a8daf8e0e02b,captain,False,,,0.5831,money deducted from wallet without a ride,money,-0.052,False
19639756-0793-4d65-b1a3-7c7d02eef423,captain,False,,,0.5059,app forced me to add a tip to get a ride,tip,-0.1053,False
438de7c2-4a15-45b0-88b2-a8f9ed158573,captain,False,,,0.6134,captain ne zyada paise maange,tip,0.0163,False
de78d151-93d0-4e57-86de-1b9b8a297a32,captain,False,,,0.5381,driver nashe mein tha,safety,-0.0885,False
6f819214-681a-42b9-b219-4f85d0d31dae,captain,False,,,0.6736,captain ne zyada paise maange,tip,0.0024,False
e13f3cd6-d680-4617-b807-3c79269b5cef,captain,True,money,penalty,0.5735,I was charged extra money,money,0.117,True
8533fc8f-f045-4b1f-9593-eb8079c66b8c,captain,True,money,paisa,0.6895,captain ne zyada paise maange,tip,0.1176,True
907476fc-ad41-4359-a909-2b0e580fdfe2,captain,False,,,0.5038,driver nashe mein tha,safety,-0.1248,False
3c12a845-64de-4288-b487-73ed8cd0cea2,captain,False,,,0.4671,my earnings or incentive were not paid,money,0.0074,False
7009b562-9032-49a2-b587-e6082c10bcc3,captain,False,,,0.5347,driver nashe mein tha,safety,-0.2019,False
693962d9-a816-4eb5-bae3-16ef5b998f5f,captain,False,,,0.5928,app forced me to add a tip to get a ride,tip,0.0675,True
4d93a688-71e7-4ab7-a788-697fb9265e1d,captain,False,,,0.5406,driver nashe mein tha,safety,0.0536,True
4a5f70da-864b-4a51-8b14-f79f7e8530b9,captain,False,,,0.6953,driver nashe mein tha,safety,0.0193,False
000d5510-4208-47dd-ac3e-1132c7ca77d9,captain,False,,,0.5675,app forced me to add a tip to get a ride,tip,0.0652,True
a8d8f74d-98ed-4c94-911c-7b3766c3d4bb,captain,False,,,0.561,charged a cancellation fee unfairly,money,0.1423,True
281c6f44-e057-4837-8b53-1c7cd65411b8,captain,False,,,0.5704,captain misbehaved and used abusive language,safety,0.1177,True
05de4814-3678-44db-a2f6-6a1f0eb93c62,captain,False,,,0.5954,customer threatened and abused the captain,safety,-0.2126,False
12fbe0e2-4608-4cef-b485-9b83f169b3e5,captain,False,,,0.5426,app forced me to add a tip to get a ride,tip,0.0485,True
4fa77045-5bbc-4dbc-a476-a0e5f6b3b5fc,captain,False,,,0.8338,captain ne zyada paise maange,tip,0.0939,True
058cb756-4770-485f-9bdf-34494de9bd3e,captain,False,,,0.5504,driver nashe mein tha,safety,-0.1569,False
087fb10d-c069-4821-a22a-562e19f01c86,captain,False,,,0.6541,I felt unsafe during the ride,safety,0.0827,True
2b0700a5-2fcd-4a27-b008-8750fa40fe7a,captain,True,money,fraud,0.5526,driver was drunk,safety,-0.085,False
c8ebaef7-8af4-4497-86e0-7aaa41f5d182,captain,False,,,0.6076,captain ne zyada paise maange,tip,-0.2663,False
af77c414-212f-46ff-9e6b-7600870fa26b,captain,False,,,0.6361,app forced me to add a tip to get a ride,tip,0.0362,True
6b0e577b-8a1d-44ac-aa6b-c1f527d93c67,captain,False,,,0.5333,driver nashe mein tha,safety,-0.06,False
927fbe3f-b734-4cb6-88ed-e48f05ef649a,captain,False,,,0.5566,refund not received,money,0.127,True
b6551b1a-4b5d-4555-81ad-b7bb19e01c70,captain,False,,,0.5292,driver nashe mein tha,safety,-0.1899,False
66273fe2-8c3c-4d68-8cd2-6d6ae7bdc24b,captain,False,,,0.5019,driver nashe mein tha,safety,0.0577,True
30f0d976-63f4-4402-8b57-bbe75650aec8,captain,False,,,0.5237,captain ne zyada paise maange,tip,-0.2146,False
e8563994-7b73-4a0a-8b62-63ac66233448,captain,False,,,0.5705,penalty deducted from captain earnings unfairly,money,-0.017,False
9994f0c3-4eeb-4afe-a823-c83eba99db67,captain,False,,,0.5626,captain ne zyada paise maange,tip,0.033,True
efd67fdd-9553-4d9e-8beb-2ef73fdd09b2,captain,False,,,0.5517,paid but the ride never happened,money,0.1397,True
99ced571-2e54-436c-9986-24d05c398048,captain,False,,,0.6321,app forced me to add a tip to get a ride,tip,0.0768,True
de960d42-a3a4-46f8-931e-e0eecc138857,captain,False,,,0.4311,money deducted from wallet without a ride,money,-0.0033,False
c415178f-d1f2-4276-8cab-3be26cb3e6c0,captain,False,,,0.5441,I felt unsafe during the ride,safety,-0.0322,False
372e6ea1-eb6d-4901-9529-1a7712938f4f,captain,False,,,0.5328,driver nashe mein tha,safety,-0.0458,False
13e53e60-0a9c-4a82-a0b7-1c3d502e4163,captain,False,,,0.5682,captain asked for a tip,tip,0.0113,False
58777f77-e2cc-4b35-84a8-0ab55a09c005,captain,False,,,0.6196,driver nashe mein tha,safety,-0.0251,False
3cb05a71-2971-49f3-8302-17229bc070f0,captain,False,,,0.5735,charged a cancellation fee unfairly,money,0.116,True
e3447d8d-7207-41cf-ab56-0cf2a507beb9,captain,True,money,penalty,0.6172,charged a cancellation fee unfairly,money,0.2341,True
0c369722-55c4-45ee-89cf-8de156792068,captain,False,,,0.6446,my earnings or incentive were not paid,money,0.0272,True
6068eb18-0405-4d8d-83f2-bba3418f2970,captain,False,,,0.6494,captain ne zyada paise maange,tip,-0.0112,False
a34995f3-933b-49b9-8b08-2ca543cdf36c,captain,False,,,0.481,driver nashe mein tha,safety,-0.1396,False
3595b5bd-47f9-4441-a4e2-99f31748863c,captain,False,,,0.5312,driver nashe mein tha,safety,-0.2637,False
4f9a7c2b-381f-4e81-a3b3-9e12df1e6c3f,captain,False,,,0.5242,captain ne zyada paise maange,tip,-0.0957,False
c83b7ddf-3db7-452e-b68a-b52102766d79,captain,False,,,0.5362,final fare was much higher than shown,money,-0.0229,False
90ef80f6-0c25-49ad-b09d-6d42263866ce,captain,False,,,0.6598,final fare was much higher than shown,money,0.1631,True
5193e3c7-54a0-4ee1-9f78-11b5a244d1e4,captain,False,,,0.5635,driver nashe mein tha,safety,0.0558,True
8c2db7ee-ff45-4bac-8c58-6a1a3869345d,captain,False,,,0.6649,captain ne zyada paise maange,tip,0.0791,True
72ef0c00-f401-4c6e-81e1-df0f42d28f2a,captain,False,,,0.6164,driver nashe mein tha,safety,0.0821,True
f97a05a4-4a2a-48af-a744-21277a1c9373,captain,False,,,0.711,captain ne zyada paise maange,tip,-0.0862,False
823300db-2554-42a5-ad59-796732211e8f,captain,True,money,deduct,0.5393,penalty deducted from captain earnings unfairly,money,0.0215,True
8bf14998-2fd6-4f10-a1d8-9f57bfd72621,captain,False,,,0.6945,captain ne zyada paise maange,tip,-0.0021,False
8924500b-1ec6-46c3-9d8d-4d875fed624a,captain,False,,,0.5994,captain ne zyada paise maange,tip,-0.2401,False
cdac3c92-7925-4b62-ab4e-2dbcf83d9975,captain,False,,,0.5728,captain ne zyada paise maange,tip,-0.2034,False
c3bd4353-0840-467f-b7d9-bee9ae11b291,captain,False,,,0.662,driver nashe mein tha,safety,0.0604,True
7f607022-c409-445f-a6f5-cf725ff54c2c,captain,False,,,0.5497,paid but the ride never happened,money,0.0863,True
ea855ffd-32fd-41e6-9827-4294ab8bca93,captain,False,,,0.5302,penalty deducted from captain earnings unfairly,money,-0.0869,False
244649ec-9ced-4c59-9525-3f1fb611ba34,captain,False,,,0.6605,app forced me to add a tip to get a ride,tip,-0.1244,False
b2736860-5156-4b09-b71c-6f1a6208ee43,captain,False,,,0.5354,my earnings or incentive were not paid,money,0.1501,True
74c3b256-d57c-4699-a005-d7e4c627b84d,captain,True,money,paise,0.5772,captain asked for a tip,tip,-0.0167,False
39fe7612-dda2-4586-ae0b-499bd4ede1cb,captain,False,,,0.4753,driver nashe mein tha,safety,-0.2668,False
0bf920e3-e19c-4104-85e4-b8eabdcd57f2,captain,False,,,0.5991,customer threatened and abused the captain,safety,0.147,True
84f83546-d144-44cb-8fad-7245dc108422,captain,False,,,0.5529,captain ne zyada paise maange,tip,0.0366,True
41d28f8b-f6fb-4a8c-9c27-d27b2e1983ee,captain,False,,,0.4446,driver nashe mein tha,safety,-0.0529,False
b3b15120-2b41-446a-933e-6f2a93c7eac2,captain,False,,,0.6189,driver nashe mein tha,safety,-0.0145,False
3341c151-c581-40d1-af62-7ba1f6c6ca33,captain,False,,,0.4875,money deducted from wallet without a ride,money,0.067,True
7aa4173f-f814-4dc8-9059-b3fb193aa588,captain,False,,,0.4164,penalty deducted from captain earnings unfairly,money,0.0357,True
5248b815-ddda-4bfc-b98c-2f09485f3021,captain,False,,,0.5906,penalty deducted from captain earnings unfairly,money,0.0286,True
ba09ef41-3456-4ec7-831b-69d8c675c87d,captain,False,,,0.608,driver nashe mein tha,safety,-0.0232,False
782ae5b3-d170-43e7-8c0e-9cb64f85fc78,captain,False,,,0.4641,app forced me to add a tip to get a ride,tip,-0.1063,False
72f91d57-b9ee-40d0-9b30-c54d62d165d1,captain,False,,,0.6442,captain ne zyada paise maange,tip,0.0853,True
1cb46c56-b716-4c11-b2df-66a8c9f9a8fa,captain,False,,,0.5834,captain ne zyada paise maange,tip,-0.0788,False
773b483e-0fb4-4d46-bc70-774e7da8c7b3,captain,False,,,0.6009,paid but the ride never happened,money,0.0512,True
3b89c7a0-8830-46d0-bf55-f7601ce4792f,captain,False,,,0.4558,refund not received,money,-0.0724,False
a35d11fd-6a0b-4fd7-868b-79f6718a97e7,captain,False,,,0.5464,driver nashe mein tha,safety,-0.0803,False
c85e6c79-48ec-469e-8caf-e615623cfaf7,captain,True,money,extra money,0.6239,money deducted from wallet without a ride,money,0.1089,True
ff70cf64-7768-4a7b-9fd9-fae33973307a,captain,False,,,0.5808,final fare was much higher than shown,money,0.1453,True
6cf4fee4-8751-4525-bdb4-410c98b872d5,captain,True,money,loot,0.5876,app forced me to add a tip to get a ride,tip,-0.0238,False
b2b95586-76fb-4c40-926f-af691d02314f,captain,False,,,0.528,we had an accident during the ride,safety,0.0289,True
3e4441df-7a86-4e8f-8d66-26dd03ab4a4e,captain,False,,,0.5055,app forced me to add a tip to get a ride,tip,-0.1217,False
d41e91c4-820a-4858-b187-df43306c22d6,captain,False,,,0.5564,no helmet was given for the bike ride,safety,0.06,True
20ad9eb4-d30e-4288-b583-9779e2469117,captain,False,,,0.6354,captain ne zyada paise maange,tip,-0.0051,False
f5d57c3c-6f0b-4979-af18-755a6401fbb7,captain,False,,,0.5797,refund not received,money,0.0363,True
d1ea1adf-71bb-45d7-9198-9294fd31fcde,captain,False,,,0.6346,app forced me to add a tip to get a ride,tip,0.0848,True
178a706c-2694-43c3-b31d-7dd983444f5c,captain,False,,,0.646,captain ne zyada paise maange,tip,-0.2274,False
2f5f1f58-6ad1-4796-83cc-e28fc83fbf8a,captain,False,,,0.6582,app forced me to add a tip to get a ride,tip,0.0594,True
fec13aad-13b7-4fe7-bfe9-0cdf2ff9d85b,captain,False,,,0.5059,driver nashe mein tha,safety,-0.0314,False
8826c98a-88af-43b4-97b2-8f2c2991bcdf,captain,False,,,0.503,app forced me to add a tip to get a ride,tip,-0.0398,False
920a6746-b6f8-427d-9fee-fd3af2ac4011,captain,False,,,0.6497,captain ne zyada paise maange,tip,0.0322,True
75d4bd59-b546-4f77-8a05-7df564035dcd,captain,False,,,0.5122,driver nashe mein tha,safety,-0.0619,False
d9825b7f-40dd-41f4-8fa1-cd2996a6a009,captain,True,money,wallet,0.5549,money deducted from wallet without a ride,money,0.1202,True
50c2d0a4-4e62-444b-b2cb-8b89b6670ada,captain,False,,,0.5913,captain asked for a tip,tip,0.005,False
e841be31-c4db-41d1-83f5-cf43fb013b64,captain,False,,,0.568,the captain harassed me,safety,0.0392,True
595b8d16-1081-4304-83c4-a596c291de76,captain,False,,,0.5894,app forced me to add a tip to get a ride,tip,0.052,True
3fbfbec8-43a1-4062-a316-630bd11b0bf3,captain,False,,,0.6597,penalty deducted from captain earnings unfairly,money,0.1034,True
de26fbee-a102-41d8-a655-8206f5e082c0,captain,False,,,0.5396,captain asked for a tip,tip,-0.1394,False
ce5235b9-7662-43e7-8022-ff26bec0627e,captain,False,,,0.6555,customer threatened and abused the captain,safety,0.0268,True
70946fd8-babd-4100-9070-dc347d138ca7,captain,False,,,0.4247,money deducted from wallet without a ride,money,-0.0168,False
5ecca299-145d-48ec-a38c-94248e034a44,captain,False,,,0.6137,captain ne zyada paise maange,tip,0.0761,True
42a47b28-5a11-4a9b-b76e-3b680f3ba6c7,captain,False,,,0.5799,final fare was much higher than shown,money,0.0186,False
ed56da39-b82e-4b6b-8fc0-d6b566a9df4a,captain,False,,,0.4988,refund not received,money,0.0635,True
a2bfd4c4-86d9-4f49-9905-1155742a71a0,captain,False,,,0.5622,charged a cancellation fee unfairly,money,0.1558,True
64ffc541-2bce-4db8-bf8c-79446429a599,captain,False,,,0.5538,driver nashe mein tha,safety,-0.0997,False
5c625520-8083-49bb-8242-39cef1d73a79,captain,False,,,0.5281,money deducted from wallet without a ride,money,-0.027,False
ea5fbf20-9f28-4f19-893c-79b966c6ff0d,captain,False,,,0.5084,app forced me to add a tip to get a ride,tip,-0.0415,False
0c88a60a-8672-44b2-b4b2-a3a3d2a34707,captain,False,,,0.5773,we had an accident during the ride,safety,0.0533,True
44117cda-2fdc-4b8f-a664-9e0ec9b82eba,captain,True,money,penalty,0.622,captain misbehaved and used abusive language,safety,0.0813,True
d1999f2e-f033-4359-b329-d9732f4dad0a,captain,False,,,0.7217,captain ne zyada paise maange,tip,0.0733,True
ea392e50-7224-4131-aa0f-ce1feea91904,captain,False,,,0.4062,money deducted from wallet without a ride,money,0.0771,True
95413a77-539a-47a0-8932-a795909f856c,captain,False,,,0.6227,driver nashe mein tha,safety,0.0141,False
b0de5f9e-959f-46af-9459-a7e4aa19a272,captain,False,,,0.6101,customer threatened and abused the captain,safety,0.041,True
6668717d-f765-434c-9011-bf12c5cce2c0,captain,False,,,0.5446,the captain harassed me,safety,0.0773,True
ce40552f-025f-4042-9de7-bc9a7bd557df,captain,False,,,0.6359,driver nashe mein tha,safety,0.0106,False
9a9b9e40-3f5e-46d6-9575-62c304ac5e64,captain,False,,,0.5301,app forced me to add a tip to get a ride,tip,0.0016,False
9dcd8336-9743-4919-99ee-ee14349c631a,captain,False,,,0.5679,money deducted from wallet without a ride,money,0.0314,True
b93b93e5-1db6-43de-8b21-1da859cd625d,captain,False,,,0.5346,driver nashe mein tha,safety,-0.0048,False
cd5796d4-417f-45d5-b39c-b11253c5b525,captain,True,money;tip,fraud;tips,0.5933,final fare was much higher than shown,money,-0.0034,False
a4653692-30d7-4c7b-a8a6-67857ab9dea3,captain,True,safety,dangerous,0.6765,I felt unsafe during the ride,safety,0.16,True
e29924db-a0fb-4132-8576-7a61c5cc81a8,captain,False,,,0.5962,captain ne zyada paise maange,tip,-0.0608,False
426d95af-9ec2-4ee3-adb3-a65e71acd9ba,captain,True,money,penalty,0.6165,penalty deducted from captain earnings unfairly,money,0.1087,True
4744ec43-cf90-4dab-9cac-c73b72611175,captain,False,,,0.518,refund not received,money,0.0514,True
e04a454b-f325-481d-97fa-1c0f3eb66300,captain,False,,,0.6353,app forced me to add a tip to get a ride,tip,0.0097,False
d17a6ce9-0ffa-4e2d-9288-365918d9c70a,captain,False,,,0.5814,driver nashe mein tha,safety,-0.0179,False
7319c6ae-034a-45fd-9e95-edbac1b97fca,captain,False,,,0.5486,driver nashe mein tha,safety,-0.0047,False
0da13d25-7aa9-47a6-b8d4-d77fdae6d065,captain,False,,,0.6651,driver nashe mein tha,safety,0.0594,True
c1c98864-85f5-43d4-a39f-c7b0bb77ee6f,captain,False,,,0.5534,captain asked for a tip,tip,0.0294,True
57b3e312-5fe2-4363-a7ee-ade6891daf49,captain,False,,,0.6341,captain ne zyada paise maange,tip,-0.222,False
ee04fff0-ae6f-4a9d-a4f5-ff2313f786e5,captain,True,money,deduct,0.5757,money deducted from wallet without a ride,money,0.0872,True
37fd7e27-bb57-48bf-ac5e-e60686c94c02,captain,False,,,0.575,customer threatened and abused the captain,safety,0.0248,True
a6a689ae-fc86-4f44-979a-154f9d5d0838,captain,False,,,0.5162,captain misbehaved and used abusive language,safety,0.0119,False
97e570b5-599c-4374-bd2d-bceb3a1f048f,captain,True,money,cheat;fraud,0.6485,penalty deducted from captain earnings unfairly,money,0.0829,True
b7572ca5-123c-4cc7-9db9-85c3cd19c832,captain,False,,,0.6006,final fare was much higher than shown,money,0.1179,True
c2946eb4-449c-4902-8590-869b75c2e818,captain,False,,,0.504,driver nashe mein tha,safety,0.0367,True
db390e8c-84c9-4326-95c4-e0c6a1f2ce09,captain,True,money,fraud,0.6548,final fare was much higher than shown,money,0.095,True
925aebc8-59d5-4dca-8600-6273bb6d5359,captain,False,,,0.5682,charged a cancellation fee unfairly,money,0.0532,True
dec183d7-2450-43b9-a3c5-daf7e8dd29eb,captain,False,,,0.4904,driver nashe mein tha,safety,-0.264,False
b4f0475d-0b09-48ab-beff-19f212c50f25,captain,False,,,0.5682,driver nashe mein tha,safety,0.0214,True
eac3c4b3-3c20-4347-976e-f1a74d1cc747,captain,False,,,0.4945,driver nashe mein tha,safety,-0.0609,False
b25f8321-6909-40a3-ab24-6c1a20544983,captain,False,,,0.7599,driver nashe mein tha,safety,0.0173,False
85fb062a-e385-4535-b2e9-ecc075924acf,captain,False,,,0.6038,app forced me to add a tip to get a ride,tip,0.0546,True
2a19af92-43af-4bea-9f4b-6d35664f7a84,captain,False,,,0.5472,refund not received,money,0.0076,False
15f92315-7ee0-4e66-9691-e42da8e3be7d,captain,False,,,0.5518,captain ne zyada paise maange,tip,-0.2405,False
e96fc74c-edb4-4348-975b-f95f9159396c,captain,False,,,0.593,I was charged extra money,money,0.1521,True
c60bfbb1-adcf-4b3a-9688-87fe5ed95a9c,captain,False,,,0.5369,app forced me to add a tip to get a ride,tip,-0.1935,False
80f9041e-59da-46d9-9b07-d089a8fd517d,captain,True,safety,not safe,0.6119,I felt unsafe during the ride,safety,0.0644,True
53130dae-b096-4d9a-8e02-00e23a3b38bc,captain,False,,,0.6023,driver nashe mein tha,safety,0.0184,False
fe189e96-821a-4c4b-9e07-71d0f7750413,captain,True,money,wallet,0.5658,refund not received,money,0.1091,True
19f3b2eb-8a8e-480e-9596-f3f514751021,captain,False,,,0.6249,captain ne zyada paise maange,tip,-0.0209,False
b1c6b327-9422-4cb1-96dd-616ed28ddea4,captain,False,,,0.477,we had an accident during the ride,safety,0.0013,False
b3868858-f22b-44c8-b466-c4dc489d53bc,captain,False,,,0.6603,final fare was much higher than shown,money,0.0869,True
b213f752-4fc3-421a-a4df-8e0bd5285942,captain,False,,,0.6539,customer threatened and abused the captain,safety,0.0442,True
669d173c-bdc2-419c-80dc-6102e1d01a03,captain,False,,,0.5098,captain asked for a tip,tip,-0.0806,False
3e23e380-6de1-4cfa-8e74-0536b5bac84c,captain,False,,,0.4304,captain ne zyada paise maange,tip,-0.1018,False
70502f4b-6035-4b0c-8a71-8ac475aafe56,captain,False,,,0.7275,captain ne zyada paise maange,tip,0.1258,True
c180ae3b-df2f-483a-85cf-daaf33d77004,captain,False,,,0.5385,captain ne zyada paise maange,tip,-0.2155,False
ba460617-e565-4d19-8606-bfd23b71e1d4,captain,False,,,0.5979,app forced me to add a tip to get a ride,tip,0.0187,False
8b75feb5-c047-4770-876a-d39f6990d69b,captain,False,,,0.5102,driver nashe mein tha,safety,0.0258,True
bc61e55c-088e-4902-bf8e-813fe6418b5f,captain,True,money,penalty,0.6071,money deducted from wallet without a ride,money,0.0671,True
411d2246-29f3-4ffe-80c9-cf4c01ef9f40,captain,False,,,0.611,driver nashe mein tha,safety,0.0197,False
65473c47-2b47-4e25-8deb-5338879bab0e,captain,False,,,0.4996,app forced me to add a tip to get a ride,tip,-0.0654,False
80c19a26-47f4-413f-a22f-9a2b448127c6,captain,True,money,paisa,0.7107,captain ne zyada paise maange,tip,0.1224,True
c6235036-7616-4ea5-8346-8d6a0311a0cd,captain,False,,,0.6191,driver nashe mein tha,safety,0.0764,True
ae0ba941-1cff-4e8f-a6dc-45c279983a21,captain,False,,,0.5861,app forced me to add a tip to get a ride,tip,0.0684,True
61edd351-3543-4ce7-a10e-8cfbf40da3d9,captain,False,,,0.5412,captain ne zyada paise maange,tip,0.0117,False
64229ab0-00c9-46be-9b26-81a033ceb14f,captain,False,,,0.5315,refund not received,money,0.1001,True
ef24e011-d51c-4538-866c-bad2ee6d57e8,captain,False,,,0.532,app forced me to add a tip to get a ride,tip,-0.1375,False
dbe51084-a96b-4dd9-91a2-ec918d1cd5f2,captain,False,,,0.53,driver nashe mein tha,safety,-0.059,False
621931fa-34de-4f64-aaf7-8163ffa24b2b,captain,False,,,0.5923,app forced me to add a tip to get a ride,tip,0.0649,True
6137c214-32d8-4000-8078-9dfffe1816fb,captain,False,,,0.569,I felt unsafe during the ride,safety,-0.0061,False
403cf89a-875c-499a-ba31-04532078fefc,captain,False,,,0.5569,app forced me to add a tip to get a ride,tip,-0.1516,False
5ded9e9e-63d0-4a6e-b4a5-e592fdbf80ee,captain,False,,,0.5387,refund not received,money,0.05,True
f15bd682-9244-4b49-84ee-266ac77621b6,captain,False,,,0.5288,refund not received,money,0.0877,True
a55ffa19-2be4-4655-bfd2-3a7c2737e7e5,captain,False,,,0.6302,app forced me to add a tip to get a ride,tip,0.0984,True
0ac32327-c8fe-4829-844b-f2726e4f550e,captain,False,,,0.5782,driver nashe mein tha,safety,-0.0839,False
082cf710-348a-4ac1-bfa8-06158cb56048,captain,False,,,0.5733,captain ne zyada paise maange,tip,-0.0059,False
2636e619-a053-4fe7-8b8d-c7770f45ec0d,captain,False,,,0.671,driver nashe mein tha,safety,0.0697,True
b5760796-1afe-40e4-9ed0-0edd9b781c02,captain,False,,,0.5686,driver nashe mein tha,safety,-0.0429,False
42e57b44-8a6b-4104-a431-516f080496bb,captain,False,,,0.5405,driver nashe mein tha,safety,-0.2195,False
68677b55-51c8-41a9-a5ea-89c3651b24f5,captain,False,,,0.5355,captain ne zyada paise maange,tip,-0.123,False
4db3ca41-cd32-4e32-ab07-bdbc2fc80b7a,captain,False,,,0.5583,final fare was much higher than shown,money,-0.0235,False
3bdd38f8-7144-45f2-bfba-0124b50cfe3c,captain,False,,,0.5692,driver nashe mein tha,safety,-0.1825,False
88b62c2c-81b5-409e-adfb-357a374a3a33,captain,False,,,0.507,my earnings or incentive were not paid,money,0.0027,False
3c5acfeb-b535-4299-afad-33afe38ed6cb,captain,False,,,0.6177,driver was drunk,safety,0.0562,True
cf59bd7d-790c-4040-8dfe-13cf28bf79e4,captain,True,money,deduct;wallet,0.5682,app forced me to add a tip to get a ride,tip,-0.0552,False
9ac2d98a-5dd6-4f8c-8d24-48ef21de6105,captain,False,,,0.5469,captain ne zyada paise maange,tip,-0.1752,False
1dc540a2-a2d8-4151-89ef-6380944aad12,captain,True,money,cancellation charge,0.6851,captain ne zyada paise maange,tip,0.0805,True
9eb4cf87-4c9a-4894-a608-49bb5116ae61,captain,False,,,0.5778,driver nashe mein tha,safety,-0.0312,False
2cd91fa4-2b13-4d02-8a99-ced975a7f0e0,captain,False,,,0.4713,driver nashe mein tha,safety,-0.3584,False
937d338a-12a7-4ac0-9f5b-1c15e529face,captain,False,,,0.6175,captain ne zyada paise maange,tip,0.0961,True
027f0aaa-f701-490e-9db9-fa00e9524f4a,captain,False,,,0.4938,money deducted from wallet without a ride,money,-0.0425,False
f8cd819a-eb05-4053-bff6-4b911191d28f,captain,False,,,0.5188,I felt unsafe during the ride,safety,0.0961,True
20d17a15-812d-4d8f-b42d-3c661bbc67d1,captain,False,,,0.5446,captain ne zyada paise maange,tip,-0.2232,False
b47e3d7a-bcee-46a7-ac78-c7303f736eca,captain,False,,,0.5299,driver nashe mein tha,safety,0.0751,True
90ec1619-f70a-4af0-8f7b-191178d2d8ec,captain,False,,,0.5914,app forced me to add a tip to get a ride,tip,0.0698,True
841fc267-0b5f-41b1-8578-4c973b2cec11,captain,False,,,0.5447,final fare was much higher than shown,money,-0.0161,False
ca815e49-5e40-403b-892f-63bec66fedeb,captain,False,,,0.5688,refund not received,money,0.0165,False
9951b0e9-4106-4b02-8251-6b111d2cae5e,captain,False,,,0.5746,captain asked for a tip,tip,0.001,False
6322fd51-e373-42e8-a0fc-0a739e62f195,captain,False,,,0.5512,my earnings or incentive were not paid,money,0.1244,True
adca5989-c17f-4582-85cd-0c6966e39eda,captain,False,,,0.5996,app forced me to add a tip to get a ride,tip,0.0253,True
eaa9d8a1-bda5-4ea2-b399-fdfb4e76e7c3,captain,False,,,0.5888,captain ne zyada paise maange,tip,-0.0225,False
31797cf2-f9f5-4c2a-8255-869539946ea8,captain,False,,,0.5679,app forced me to add a tip to get a ride,tip,0.0606,True
26c70cbc-7fc7-4c2e-b94a-3602ada14f77,captain,False,,,0.5853,driver nashe mein tha,safety,0.0157,False
d4d25c59-6ae4-44d1-ba7c-3f55de6454b7,captain,False,,,0.5645,captain touched me inappropriately,safety,-0.0352,False
51456320-8396-4176-b512-58cbc8f62122,captain,False,,,0.5456,charged a cancellation fee unfairly,money,0.1214,True
12717f87-f35b-4408-a8c9-61b29d437b4f,captain,False,,,0.5632,captain asked for a tip,tip,0.0283,True
a9f7e4ec-3bd4-41ef-9e82-0c9299fa5a6a,captain,False,,,0.4722,captain touched me inappropriately,safety,0.0048,False
ddf8a44c-cc9e-4708-92a7-53c3c72152e7,captain,False,,,0.6644,driver nashe mein tha,safety,-0.0535,False
e83e0c64-758a-4470-86ee-86318b335989,captain,False,,,0.5793,paid but the ride never happened,money,0.1025,True
7f0552f8-2b62-4e5b-b76e-23ee0b2b6ed1,captain,False,,,0.6883,captain ne zyada paise maange,tip,0.1244,True
0004fa1d-843c-4358-9de9-1f5e85f62b7a,captain,False,,,0.5435,driver nashe mein tha,safety,-0.0603,False
24b6d539-315e-4cf0-8c1f-fd581ec09b12,captain,False,,,0.5082,driver nashe mein tha,safety,-0.1678,False
6e4ea6f4-f3b8-4f24-ad3d-9795feb51531,captain,False,,,0.5941,money deducted from wallet without a ride,money,0.0621,True
e2f0d417-4b8b-4322-87a8-244b233c370b,captain,False,,,0.5632,captain ne zyada paise maange,tip,-0.1361,False
61a04cb2-c603-41d6-8e1f-e98b71fc59b8,captain,True,money,fraud,0.5367,charged a cancellation fee unfairly,money,0.0234,True
836e3ec2-e131-44c9-b800-580d0885f529,captain,False,,,0.5591,app forced me to add a tip to get a ride,tip,-0.142,False
92402084-6eca-4bdd-9f04-424418fad919,captain,False,,,0.6149,money deducted from wallet without a ride,money,0.0399,True
721963b4-9b81-4db1-a8b2-d8b97e583d7d,captain,False,,,0.4729,driver nashe mein tha,safety,0.0243,True
7618eedf-9538-4459-9698-7c208673f823,captain,False,,,0.4501,app forced me to add a tip to get a ride,tip,-0.0212,False
64073c23-0a02-489f-9fd0-47e120fc3f5e,captain,False,,,0.6454,charged a cancellation fee unfairly,money,0.1417,True
c735e36f-7990-4cbb-930d-ab9c4dad9f07,captain,False,,,0.4807,driver was drunk,safety,-0.0945,False
6f44603b-6d7a-402f-80b3-ae4d73330c4b,captain,False,,,0.5458,driver nashe mein tha,safety,-0.0348,False
2d64b950-35ef-4670-8bd9-3d74ca087971,captain,False,,,0.4835,driver nashe mein tha,safety,-0.1191,False
cfddc914-fdd9-4612-b456-d7191fb7a54a,captain,False,,,0.5707,final fare was much higher than shown,money,-0.0701,False
687fe5ad-a467-4b8e-b662-e8e7b3f5a8d1,captain,False,,,0.476,captain touched me inappropriately,safety,0.0324,True
ffb9cec8-e5e6-4521-9585-ad4f209c849e,captain,False,,,0.5989,final fare was much higher than shown,money,0.0728,True
683427cc-29b1-4702-bbc2-184ea9040a3e,captain,False,,,0.5409,I felt unsafe during the ride,safety,0.0676,True
e6432cac-b45a-4cbe-9f31-2c98c8859279,captain,False,,,0.73,driver nashe mein tha,safety,0.0654,True
522f381e-c93a-4fbf-9127-22ccb434ada9,captain,False,,,0.6463,final fare was much higher than shown,money,0.0954,True
03bf0ee3-8cd9-4542-957f-fff3cb997d31,captain,False,,,0.7005,captain misbehaved and used abusive language,safety,0.1057,True
f8b703fa-06ae-4f9b-b645-31a27f5fd655,captain,False,,,0.6365,captain ne zyada paise maange,tip,-0.0073,False
cecd91f4-c3a5-4b9a-941c-97e0e729d804,captain,False,,,0.5263,captain misbehaved and used abusive language,safety,0.012,False
ecf6f473-4389-4728-82cf-ad781ef85bf6,captain,False,,,0.6153,refund not received,money,0.1787,True
c389573b-aa28-46fd-ae7b-62e68be1e900,captain,True,money,cheating,0.6035,captain was driving rashly and dangerously,safety,0.0849,True
d0e6e228-3b51-4a3b-b76b-07719e7e2683,captain,False,,,0.5076,captain ne zyada paise maange,tip,-0.2196,False
555417bc-5756-4427-84da-f184ed29ae0d,captain,False,,,0.6872,no helmet was given for the bike ride,safety,0.0417,True
648d1413-8606-43de-87b5-f52d7e80302d,captain,False,,,0.5969,captain ne zyada paise maange,tip,-0.1713,False
ccf31396-d91b-41db-ad80-87f1a9dd9373,captain,False,,,0.6262,driver nashe mein tha,safety,-0.1408,False
e4e6cfcc-3ba8-4a5b-a53d-58c0325829a6,captain,False,,,0.4846,driver nashe mein tha,safety,0.035,True
7095c71f-c9ad-4408-9fe2-d049c6f7c1c4,captain,False,,,0.5819,my earnings or incentive were not paid,money,0.1119,True
6aa1deb6-f010-445e-b9d9-ba5c1b825fd9,captain,False,,,0.6264,captain ne zyada paise maange,tip,-0.0512,False
2ea89ed3-65e8-4998-8569-ad30214a5430,captain,False,,,0.6286,captain misbehaved and used abusive language,safety,0.0899,True
a5c8aa34-2a65-44e9-b184-20eb14c6c2ea,captain,False,,,0.5383,captain ne zyada paise maange,tip,-0.0971,False
a18da86b-bb7b-40e6-9532-62a2844bafaa,captain,False,,,0.4994,customer threatened and abused the captain,safety,0.0879,True
c43b7907-35d1-4728-a53e-1bafe85a1d7b,captain,False,,,0.5713,driver nashe mein tha,safety,-0.0815,False
c43694e6-bdb5-43ab-93ab-5091d468d4ea,captain,False,,,0.5577,app forced me to add a tip to get a ride,tip,-0.2492,False
eb4a17c8-1c5c-4466-8d1b-fd850720e0b5,captain,False,,,0.7216,driver nashe mein tha,safety,-0.0291,False
71c78e32-f7ca-4f51-af47-065f572229aa,captain,False,,,0.5242,final fare was much higher than shown,money,-0.0411,False
54a41f83-1e99-4c50-b921-2aed983a2d55,captain,False,,,0.5578,paid but the ride never happened,money,0.051,True
4a672303-fc3f-4c69-ae5d-d3606fb20c6b,captain,False,,,0.4961,my earnings or incentive were not paid,money,0.0535,True
d73405aa-2fdf-4a15-b998-e58990c3a0bc,captain,False,,,0.523,captain asked for a tip,tip,-0.1735,False
dc33db84-6242-4c4f-a862-f0f1ed08368c,captain,True,money,paisa,0.6849,captain ne zyada paise maange,tip,0.123,True
2a1315f8-4d4f-41e4-b0f4-349bf0aaa87e,captain,False,,,0.6293,driver nashe mein tha,safety,0.0675,True
c08a2d1c-0d5d-4fc5-9f09-bba84317fa45,captain,False,,,0.53,app forced me to add a tip to get a ride,tip,-0.3229,False
84969d7c-dbdc-402e-87ff-1cb6304c8c0b,captain,False,,,0.6003,app forced me to add a tip to get a ride,tip,0.0002,False
cd95c650-ced2-45d1-be00-50d62c52b544,captain,False,,,0.5799,driver nashe mein tha,safety,-0.0116,False
30ec392e-8c8d-4b11-927f-0be7be955ead,captain,False,,,0.6691,driver nashe mein tha,safety,0.0379,True
01236b51-5e91-46a5-8a18-3b89a50a21e7,captain,False,,,0.53,refund not received,money,0.0841,True
c9abcc1e-8928-4613-b0b6-8717556ba323,captain,False,,,0.6471,paid but the ride never happened,money,0.0514,True
108357a0-6acb-454a-8446-c41defcde984,captain,False,,,0.5844,driver nashe mein tha,safety,0.0318,True
e3dd9d9c-fbf3-4336-9a9b-313fe60e1666,captain,True,money,paise,0.6308,captain ne zyada paise maange,tip,-0.0255,False
ca48fccd-6488-4692-826b-c5a11aae78ce,captain,False,,,0.5156,money deducted from wallet without a ride,money,-0.0261,False
ce5d88ef-7321-4af2-bc42-68feb1ad7327,captain,False,,,0.4661,driver nashe mein tha,safety,0.0829,True
0d36427e-2b64-46c8-96b7-a286f94e9e05,captain,False,,,0.5781,app forced me to add a tip to get a ride,tip,0.0467,True
398cb6a1-486f-40b0-99b9-b6bbee24b6c2,captain,False,,,0.5929,captain asked for a tip,tip,0.0004,False
88e7d198-ce8f-4865-b205-7467686d7ea4,captain,True,money,paisa,0.6205,captain ne zyada paise maange,tip,0.0381,True
bb1162be-bcee-45ae-92de-5b0522efed9b,captain,False,,,0.6079,refund not received,money,0.0234,True
e5d87e21-d74d-4381-9523-dbd7a8f3f734,captain,False,,,0.6215,charged a cancellation fee unfairly,money,0.1612,True
27b5f18d-7200-4a6c-8c39-522b96fe60dc,captain,True,money,penalty,0.6869,I felt unsafe during the ride,safety,0.1068,True
b92ac238-74f7-44e7-92c5-b52e3be548aa,captain,False,,,0.5642,driver nashe mein tha,safety,-0.1789,False
410660eb-60d0-46fd-9d6f-584d4582d241,captain,False,,,0.6246,driver nashe mein tha,safety,-0.0712,False
cfb285ca-e166-4b3b-aaf7-badf69839c33,captain,False,,,0.7171,captain was driving rashly and dangerously,safety,0.1487,True
c7416282-5692-4109-9cbb-86c843ec2a51,captain,False,,,0.6039,driver nashe mein tha,safety,-0.0153,False
2615cd50-fb6b-44c7-9389-5c7fb92badba,captain,True,money,paisa,0.7359,captain ne zyada paise maange,tip,0.1034,True
9df53109-acf5-41ce-bbe6-d672d6a36a6f,captain,False,,,0.6411,customer threatened and abused the captain,safety,0.0877,True
8754afce-a254-4d1f-a1c5-c4e50c5aeeb1,captain,False,,,0.6189,captain ne zyada paise maange,tip,0.0044,False
e8a4a53f-9945-4259-9c35-2b68ab3aca9e,captain,False,,,0.6162,captain ne zyada paise maange,tip,-0.009,False
440719b1-17b1-455f-a1a4-4cc54ab05276,captain,False,,,0.7372,refund not received,money,0.1494,True
b70dd8cb-0efe-4515-b73c-22bd705f9fab,captain,True,money,paisa,0.6492,captain ne zyada paise maange,tip,0.0988,True
d36358dd-dc68-47ad-8cee-90d9620a1e45,captain,False,,,0.4992,captain asked for a tip,tip,0.004,False
c43446fc-7241-4719-9a7f-defc011f27ce,captain,False,,,0.5421,captain misbehaved and used abusive language,safety,-0.0226,False
5bfc48ea-9e48-4783-b195-e31c4a7213f3,captain,False,,,0.5108,driver nashe mein tha,safety,0.012,False
84826ffe-9a87-4e5e-96a0-0b9f0b658c24,captain,False,,,0.6159,final fare was much higher than shown,money,-0.0876,False
d5311648-47a0-461d-bcfa-c88913a9660c,captain,True,safety,दुर्घटना,0.5941,driver nashe mein tha,safety,0.0023,False
ac6ecdab-3117-44fc-a220-0e2ec05e7673,captain,False,,,0.5529,final fare was much higher than shown,money,0.038,True
c8c9e202-f135-442b-b9b4-df819e113e07,captain,False,,,0.5556,paid but the ride never happened,money,0.0427,True
c5ad3b71-f98f-4b44-8288-b96658e8cc88,captain,False,,,0.529,customer threatened and abused the captain,safety,-0.2331,False
93c43629-483b-4073-b233-db43bf49bd8e,captain,False,,,0.4198,final fare was much higher than shown,money,0.0457,True
546660f9-2634-4e7d-a7de-8c76cd8b2695,captain,False,,,0.6146,captain ne zyada paise maange,tip,-0.0633,False
f30a520a-a374-4363-a302-b43437782148,captain,False,,,0.5083,captain ne zyada paise maange,tip,-0.2489,False
96f48189-a58a-4064-ab9a-d882eea9370e,captain,False,,,0.647,captain ne zyada paise maange,tip,0.0015,False
226fff1c-eb9c-45ba-b090-b7aeb35b35ce,captain,False,,,0.5841,captain asked for a tip,tip,-0.0279,False
d755acd7-7bfb-4539-b8c1-3b5f8d934fd3,captain,False,,,0.7079,captain ne zyada paise maange,tip,0.0545,True
a6b48cb7-e3b0-4a08-94eb-fa5de32ed92d,captain,False,,,0.6005,driver nashe mein tha,safety,-0.073,False
57a72306-42aa-4426-8a6c-a0797fb2df1a,captain,True,money,deduction,0.5928,final fare was much higher than shown,money,0.0701,True
01e530eb-716e-4779-9b4a-8d36ee45a15e,captain,False,,,0.5364,charged a cancellation fee unfairly,money,-0.1233,False
fd45dd13-ec1a-465c-a615-76135936bbbb,captain,False,,,0.4975,final fare was much higher than shown,money,-0.1606,False
66a4f50c-5cdc-4aa3-9f7a-0900f6e70285,captain,False,,,0.4816,money deducted from wallet without a ride,money,0.0713,True
d1f56cc9-9fb3-4368-a82e-14f7a758853b,captain,False,,,0.6134,driver nashe mein tha,safety,-0.0983,False
8a96ed23-2928-4bfa-a601-29d55928990f,captain,False,,,0.5494,driver nashe mein tha,safety,-0.0235,False
0426833f-6315-4edd-b933-a1ae8a2064e3,captain,False,,,0.6244,money deducted from wallet without a ride,money,0.0401,True
f2f75e8f-b5ce-4b24-80c3-b49358e18081,captain,False,,,0.4358,captain ne zyada paise maange,tip,-0.1784,False
f10a77dd-38fd-4593-9b64-2ef40c3c6afc,captain,True,money,cheating,0.5177,charged a cancellation fee unfairly,money,-0.0254,False
5d0b34be-0344-497e-af0d-ffa49289924a,captain,False,,,0.6478,customer threatened and abused the captain,safety,0.062,True
34ee9973-d8f9-40f5-bc45-4b65d9f6534a,captain,False,,,0.5945,driver nashe mein tha,safety,0.0138,False
69e71850-6e10-42c2-9b70-7d5c4aff7869,captain,False,,,0.4645,charged a cancellation fee unfairly,money,-0.0734,False
aceee0e0-9fd5-4c5d-b14a-31759cf0e06f,captain,False,,,0.5543,captain ne zyada paise maange,tip,-0.1059,False
c9f82b6b-b65e-43b9-9ea2-b88a7f6c8443,captain,False,,,0.5619,driver nashe mein tha,safety,-0.1225,False
401730b0-1080-49ca-a6b2-f6b974e36fb9,captain,False,,,0.5011,no helmet was given for the bike ride,safety,0.0504,True
b572dc8e-115e-459e-b80a-e05ab180167a,captain,False,,,0.6561,captain ne zyada paise maange,tip,0.042,True
729099ad-bb93-4fb9-bed3-a2e19ed05628,captain,False,,,0.5357,captain ne zyada paise maange,tip,-0.2644,False
1744c098-aeca-403a-83d4-9fab2d7ee051,captain,False,,,0.5981,app forced me to add a tip to get a ride,tip,0.0217,True
55700a77-1f35-438f-86b7-b242988fa884,captain,False,,,0.6004,driver nashe mein tha,safety,0.0525,True
95020c58-38df-418e-a6e1-21e15f13074e,captain,True,money,fraud,0.5421,charged a cancellation fee unfairly,money,0.0329,True
a8a516f1-5729-4c89-830a-82da4450f981,captain,False,,,0.5318,driver nashe mein tha,safety,0.0044,False
36e1c090-b4e0-4d6c-b225-c9b46b38091d,captain,False,,,0.6735,customer threatened and abused the captain,safety,0.0068,False
4413b890-a236-45b2-87f8-f7e2aa8ab34f,captain,True,safety,not safe,0.6833,I felt unsafe during the ride,safety,0.0759,True
a81c962a-64e3-492a-9af9-20602abcfc72,captain,False,,,0.6868,driver nashe mein tha,safety,0.0635,True
7c773830-22da-4400-8797-4185e7393d33,captain,False,,,0.6181,final fare was much higher than shown,money,-0.0221,False
492ef2a9-41f6-4d5f-9f6d-933c14af9b42,captain,False,,,0.5728,captain misbehaved and used abusive language,safety,0.0527,True
b933ffab-e2d7-4756-8188-1ab202403588,captain,False,,,0.5935,driver nashe mein tha,safety,0.0224,True
32b57ec8-c86b-4ec9-87dc-e2a30af1da35,captain,False,,,0.6132,penalty deducted from captain earnings unfairly,money,0.1291,True
9e54002c-7de7-46d5-9c81-c7ed4717a68d,captain,False,,,0.5825,driver nashe mein tha,safety,-0.0655,False
5784dad7-08ee-421d-9420-1ccceff880ef,captain,False,,,0.5787,app forced me to add a tip to get a ride,tip,0.0411,True
b3fabcae-7e0c-4250-a9cd-727c29764917,captain,False,,,0.6352,driver nashe mein tha,safety,-0.0597,False
093af6a9-9eb6-4d92-b541-b9b8d5b38d30,captain,False,,,0.5602,customer threatened and abused the captain,safety,0.0541,True
bb58a9f5-31d7-4a5d-87ba-b54d18ec340a,captain,False,,,0.5127,app forced me to add a tip to get a ride,tip,-0.2698,False
e1e30253-2c9c-4215-afe7-f289d09e83f4,captain,False,,,0.5394,I felt unsafe during the ride,safety,-0.0648,False
3ef19d11-25cf-42ea-8802-b8062d60a0f0,captain,False,,,0.5149,driver nashe mein tha,safety,0.0251,True
deffdd47-a8ed-4b70-afe7-6a4bb057e766,captain,False,,,0.7004,driver nashe mein tha,safety,-0.0036,False
8c855482-10d8-4af5-82f8-e7344c10b3be,captain,False,,,0.5808,captain was driving rashly and dangerously,safety,0.0484,True
f3a941e9-ae82-43fe-ac0d-22237cc9d641,captain,False,,,0.6186,final fare was much higher than shown,money,0.0825,True
b6d4abb1-1b7f-49b3-8a58-9d041c88a3cd,captain,False,,,0.4832,captain misbehaved and used abusive language,safety,-0.0172,False
010db043-1a79-459c-ae1a-49e0d09c8149,captain,False,,,0.5698,refund not received,money,0.0429,True
05dc2a90-4707-485a-9fbe-a78e294ca6d3,captain,True,money,fraud,0.5804,captain was driving rashly and dangerously,safety,0.1321,True
353e1ee9-debf-41cb-a0e9-8a71f5551c5d,captain,False,,,0.5579,driver nashe mein tha,safety,-0.0478,False
efb9201f-2d5e-40bb-a3d1-384e7938037c,captain,False,,,0.5841,I felt unsafe during the ride,safety,0.0839,True
39bd7a44-fd19-4d57-a5b3-01655accc6ff,captain,False,,,0.7718,captain misbehaved and used abusive language,safety,0.1378,True
6ddb606c-df44-4e86-ab19-c5249771b8d2,captain,False,,,0.5732,app forced me to add a tip to get a ride,tip,0.0101,False
57bf7b90-48d7-4ba8-8e85-c752a8872e35,captain,False,,,0.6808,captain ne zyada paise maange,tip,0.1112,True
c1bd433a-671f-4602-becf-18d69d3eb383,captain,True,money,पैसे,0.5859,app forced me to add a tip to get a ride,tip,0.0436,True
7076c4ba-f1f3-4df3-95c9-1d8747004f9e,captain,False,,,0.7641,driver nashe mein tha,safety,-0.1058,False
3b192080-dd90-4091-8218-dc0a96018931,captain,False,,,0.4486,captain touched me inappropriately,safety,-0.1181,False
215010be-3432-419e-8e21-a5d5bdc83df6,captain,True,safety,dangerous,0.7224,captain was driving rashly and dangerously,safety,0.0497,True
e3d4080a-d794-458a-b868-dc035c1b62e8,captain,False,,,0.5823,captain asked for a tip,tip,0.07,True
68beca93-8b92-4c96-876b-e04e7298ef6e,captain,False,,,0.6981,captain ne zyada paise maange,tip,0.1512,True
999ce311-83cf-4f58-a649-3a536eaa8a83,captain,False,,,0.5867,captain was driving rashly and dangerously,safety,-0.0321,False
0db51b57-402a-4cd0-912d-69098662db1a,captain,False,,,0.6692,driver nashe mein tha,safety,-0.0382,False
04a2ef6e-4372-4b6c-8f5b-70c3b42efe26,captain,False,,,0.5391,app forced me to add a tip to get a ride,tip,-0.0336,False
3ff688e3-b2f6-496f-a965-4d9361ac5a20,captain,True,money,fraud,0.5479,charged a cancellation fee unfairly,money,-0.0134,False
657f9ed6-e16c-4324-9f78-733e9306c005,captain,False,,,0.5408,app forced me to add a tip to get a ride,tip,0.0315,True
9be062a5-2643-41b3-8942-823232fdb63e,captain,True,money,wallet,0.6228,app forced me to add a tip to get a ride,tip,0.1078,True
b9b64ec5-cf97-4946-bdbf-d852f259a1e6,captain,False,,,0.6104,driver nashe mein tha,safety,-0.1061,False
0172ba03-ad1c-4cce-b3f7-ace3a648739e,captain,False,,,0.5793,I felt unsafe during the ride,safety,0.0792,True
5f38d8e2-7576-43d6-8b5d-cbeb55c1f067,captain,False,,,0.664,captain ne zyada paise maange,tip,0.094,True
19416798-5e0b-4329-a356-1119082ac0f9,captain,False,,,0.772,driver nashe mein tha,safety,0.0186,False
8f72794f-6555-4c37-8c17-3885f1968d0a,captain,False,,,0.5709,customer threatened and abused the captain,safety,0.0441,True
1c4db9e0-6215-4906-9507-fbac64b35678,captain,False,,,0.6016,charged a cancellation fee unfairly,money,0.0613,True
91788f33-7a3e-40e0-81be-a9f7ff96743a,captain,False,,,0.5473,captain asked for a tip,tip,0.0072,False
e448fa06-5ae7-4db7-8500-174a2c41c3d4,captain,False,,,0.645,driver nashe mein tha,safety,0.0222,True
1395e981-7602-4345-9b92-554af376bd2e,captain,False,,,0.6627,driver nashe mein tha,safety,0.033,True
e51fdfac-27c6-4507-9585-4604fc5e3d3c,captain,False,,,0.5223,captain ne zyada paise maange,tip,-0.0933,False
0376c027-fc42-4fff-a456-3bde7cc41f0b,captain,False,,,0.5091,money deducted from wallet without a ride,money,0.0309,True
82b6d521-48e1-4667-a7ab-e08792761150,captain,False,,,0.5233,app forced me to add a tip to get a ride,tip,-0.1693,False
251dd406-220c-496f-86b6-9cb78325618c,captain,False,,,0.6429,driver nashe mein tha,safety,-0.03,False
40bad330-299e-491c-b870-ec3f14a752bb,captain,False,,,0.5943,my earnings or incentive were not paid,money,0.1078,True
03e23387-4f58-44f0-9401-57b0c2f1b17b,captain,False,,,0.506,refund not received,money,-0.0453,False
0f7be149-fea3-460a-8ce3-1532dc4c0776,captain,False,,,0.587,charged a cancellation fee unfairly,money,0.0456,True
55648258-fbb6-43db-9d14-4697d2807047,captain,False,,,0.5509,captain asked for a tip,tip,0.0162,False
f23641e4-b8ef-4f5f-b727-41861bc1b7ee,captain,False,,,0.4739,captain ne zyada paise maange,tip,-0.2516,False
a881a30c-ffb0-498c-8c5f-ddfc080dfc2a,captain,False,,,0.5858,money deducted from wallet without a ride,money,0.0399,True
eff2b638-9063-410d-84c2-142030ec067a,captain,False,,,0.4997,app forced me to add a tip to get a ride,tip,-0.3259,False
21760158-acb8-4a65-9a72-2fc304004245,captain,False,,,0.6664,captain asked for a tip,tip,-0.0047,False
6caa15bd-b330-41b4-aef3-0f9cba0d7821,captain,False,,,0.6319,charged a cancellation fee unfairly,money,0.1071,True
724d6609-0e16-493f-b9c0-ef7e99e5a9a8,captain,False,,,0.5053,money deducted from wallet without a ride,money,0.0033,False
4a331f57-4791-4614-bced-a8a156216ca9,captain,False,,,0.5298,driver nashe mein tha,safety,-0.1314,False
62f6e50e-274e-4c39-b5ce-5ce1e536cf84,captain,False,,,0.6079,captain ne zyada paise maange,tip,0.0024,False
2c3eacba-bdd1-4aff-b6ba-9e9ea61479f1,captain,False,,,0.5232,refund not received,money,0.0757,True
14f1d1a1-a4c5-4784-8f92-0623fde55acd,captain,False,,,0.6427,driver nashe mein tha,safety,0.0587,True
0f1e4126-8229-4622-9c05-a532db433e33,captain,False,,,0.4391,money deducted from wallet without a ride,money,-0.0951,False
fe10c5b0-7b24-444d-adc5-99668564f6a4,captain,False,,,0.5624,captain ne zyada paise maange,tip,0.022,True
ebd46f0d-a3f9-4071-a15a-f273e245794a,captain,False,,,0.6233,driver nashe mein tha,safety,0.01,False
737f6039-abc3-4a99-8f96-bc420304e2e4,captain,False,,,0.5704,captain asked for a tip,tip,-0.0067,False
6829880e-37c4-459d-b1e5-75a33e6eaafc,captain,False,,,0.6925,penalty deducted from captain earnings unfairly,money,0.0888,True
aa351737-4465-4a40-b8c8-6b63a31061fb,captain,False,,,0.7122,driver nashe mein tha,safety,-0.0659,False
2128b2b3-1be2-4c50-8921-2c129b5cd47f,captain,False,,,0.5357,final fare was much higher than shown,money,-0.2071,False
3d96a393-0e58-4653-808b-b284fd19de4b,captain,False,,,0.5819,captain ne zyada paise maange,tip,-0.32,False
bbdfd118-14c2-4743-82fe-d1c2e9be0b21,captain,False,,,0.471,captain asked for a tip,tip,-0.0394,False
327b1abc-311a-4103-8bb3-2c917989beca,captain,False,,,0.6652,driver nashe mein tha,safety,0.0732,True
94b54ddb-387e-4a56-bb12-7bd7a4e3316e,captain,True,safety,abusive,0.6449,captain misbehaved and used abusive language,safety,0.0928,True
6539eb1c-caa0-4653-9075-c945c01649ae,captain,False,,,0.6192,driver nashe mein tha,safety,-0.0743,False
43c8342a-94c9-4a5c-ae88-0a60e14473c1,captain,False,,,0.6641,app forced me to add a tip to get a ride,tip,-0.1061,False
fa6ed01d-6ee7-4869-a140-997f55c4475c,captain,False,,,0.6292,app forced me to add a tip to get a ride,tip,0.0275,True
d58125d1-4926-428d-b442-072ffee8e872,captain,False,,,0.5321,driver nashe mein tha,safety,-0.1477,False
6ba4a538-2911-4f2a-9e4e-090bdac4844f,captain,False,,,0.4933,app forced me to add a tip to get a ride,tip,-0.2375,False
293a7c0a-d219-4a27-9ce6-cb24c1537ecf,captain,True,money,fraud;paise,0.5925,charged a cancellation fee unfairly,money,-0.0066,False
a020eeda-b3ec-4926-87e6-19a0f5ac082d,captain,False,,,0.5638,I felt unsafe during the ride,safety,-0.0238,False
5bd05b09-b889-43f5-99bd-68e674f7e193,captain,False,,,0.5266,driver nashe mein tha,safety,0.0148,False
9b88d452-b89c-4d1c-8d07-5ccbb66bcd41,captain,True,money,cheating;deducted;deductions,0.6783,penalty deducted from captain earnings unfairly,money,0.1366,True
08643749-c822-4c56-aadc-be5a6b9cf1bf,captain,True,money,fraud;kaat liya,0.6119,charged a cancellation fee unfairly,money,0.0608,True
599db143-9822-43fe-b904-4651401ac6f5,captain,False,,,0.6184,driver nashe mein tha,safety,-0.0805,False
124d4d36-1473-4b17-b4ad-c4044653deb8,captain,False,,,0.6136,money deducted from wallet without a ride,money,-0.0373,False
be4090cc-ac49-4b12-8c70-2d4c5ec3c2fd,captain,False,,,0.6534,driver nashe mein tha,safety,0.0385,True
fc14e3db-e787-4d1c-b1be-30fbd38cc442,captain,False,,,0.6258,driver nashe mein tha,safety,0.0347,True
fec6ede6-48f2-4817-979e-783d42ac4eb5,captain,False,,,0.4643,driver nashe mein tha,safety,-0.0288,False
ddaf7195-6691-4522-a7cd-e7c2a54640b4,captain,False,,,0.6252,the captain harassed me,safety,0.0491,True
f3856222-2ea8-4cdf-94cb-913d37c3d8ef,captain,False,,,0.553,money deducted from wallet without a ride,money,0.0747,True
0bff1e1c-5c43-44ad-ae24-47ea6990e4f9,captain,False,,,0.493,the captain harassed me,safety,0.0355,True
87747125-2519-41fd-abbc-6ddfb72238bd,captain,False,,,0.587,app forced me to add a tip to get a ride,tip,-0.1564,False
4ef14865-baf9-42f8-854e-3b3b4a8ae83b,captain,False,,,0.5554,captain asked for a tip,tip,-0.0088,False
bbcbf8e9-5fba-4a9c-b3fa-45ca86cefb0a,captain,False,,,0.5035,captain asked for a tip,tip,-0.1041,False
2d73cfcb-410e-4155-b975-a4910fb2b41b,captain,False,,,0.5047,refund not received,money,0.052,True
6e202980-1f55-408c-b40e-ffb7659ce58e,captain,False,,,0.5626,captain ne zyada paise maange,tip,-0.0453,False
9b6bd9a1-3542-4824-80ce-7142326e0df0,captain,True,money,penalty,0.5973,customer threatened and abused the captain,safety,0.0293,True
d4b349d2-f935-427b-92d3-848b916cb98a,captain,False,,,0.5824,driver nashe mein tha,safety,-0.1002,False
87ac51f1-d4dd-4c6f-a0ee-c40a0b4d3615,captain,False,,,0.5625,captain ne zyada paise maange,tip,0.0356,True
a11d71ee-9d6c-419b-8cf4-212138919a92,captain,False,,,0.5176,captain asked for a tip,tip,0.0091,False
9998e38e-24f3-4fda-9181-a196c3cebac4,captain,False,,,0.6247,captain ne zyada paise maange,tip,0.0292,True
190a34f4-c820-4e3e-8645-fe4047b8084a,captain,True,money,fraud,0.5217,charged a cancellation fee unfairly,money,-0.0731,False
dda7d57c-7544-4891-9adb-831e6ff44afc,captain,False,,,0.6416,app forced me to add a tip to get a ride,tip,-0.01,False
ab4eddae-ce11-4861-8f74-ef0f8615a041,captain,False,,,0.6589,driver nashe mein tha,safety,0.0782,True
4d2488f5-7e48-48bc-9cf4-0b08c2bb7aac,captain,False,,,0.5725,charged a cancellation fee unfairly,money,0.0089,False
b2c2ae8f-13b8-4e2b-ae88-c3571b9e9481,captain,False,,,0.5864,customer threatened and abused the captain,safety,-0.0394,False
f46975a7-fa10-4783-b010-7d0f2c6dbb24,captain,False,,,0.5062,driver nashe mein tha,safety,-0.0248,False
ddb24789-94cb-4cf3-a836-a1f2f52befcf,captain,False,,,0.7506,driver nashe mein tha,safety,0.1068,True
ba1d8d54-501c-4ba0-a355-172e74aadac7,captain,False,,,0.6083,driver nashe mein tha,safety,0.0325,True
09ce7594-2380-4a80-84ab-d545c9d56496,captain,False,,,0.5668,refund not received,money,0.1317,True
a8c45a2e-3e45-4a75-8abd-923632f2cc1f,captain,False,,,0.5149,app forced me to add a tip to get a ride,tip,-0.1038,False
80277885-8519-4bf3-adcf-04e8c1f4de03,captain,False,,,0.5144,captain ne zyada paise maange,tip,-0.1607,False
c99c962c-56c5-4264-a10c-8db10d7c14df,captain,False,,,0.5854,final fare was much higher than shown,money,-0.0428,False
d334571a-d36c-4688-9b1a-7af7d850202c,captain,False,,,0.6457,driver nashe mein tha,safety,-0.188,False
ecc8b7ba-9714-474c-8b5b-cadf2de2d960,captain,False,,,0.5622,captain asked for a tip,tip,0.0293,True
9e0bd538-115a-4fe0-8e5a-a11489ec1d0b,captain,False,,,0.5892,final fare was much higher than shown,money,0.091,True
f2e9abda-a88d-43c4-a9d7-b7479fc7575b,captain,False,,,0.6386,penalty deducted from captain earnings unfairly,money,0.0394,True
65eb19b2-08c7-43a0-b197-a5b29d02389f,captain,False,,,0.5319,driver nashe mein tha,safety,-0.1678,False
379a9c94-9a95-4e61-b936-39fbab1c8d92,captain,False,,,0.6051,captain ne zyada paise maange,tip,0.021,False
b9a86aaa-10e5-49ad-ae7d-64a24898df65,captain,False,,,0.6037,driver nashe mein tha,safety,0.0637,True
453d6056-f537-4c7e-ab9c-626a253902e8,captain,False,,,0.6245,captain ne zyada paise maange,tip,0.0408,True
ced233f2-cdb9-4623-90ff-2e8b268218cb,captain,False,,,0.6522,driver nashe mein tha,safety,0.0356,True
c2e303c2-4fd8-4f6b-8ecb-b84d4f9d13b0,captain,False,,,0.5226,app forced me to add a tip to get a ride,tip,-0.0041,False
2d0f5ba5-6492-4aba-adeb-ec7fa8394316,captain,False,,,0.5212,captain ne zyada paise maange,tip,-0.2067,False
26f21eee-91c4-4f35-a4d6-5bdc886561e7,captain,False,,,0.5614,the captain harassed me,safety,0.0765,True
ad17d01b-e0b2-4ae1-b435-0ef550d076b6,captain,False,,,0.5699,captain was driving rashly and dangerously,safety,-0.0309,False
42f41aca-2ccf-4965-8622-f2dae0c3ca39,captain,False,,,0.5842,money deducted from wallet without a ride,money,-0.0151,False
607dd471-e41b-4f9e-ab91-b706a2568d1e,captain,False,,,0.5896,captain ne zyada paise maange,tip,-0.0826,False
94db5cd7-a74d-4815-919b-2b447d556aff,captain,False,,,0.5683,captain asked for a tip,tip,-0.1733,False
87a62eb2-b8bc-4af5-a79e-1570850d188e,captain,False,,,0.5274,I felt unsafe during the ride,safety,0.0279,True
cddfdc5b-6d80-4246-a388-ad7304c8e9b0,captain,False,,,0.6157,app forced me to add a tip to get a ride,tip,0.0257,True
a205b47d-02f7-4974-b88a-9cb7fb8ae2ef,captain,False,,,0.5787,my earnings or incentive were not paid,money,0.1247,True
1249ecea-351b-4556-9160-db5364b044b0,captain,False,,,0.6015,paid but the ride never happened,money,0.1092,True
245413f3-a2f4-4aa7-8e3c-a864086b94f6,captain,False,,,0.6504,penalty deducted from captain earnings unfairly,money,0.0916,True
cbfa983a-d383-4b57-b4e4-7ed6d71f1818,captain,False,,,0.5777,captain ne zyada paise maange,tip,0.0118,False
0852d06f-31df-46eb-802c-80986dfa6f9f,captain,False,,,0.5996,driver nashe mein tha,safety,0.0537,True
913a7c42-cd08-4b4c-81a5-2f76af45e084,captain,False,,,0.5515,app forced me to add a tip to get a ride,tip,0.0731,True
a12241e8-9839-4b65-a686-be9124bebeee,captain,False,,,0.6412,driver nashe mein tha,safety,0.0011,False
de2ad6b2-a753-42ab-90de-a500545b16d7,captain,False,,,0.5639,driver nashe mein tha,safety,-0.0422,False
c188ff25-3e11-4522-b280-c7809c5a59fd,captain,False,,,0.6578,driver nashe mein tha,safety,0.085,True
02d79332-5b64-416e-9313-550d27d33c06,captain,False,,,0.5552,driver nashe mein tha,safety,-0.1082,False
c3c5d452-68e0-4f38-81eb-e4e739f31f72,captain,True,money,paise,0.7338,driver nashe mein tha,safety,0.0678,True
cbc92c5d-6ef1-4fd0-a78f-d7490e6fd7dd,captain,False,,,0.5523,my earnings or incentive were not paid,money,0.0911,True
e5a1117e-74ba-44c0-a93d-6e04db231fd7,captain,True,money,deduction,0.5888,penalty deducted from captain earnings unfairly,money,0.0665,True
0a3886f7-9fc5-4474-a667-9ec4b220e583,captain,False,,,0.5437,driver nashe mein tha,safety,-0.0045,False
ece27b43-9b86-48be-94d5-d39f62ad3a7a,captain,False,,,0.5308,captain misbehaved and used abusive language,safety,0.0532,True
4f6df82c-7a29-4121-858d-ee198adb0b1b,captain,False,,,0.5104,I felt unsafe during the ride,safety,-0.0432,False
6118de22-7acc-40e4-86d7-f918d650ba13,captain,True,money,cancellation fee,0.6181,charged a cancellation fee unfairly,money,0.2148,True
f528fcf3-82f1-44ab-928b-59b412d6dc65,captain,True,money,fraud,0.58,charged a cancellation fee unfairly,money,0.0477,True
ae30aace-a861-4e7a-b863-55e0338e1b0b,captain,True,money,penalty,0.6125,captain misbehaved and used abusive language,safety,0.0673,True
0c4f0cb1-9773-4e04-8a32-e38f1ae847fa,captain,False,,,0.568,driver nashe mein tha,safety,-0.1431,False
4d4bccc6-71b1-4f1a-8961-b479acb6b6e9,captain,False,,,0.5672,refund not received,money,0.0678,True
2a3ebf6c-8ced-42a3-ab28-70d7bc7175c8,captain,False,,,0.6467,charged a cancellation fee unfairly,money,0.0873,True
f9451b71-4976-455d-beaa-713a8ce628c6,captain,False,,,0.6115,captain ne zyada paise maange,tip,-0.3091,False
22a692f0-4c5f-4e5a-9023-ff34760307e9,captain,False,,,0.7356,driver nashe mein tha,safety,-0.0243,False
75b19a4f-4b5b-4e49-a0a1-822043628913,captain,False,,,0.6832,charged a cancellation fee unfairly,money,0.3455,True
1bdadef8-b752-458c-a771-5a7957bb7607,captain,False,,,0.5283,money deducted from wallet without a ride,money,0.0626,True
5cc9e5cf-da71-4244-9992-ec483a9a6271,captain,False,,,0.4861,charged a cancellation fee unfairly,money,-0.0284,False
fefb8a18-e88d-44b8-beaf-f9da5349c4f1,captain,False,,,0.5526,we had an accident during the ride,safety,0.0716,True
e9c13496-8d07-4cec-bfee-097f75489c12,captain,False,,,0.6041,captain ne zyada paise maange,tip,-0.2864,False
8114dd90-819c-4003-8182-c03d3fdb96fc,captain,False,,,0.6358,captain demanded extra money in cash,tip,-0.0273,False
89fcf9f0-5743-4264-a6df-06a2b52ac68c,captain,False,,,0.6241,final fare was much higher than shown,money,0.0708,True
996820a2-618d-4532-ac6b-3c5e9177817a,captain,False,,,0.5195,driver was drunk,safety,0.0048,False
29464bb2-dfdc-4fef-8170-8e514a6aef1a,captain,False,,,0.5054,charged a cancellation fee unfairly,money,0.007,False
64efec2d-97d1-4b6e-9075-ea8668133f3f,captain,False,,,0.537,money deducted from wallet without a ride,money,0.0063,False
483a5b2c-715c-4182-96d7-36a8c370894d,captain,False,,,0.577,driver nashe mein tha,safety,0.0201,False
2bc6f0e9-37d8-433a-a550-bc4455c52abf,captain,False,,,0.5719,captain ne zyada paise maange,tip,-0.2899,False
bb55dd64-62ec-4757-8e60-816f05241aab,captain,False,,,0.5244,driver nashe mein tha,safety,-0.1653,False
b204a0bf-a00f-419b-8936-de2e4b8c3a33,captain,False,,,0.5081,charged a cancellation fee unfairly,money,0.003,False
d7ec9ebe-48af-44e7-b6b2-20c6a5b781ca,captain,True,money,deducts,0.5938,final fare was much higher than shown,money,0.0494,True
093b56d7-3fcb-42b3-a00d-e6ab26a01888,captain,False,,,0.57,driver nashe mein tha,safety,-0.0971,False
f7e2c4d9-62b7-4297-9f97-e4e822890f8d,captain,False,,,0.6141,driver nashe mein tha,safety,-0.0195,False
0f3d0d97-3b93-4ffd-b13d-497053b07bc1,captain,True,money,penalty,0.5814,app forced me to add a tip to get a ride,tip,0.0315,True
395dbe84-4566-4be5-a73b-af91f3e18235,captain,False,,,0.5989,I was charged extra money,money,0.1493,True
2e9a7973-bc1c-4996-b139-1d5a35290453,captain,False,,,0.634,captain ne zyada paise maange,tip,0.0348,True
1034deca-3ca8-4f26-b225-be106e0a082d,captain,False,,,0.5738,I felt unsafe during the ride,safety,0.0959,True
691c72e1-9775-42ae-b27b-566500bfe445,captain,False,,,0.5403,captain asked for a tip,tip,-0.3735,False
6984c1c5-552a-45cd-8d1f-7fac8ca6a120,captain,False,,,0.6378,captain ne zyada paise maange,tip,-0.1523,False
9d71210c-32fe-420f-983c-5a2ffc90ddee,captain,False,,,0.6512,app forced me to add a tip to get a ride,tip,0.1438,True
6fc1e6c7-d07b-4aad-8d3f-92fe1b5e2fe1,captain,False,,,0.6227,driver nashe mein tha,safety,0.0197,False
25a8ab3f-deda-4ed6-98fb-460f7671be62,captain,False,,,0.5507,driver nashe mein tha,safety,-0.0317,False
bad563fa-0eca-482c-8795-218ffc4cace6,captain,False,,,0.7065,captain misbehaved and used abusive language,safety,0.1579,True
c1fcf0c1-f4c0-4bd9-904c-4a8895ad328a,captain,False,,,0.6206,I felt unsafe during the ride,safety,-0.0649,False
63aaee8a-7d7c-44f1-8e58-6e96e58bce3a,captain,False,,,0.4552,refund not received,money,0.0724,True
ca33708a-42ea-42c7-8b6b-7fb77e6e2e45,captain,False,,,0.5719,captain misbehaved and used abusive language,safety,0.0848,True
e16b088a-36b2-4a98-b3ce-ba6cc808dea7,captain,False,,,0.6192,driver nashe mein tha,safety,-0.0069,False
cd4c09b6-3079-48ee-a393-76b362945d40,captain,False,,,0.6068,customer threatened and abused the captain,safety,0.1852,True
57506caf-1d08-4f7e-95e6-79d77d750b7a,captain,False,,,0.5802,driver nashe mein tha,safety,-0.0401,False
67a82610-d049-409a-af0f-5459c720cdaa,captain,False,,,0.6014,captain touched me inappropriately,safety,0.0387,True
e05374ea-0e49-4923-9cf3-bb36f1b2f94b,captain,False,,,0.5468,we had an accident during the ride,safety,0.0449,True
5c189938-d3aa-4fbc-a30e-2c55fedff2c9,captain,False,,,0.5308,money deducted from wallet without a ride,money,0.0015,False
6f93bba5-c55a-4222-9b36-be24b26d0094,captain,False,,,0.6472,driver nashe mein tha,safety,-0.0306,False
014b0f05-b1eb-4641-95b7-08aaf50f367c,captain,False,,,0.4594,captain asked for a tip,tip,-0.0202,False
94c9bf9c-43b5-41d4-8ad5-d3f4dec3ce0a,captain,False,,,0.5796,captain ne zyada paise maange,tip,-0.2221,False
79725ce7-f712-42df-838e-86c1a49afab3,captain,False,,,0.5881,driver nashe mein tha,safety,0.0228,True
a372ea93-e0ee-4f65-b0cf-c03fba1abba1,captain,False,,,0.5334,driver nashe mein tha,safety,-0.1356,False
5ffd38b5-a87a-4cd3-a212-a8e130b92ca8,captain,False,,,0.5094,app forced me to add a tip to get a ride,tip,-0.3454,False
cb9303a2-610f-439e-a4ea-fc4e8e7a0832,captain,False,,,0.5435,driver nashe mein tha,safety,-0.0339,False
e58deeee-ef66-422b-9916-66a404a370d4,captain,False,,,0.6668,driver nashe mein tha,safety,0.05,True
e647a501-0118-4f11-99d7-27cfe73b47c8,captain,False,,,0.5472,captain ne zyada paise maange,tip,-0.2286,False
832b2195-bb3d-41ed-85c1-c6f1ca4f40a1,captain,False,,,0.469,driver nashe mein tha,safety,-0.1132,False
9aa978c9-2823-4f88-916c-9c5b956777b6,captain,False,,,0.7003,driver nashe mein tha,safety,0.0417,True
d14c0136-2a52-48eb-af80-299caa4b89d6,captain,False,,,0.4829,money deducted from wallet without a ride,money,-0.0953,False
da44810c-1fc7-4e8c-89fb-fa22e6d02c44,captain,True,money,fraud,0.5352,charged a cancellation fee unfairly,money,0.022,True
398f99c5-67df-48ef-8f38-9701dda45844,captain,False,,,0.5151,customer threatened and abused the captain,safety,0.0504,True
e2bdfd6a-017e-4f7d-98f3-f45366370417,captain,False,,,0.583,captain ne zyada paise maange,tip,0.0359,True
158c8991-efaf-48d2-99b4-e8033a4c2e73,captain,False,,,0.6337,driver nashe mein tha,safety,0.0338,True
010ada92-50ae-4bc3-ba76-badfb5456478,captain,True,money,penalty,0.6438,charged a cancellation fee unfairly,money,0.1228,True
cb26455d-b2ac-4957-a5da-3b9bb90e62bf,captain,False,,,0.605,app forced me to add a tip to get a ride,tip,0.1271,True
421a71bf-3107-4eef-916d-3b0c7399d74d,captain,False,,,0.5306,captain ne zyada paise maange,tip,-0.2396,False
a5d6b877-8bcf-4c94-a210-c5df3de50458,captain,True,money,fraud,0.7674,driver nashe mein tha,safety,0.073,True
0f89997e-302f-4254-848d-6404e8c01b52,captain,False,,,0.5724,paid but the ride never happened,money,0.0788,True
ac399c8f-1b0e-4e24-ad6d-a78563bb78a9,captain,False,,,0.5325,driver nashe mein tha,safety,-0.0285,False
b2485316-1620-4a27-a072-86a86e928c65,captain,False,,,0.5572,driver nashe mein tha,safety,-0.071,False
1c19caeb-9239-4cea-ae3b-fd4ea1e54a01,captain,False,,,0.5139,refund not received,money,0.017,False
3911f86f-5e0e-4008-be8d-8b04728083c8,captain,False,,,0.6333,driver nashe mein tha,safety,0.0205,False
1dfa3e59-2040-4c17-b7a1-81fc2fbfcdc0,captain,False,,,0.668,driver nashe mein tha,safety,0.0229,True
80faa993-7270-4d5b-b72a-c6cb0c3871ff,captain,False,,,0.5909,captain ne zyada paise maange,tip,-0.309,False
8d0ffdb5-5d78-4786-aea5-b0fd220876f9,captain,False,,,0.4998,captain ne zyada paise maange,tip,0.0007,False
7085a3c7-81b6-4237-81ee-6b2cc73e4c28,captain,False,,,0.5823,captain asked for a tip,tip,0.0289,True
895cb4ed-57cc-4254-bc63-2848b2c976d1,captain,False,,,0.7047,driver nashe mein tha,safety,0.0691,True
b03c8ca1-0eb3-4722-a030-cee3cfe4c9bc,captain,False,,,0.635,money deducted from wallet without a ride,money,0.0084,False
ccd36f9b-0be5-407c-854b-2ddc534e68f4,captain,False,,,0.6135,captain ne zyada paise maange,tip,0.0441,True
e1e99524-f41c-4748-9dce-153cdb0a29d2,captain,False,,,0.5445,refund not received,money,0.078,True
6f3c526b-26fb-491f-81bf-0e79d31788c1,captain,False,,,0.4983,captain ne zyada paise maange,tip,-0.2952,False
65cdd473-ca60-4a97-b632-54cbecdcb44f,captain,False,,,0.6499,penalty deducted from captain earnings unfairly,money,0.0612,True
12eac8dd-41f1-4caf-b735-7bf81961cfa0,captain,False,,,0.5215,driver nashe mein tha,safety,-0.1358,False
3803fa5b-9660-4fbd-b75d-ee0c42f88cc2,captain,False,,,0.6142,captain ne zyada paise maange,tip,-0.012,False
a0c5803d-2405-44ae-8693-31141b78a94e,captain,False,,,0.5916,driver nashe mein tha,safety,-0.0136,False
45a1920d-a16b-4955-935c-35d269f18527,captain,False,,,0.5313,driver nashe mein tha,safety,-0.0286,False
a0785087-749c-433f-aa0c-0731a84f693b,captain,False,,,0.53,driver nashe mein tha,safety,0.0595,True
65a33a74-fc66-48e9-b4a2-bca1b56662d9,captain,False,,,0.5631,captain ne zyada paise maange,tip,-0.0586,False
8d9e8476-07cc-4911-9d0f-06d2c5180434,captain,False,,,0.5705,app forced me to add a tip to get a ride,tip,0.0117,False
7fb6becd-d4a0-4bec-aa6c-c38cad3ca557,captain,False,,,0.6049,driver nashe mein tha,safety,-0.0063,False
320d9f1e-376a-425f-81d4-23fbd3f49e30,captain,False,,,0.5383,captain asked for a tip,tip,0.0051,False
64c79291-bb49-4662-ba45-73307ec877d0,captain,False,,,0.5999,captain misbehaved and used abusive language,safety,0.0563,True
a07b12e0-0e2d-43f6-b1d1-2ed2f5b50050,captain,False,,,0.4931,driver nashe mein tha,safety,-0.0391,False
8996670e-c031-4d6d-a294-c0e29f1c413d,captain,False,,,0.5282,captain ne zyada paise maange,tip,-0.0571,False
63491870-fa8b-4673-ae17-3e47ec1bf5da,captain,False,,,0.5041,driver was drunk,safety,-0.0245,False
ccebebbd-d7b6-40d5-b975-d27ea9e2454f,captain,False,,,0.6015,driver nashe mein tha,safety,-0.1076,False
c3f5e5b5-30f8-46d1-aaa9-a362654bf3b7,captain,False,,,0.5171,final fare was much higher than shown,money,-0.1631,False
cff367ed-81d3-4190-b269-6b5e8059b553,captain,False,,,0.5255,my earnings or incentive were not paid,money,0.08,True
adbdee61-5030-4ac2-8a7e-be6dd49bc41d,captain,False,,,0.6025,the captain harassed me,safety,0.0463,True
d3d0f6b4-71a2-4183-9192-70408db2e112,captain,False,,,0.5728,charged a cancellation fee unfairly,money,-0.0112,False
cbbf629e-cdc5-4a18-82b5-80ab6cb311f0,captain,True,money,fraud,0.6347,driver nashe mein tha,safety,0.0735,True
97979713-1bb4-41b9-b9c7-41e03063ccc8,captain,False,,,0.479,customer threatened and abused the captain,safety,0.0115,False
a8c619cc-2216-4e93-b51a-9337814c9c72,captain,False,,,0.4796,captain asked for a tip,tip,0.0472,True
075ad996-97e8-49e1-8339-b4b98b5969af,captain,False,,,0.5595,app forced me to add a tip to get a ride,tip,0.0467,True
b6ed55d7-399e-4d03-a22a-760d01ed6c73,captain,False,,,0.5034,captain asked for a tip,tip,-0.1605,False
6495fbb9-e98d-4ce2-893f-70c4cbd7a3aa,captain,False,,,0.5777,driver nashe mein tha,safety,0.0144,False
16c6e31d-d192-432d-b4a8-952bcf66de06,captain,False,,,0.6394,driver nashe mein tha,safety,0.066,True
feb6e6d4-170d-4432-8d37-8931b46dddb0,captain,False,,,0.5977,charged a cancellation fee unfairly,money,0.1325,True
9b6ec6c1-a990-4048-b828-0d164ad0ff44,captain,False,,,0.4666,driver nashe mein tha,safety,-0.1656,False
e5e02d6c-4d76-4097-b44c-0950f4f498ab,captain,False,,,0.5588,refund not received,money,0.1058,True
f185b6db-07e4-4245-9f32-e85ebfd9598c,captain,False,,,0.5112,driver nashe mein tha,safety,-0.238,False
a5272a38-7dda-46cf-be04-a8c3313712e8,captain,False,,,0.5712,captain asked for a tip,tip,-0.1394,False
f28927f8-4ae1-4547-b2dc-2488bff1afef,captain,True,money,wallet,0.5403,money deducted from wallet without a ride,money,0.0772,True
51c7d6a4-b495-4364-ad8f-973fead250db,captain,False,,,0.6128,app forced me to add a tip to get a ride,tip,0.0687,True
f3f92685-05da-4e1d-90ef-b0d5bad0e5c4,captain,False,,,0.5625,driver nashe mein tha,safety,0.056,True
c49619d5-679d-4b03-80e8-3cab865153b4,captain,False,,,0.5638,customer threatened and abused the captain,safety,0.0159,False
f66f5ae3-ca55-4955-bd61-0485746c79a2,captain,False,,,0.5427,captain ne zyada paise maange,tip,-0.215,False
a54cfcb6-52ec-4781-b231-df52fda80982,captain,False,,,0.5346,captain ne zyada paise maange,tip,-0.2398,False
ca72b47e-0034-4601-ba25-0ad134b9d7b6,captain,False,,,0.5281,money deducted from wallet without a ride,money,-0.0221,False
4d2e5043-a352-4fbd-8ecc-f555dd81fb53,captain,False,,,0.6016,captain was driving rashly and dangerously,safety,0.0766,True
2b8911e2-37c0-4449-b6cd-b07142facf6d,captain,False,,,0.5936,driver nashe mein tha,safety,-0.0083,False
af6a57d0-03f2-4673-9448-ef0f618305dd,captain,False,,,0.6332,final fare was much higher than shown,money,0.0822,True
f9571e14-0fe9-456a-b8c0-2ef8300e1507,captain,False,,,0.5157,charged a cancellation fee unfairly,money,-0.1368,False
6241c185-4d87-4bc4-a2d3-703ce389c0f4,captain,True,money,cheated,0.5882,app forced me to add a tip to get a ride,tip,0.007,False
5070ab6b-8fa4-4cf2-9ad8-325ff685867a,captain,False,,,0.4926,we had an accident during the ride,safety,0.0393,True
e3666693-c427-4e48-8a5f-3a3d1f59d1e4,captain,False,,,0.5937,captain asked for a tip,tip,0.0522,True
dbe5ebca-2754-42ee-a508-d0879f11887d,captain,False,,,0.576,captain ne zyada paise maange,tip,-0.3356,False
c1b965a9-654b-43d8-b479-1238dbb06893,captain,False,,,0.5066,charged a cancellation fee unfairly,money,-0.1023,False
50c54645-900b-4b90-a82f-8b03ad7cd1b3,captain,True,money,fraudulent,0.6312,app forced me to add a tip to get a ride,tip,0.0816,True
e8d966e5-76d9-4cd4-9a8f-0c76cbcf63b2,captain,False,,,0.4831,money deducted from wallet without a ride,money,-0.1124,False
16ff3901-5690-4a30-a0a6-4db701fe20b5,captain,False,,,0.5465,refund not received,money,0.0604,True
d51cd9c1-4522-4d1e-8908-4b7369e7d397,captain,False,,,0.6084,app forced me to add a tip to get a ride,tip,-0.0718,False
cd30c56b-1f38-44e5-af47-b2a1d65681bb,captain,True,money,pesa,0.7113,captain ne zyada paise maange,tip,0.1263,True
aa31b574-3edb-424e-bbb0-9c05ed0a5835,captain,False,,,0.5739,driver nashe mein tha,safety,0.003,False
c4f81295-85cf-4984-be23-6bb2437c2f85,captain,False,,,0.4509,money deducted from wallet without a ride,money,-0.0343,False
5bc5d4e5-cabd-45ed-ae89-d84cd30a5310,captain,True,money,cheater,0.5967,driver nashe mein tha,safety,0.0436,True
00c95618-0037-4bd5-8e44-74289ba43370,captain,False,,,0.5552,captain ne zyada paise maange,tip,-0.1051,False
56005f74-5ff4-4e1b-a46c-c1be4e73f37a,captain,False,,,0.5062,paid but the ride never happened,money,0.0052,False
615db266-9fb5-45d3-80e5-b469e944ec67,captain,False,,,0.5482,I felt unsafe during the ride,safety,0.0919,True
85f37026-cb66-4f28-9640-2005ce0a9707,captain,False,,,0.5853,driver nashe mein tha,safety,0.0584,True
1160ecf4-af12-40ca-84a3-8a71db0f6cca,captain,False,,,0.6203,customer threatened and abused the captain,safety,0.1163,True
e843ec3c-1b21-432a-b83f-0338a309d7ad,captain,False,,,0.635,captain ne zyada paise maange,tip,0.0202,False
ba2ace70-ffa0-4167-a58f-691b4e18b832,captain,False,,,0.608,captain ne zyada paise maange,tip,-0.007,False
a235d4ce-8dc7-4e7e-bf39-825c16993a76,captain,False,,,0.4533,no helmet was given for the bike ride,safety,-0.0595,False
523779d4-7ef8-42c2-8a04-005810b20aa4,captain,False,,,0.6384,driver nashe mein tha,safety,-0.0657,False
00140c10-b66d-4606-854e-c6e81fe0a65b,captain,False,,,0.5201,paid but the ride never happened,money,-0.0273,False
84fae250-f6d0-43f7-9c3b-16a432aa9e37,captain,False,,,0.6218,customer threatened and abused the captain,safety,0.004,False
773410d5-622c-4b2c-b2a4-71fd9c6e6126,captain,False,,,0.5859,driver nashe mein tha,safety,-0.0095,False
aeb28638-bc6c-43cb-b8e9-9ef58cae05c4,captain,False,,,0.5827,driver nashe mein tha,safety,-0.0075,False
997d7637-a88c-4a73-8b9d-9fd6a99cf440,captain,False,,,0.5896,captain asked for a tip,tip,0.0738,True
e8492b78-a303-4ed3-a2b5-67b40acae2ae,captain,False,,,0.6068,captain misbehaved and used abusive language,safety,0.0287,True
ae84806c-3d74-4ce1-8969-d8f3c1fc4a2c,captain,True,money,paisa,0.7657,captain ne zyada paise maange,tip,0.1496,True
329814dd-1778-4aa2-a889-eca80c7e8f65,captain,False,,,0.5053,we had an accident during the ride,safety,-0.0147,False
b37be8b2-2035-4305-aeb9-a9c37c6a14ea,captain,False,,,0.5019,app forced me to add a tip to get a ride,tip,-0.3882,False
04358f9f-dafb-4a52-b33b-d66eabb41208,captain,False,,,0.5538,charged a cancellation fee unfairly,money,0.1424,True
223fb86a-3c9b-4a10-ba13-15ac3393c656,captain,False,,,0.6162,driver nashe mein tha,safety,0.072,True
abd2af82-0738-415e-b647-c13388fa7325,captain,False,,,0.499,app forced me to add a tip to get a ride,tip,-0.1257,False
38679dc6-b765-49ca-b98a-46c8b207984e,captain,False,,,0.4631,driver nashe mein tha,safety,-0.2374,False
3c697a85-efaa-4b08-9b03-0f62a03859ca,captain,False,,,0.5808,driver nashe mein tha,safety,-0.1207,False
a310335e-b38e-4878-af80-7331d81e85b3,captain,False,,,0.5025,charged a cancellation fee unfairly,money,0.0005,False
2e37001a-f29c-479e-beb0-7656e2257e16,captain,False,,,0.6117,app forced me to add a tip to get a ride,tip,-0.0267,False
d3dae685-b8d9-4c28-b4ff-8263a3c72385,captain,False,,,0.5643,money deducted from wallet without a ride,money,-0.0904,False
477cd75d-9c23-49df-83da-7564d47383c0,captain,False,,,0.5672,driver nashe mein tha,safety,-0.0327,False
d6aad4d5-30eb-4418-b186-4d927905198a,captain,False,,,0.5581,refund not received,money,0.0354,True
c4c54187-7e3c-45b4-a8e9-460863175563,captain,False,,,0.6307,driver nashe mein tha,safety,0.0497,True
792fa7d6-cb04-46e6-8df3-392806225ba5,captain,False,,,0.8204,driver nashe mein tha,safety,0.0725,True
9060d591-9792-40d7-8e41-872c53b3f7ea,captain,False,,,0.5149,app forced me to add a tip to get a ride,tip,-0.0839,False
8cd12151-45d7-477d-a639-d51fd7abe271,captain,False,,,0.5689,captain ne zyada paise maange,tip,-0.0318,False
357de6d0-d529-4c25-8140-35079629f8ae,captain,False,,,0.6044,captain asked for a tip,tip,0.0023,False
5fde4d1a-c409-48e2-868b-e6d733cb7240,captain,False,,,0.5132,app forced me to add a tip to get a ride,tip,-0.1387,False
881fe02d-53ce-4a62-ad02-9f510cb91766,captain,False,,,0.6223,charged a cancellation fee unfairly,money,0.1403,True
64a8399e-d57c-483a-b56b-275b777f0644,captain,False,,,0.3748,I was charged extra money,money,-0.0454,False
ce31f933-2379-4425-b424-a2da6bd2baab,captain,False,,,0.5945,driver nashe mein tha,safety,-0.033,False
1f9055fb-43db-46c0-9d3d-c79ac11b124c,captain,False,,,0.509,refund not received,money,-0.0159,False
63ae9b22-7490-4a0a-91f4-7b26f43b7903,captain,False,,,0.5396,I felt unsafe during the ride,safety,-0.008,False
13eae692-1fa0-4e09-916b-4d2df3bb571d,captain,False,,,0.5673,driver nashe mein tha,safety,0.0039,False
ada6d1ec-8a2a-47c7-acf9-91288add2dc4,captain,False,,,0.6402,driver nashe mein tha,safety,0.042,True
2416f10a-e1c0-4307-866d-928b684f3961,captain,False,,,0.5389,money deducted from wallet without a ride,money,-0.0245,False
3326dd74-7275-4844-b5b4-610ca1563035,captain,False,,,0.4797,final fare was much higher than shown,money,0.0707,True
4db1f8f0-70f8-442f-8799-d6c839231561,captain,False,,,0.5233,charged a cancellation fee unfairly,money,0.0308,True
4d201a95-51b2-4ea4-af98-1d622c38b919,captain,False,,,0.6091,captain asked for a tip,tip,0.0334,True
1302b441-fd09-493f-8497-fa027c15c55a,captain,False,,,0.5416,app forced me to add a tip to get a ride,tip,0.0184,False
88c6b782-79d8-4a34-bc2a-d2f788ada8d9,captain,False,,,0.6406,driver nashe mein tha,safety,0.0352,True
5167bbca-5b5b-4044-b2e9-de71eea7d0fc,captain,False,,,0.6111,money deducted from wallet without a ride,money,0.1302,True
c6ed2eb9-ab27-471b-8014-211dbb9b211f,captain,False,,,0.4964,app forced me to add a tip to get a ride,tip,-0.1249,False
dffde140-5283-4cd5-b6fe-b83f30752969,captain,True,money,cheating;overcharged,0.7279,final fare was much higher than shown,money,0.1975,True
2d0a6201-3013-4f64-962b-91928507f861,captain,False,,,0.5406,captain ne zyada paise maange,tip,-0.1696,False
c68ff132-8d1e-42e7-980c-c19408d79995,captain,False,,,0.5694,driver nashe mein tha,safety,0.0655,True
8d641303-2c0f-4be2-b1f3-c7201fb9013b,captain,False,,,0.5594,refund not received,money,0.0975,True
d1b89770-a4ac-4bb3-a1a8-2eacb1ee1925,captain,False,,,0.5264,charged a cancellation fee unfairly,money,0.0141,False
5aedb249-e7d1-4dc4-aa73-111576f4d867,captain,True,money,pesa,0.6508,charged a cancellation fee unfairly,money,0.0789,True
6f6a5831-ea27-42cf-8c23-1a7775329ec5,captain,False,,,0.5828,captain ne zyada paise maange,tip,-0.1854,False
c2baba89-878d-47d4-99da-963c40d925eb,captain,False,,,0.5041,money deducted from wallet without a ride,money,-0.149,False
42065718-5591-454c-b677-8145a3ea44b9,captain,False,,,0.5981,charged a cancellation fee unfairly,money,0.0294,True
fc493e33-395f-4450-9d75-01040109834b,captain,False,,,0.6208,I felt unsafe during the ride,safety,0.0717,True
dc5ce922-882b-4f4a-b372-741a4a797c3b,captain,False,,,0.625,I felt unsafe during the ride,safety,0.1049,True
227787f2-1d0d-42ea-b51f-7e5378cc76c5,captain,False,,,0.5351,money deducted from wallet without a ride,money,0.0054,False
75ff121b-a4aa-41b4-8a43-d5888ec9b177,captain,False,,,0.6009,app forced me to add a tip to get a ride,tip,-0.1487,False
a21acc50-3e77-4add-9de4-4d5ad3b49b31,captain,False,,,0.5139,captain asked for a tip,tip,-0.0084,False
936100a4-7e66-4aae-9605-abcb79f5f836,captain,False,,,0.602,captain ne zyada paise maange,tip,-0.0106,False
88314508-8b1d-4e6f-aa82-b534a175782b,captain,False,,,0.5485,app forced me to add a tip to get a ride,tip,0.0796,True
38ab1fa3-deba-4f4b-bb16-4b74856ba1dd,captain,False,,,0.5212,driver nashe mein tha,safety,-0.0178,False
7f11bcce-9ea1-4d8b-b092-498dafacaa53,captain,False,,,0.5345,app forced me to add a tip to get a ride,tip,-0.1243,False
11b9c61a-b35d-47d7-abd9-89c8c08a0618,captain,True,money,deducted,0.6709,customer threatened and abused the captain,safety,0.1645,True
6d64fba5-d11d-4166-bf67-0eadecc78b32,captain,False,,,0.5763,customer threatened and abused the captain,safety,0.0705,True
b6e1de62-b0f9-49fe-8a74-f719ff36cf8a,captain,False,,,0.5828,captain ne zyada paise maange,tip,-0.1854,False
9eadfaa9-dd69-4167-93bb-431cbc5b1e80,captain,False,,,0.5883,captain ne zyada paise maange,tip,-0.1573,False
2eec1309-ec5a-4439-9b6e-56b941cc6a58,captain,True,money,pese,0.6694,driver nashe mein tha,safety,0.0888,True
bb780909-937d-4c79-9d7d-196f5059ca3b,captain,False,,,0.5321,app forced me to add a tip to get a ride,tip,-0.2611,False
6cf84bfd-902b-402c-8e3d-2916b37afed8,captain,False,,,0.6765,captain ne zyada paise maange,tip,-0.004,False
11063e86-9146-464c-b783-0e32f25eae61,captain,False,,,0.6735,driver nashe mein tha,safety,-0.1012,False
a54b5ab9-7623-467a-83c1-07d92fd0cc62,captain,False,,,0.5445,driver nashe mein tha,safety,0.0324,True
e869ff6c-d092-4072-8dc7-8da31f7219d5,captain,False,,,0.5627,app forced me to add a tip to get a ride,tip,-0.0825,False
4876e39e-3436-407c-812c-de81d76c76bb,captain,False,,,0.539,app forced me to add a tip to get a ride,tip,-0.2266,False
f7f7ff1d-b85e-44e3-b49c-3703b2a9ef70,captain,False,,,0.6063,driver nashe mein tha,safety,-0.0096,False
b4cf5cc2-5dc0-4274-b2c1-25dba7b9428a,captain,False,,,0.4558,driver nashe mein tha,safety,-0.0899,False
c7c7d07e-912b-4b2a-8686-071c9c5cde4b,captain,False,,,0.6321,customer threatened and abused the captain,safety,-0.0545,False
90f02b05-a5e4-4b58-bf3f-226c04e790cf,captain,False,,,0.4929,money deducted from wallet without a ride,money,-0.0085,False
ca670943-fd45-40b7-8e05-8ab5bacadfdd,captain,False,,,0.526,app forced me to add a tip to get a ride,tip,-0.1052,False
008c6ccc-bc0d-4b60-8409-ef98a3f0ebba,captain,True,money,fraud,0.6583,driver nashe mein tha,safety,0.094,True
de29c6d0-4ced-47d5-8790-c931c3fd75ae,captain,False,,,0.5022,captain asked for a tip,tip,-0.1786,False
2734c3dd-7e93-4baf-88f5-9270fc4fc59f,captain,False,,,0.6172,paid but the ride never happened,money,-0.0162,False
bb2ed228-7072-4629-8b20-7c0e52f403f5,captain,False,,,0.5353,captain misbehaved and used abusive language,safety,-0.0027,False
581a5a91-40c2-4dcb-ba4e-390335a14bf4,captain,False,,,0.5052,app forced me to add a tip to get a ride,tip,-0.0718,False
e76e883b-fe9e-4974-8aa6-fad2fba66e3a,captain,False,,,0.571,we had an accident during the ride,safety,0.0692,True
a84a7de2-6e10-437e-a628-fb11509b2d96,captain,False,,,0.5405,final fare was much higher than shown,money,-0.0802,False
9b0cbc9a-f0e5-4b51-acde-fd260a43f830,captain,False,,,0.5561,captain misbehaved and used abusive language,safety,0.1097,True
261e7cce-b6ec-4946-b112-8da2da55db3b,captain,True,money,fraud,0.6329,captain ne zyada paise maange,tip,-0.078,False
36c65c3d-52c1-4dc8-b518-9cff585ab1fa,captain,False,,,0.5446,captain ne zyada paise maange,tip,-0.2232,False
9926056c-6f9f-4664-ac58-81c243ca5fc9,captain,False,,,0.5656,app forced me to add a tip to get a ride,tip,0.0614,True
ab94c42f-05a9-4dba-9350-159fdf4d634f,captain,False,,,0.6274,captain ne zyada paise maange,tip,-0.1947,False
12cfb9d1-bf32-451b-944f-26e7bfc30d1c,captain,True,money,fraud,0.5947,captain misbehaved and used abusive language,safety,0.0851,True
fac64c6e-d224-42d8-a04b-9557564e5166,captain,False,,,0.5528,driver nashe mein tha,safety,-0.0083,False
ada58bc7-0026-4bcc-a46a-aff7cc6fc420,captain,False,,,0.5399,captain asked for a tip,tip,-0.0109,False
dbca219e-60ee-4908-893d-f6ef9d1c070b,captain,False,,,0.5542,captain asked for a tip,tip,-0.0176,False
33d806f5-8100-4304-9ccf-3417ee9a0c67,captain,False,,,0.6477,paid but the ride never happened,money,0.1512,True
1a4d0e06-aba1-44e5-a88c-933a3b0ac6c6,captain,False,,,0.5262,refund not received,money,0.0319,True
97c01b31-36ed-4fac-83fc-432c211cfd4c,captain,False,,,0.5966,driver nashe mein tha,safety,0.0434,True
20162b7b-e59f-48e5-9c92-5c3f0ef5a4a9,captain,False,,,0.4817,driver nashe mein tha,safety,-0.1624,False
314b75fb-dbfa-44f6-b027-3af38ecaf72f,captain,False,,,0.6195,money deducted from wallet without a ride,money,0.0623,True
f4228e4c-d623-4338-8b9b-57adbb490b38,captain,False,,,0.5183,customer threatened and abused the captain,safety,0.1507,True
692fcc4e-859f-4c34-bf07-dd98199557b8,captain,False,,,0.6587,captain ne zyada paise maange,tip,0.049,True
eed2cf44-158e-4b12-96b9-ca5fc1c6756f,captain,False,,,0.5235,refund not received,money,0.1089,True
93e67a10-5939-453c-b62e-bf0bfcd57e8d,captain,False,,,0.4925,driver nashe mein tha,safety,-0.0135,False
1c5c5610-974d-4643-8904-9126c0eb90de,captain,False,,,0.5969,money deducted from wallet without a ride,money,-0.0584,False
e8fb9f60-9ed9-4aeb-8352-8d82a4740c4b,captain,False,,,0.6026,the captain harassed me,safety,-0.0056,False
8dc1849b-cf70-4abb-befc-aee562fedcdb,captain,False,,,0.5871,paid but the ride never happened,money,0.1177,True
0a72d51f-007e-4cde-aa2f-9e47cca1dfc7,captain,False,,,0.65,driver nashe mein tha,safety,-0.0729,False
b11323a4-c572-4b58-bae4-f2fbea918caf,captain,False,,,0.5933,driver nashe mein tha,safety,-0.0116,False
a6bafe37-4f76-48ba-b60b-597fc4043b79,captain,False,,,0.442,I was charged extra money,money,0.0715,True
eda7cfbb-5bf0-4df4-8062-815d6d479e97,captain,False,,,0.5745,captain ne zyada paise maange,tip,-0.0572,False
c44938c4-77b4-4e26-8c7d-7f0240a75e1d,captain,True,money,extra money,0.5511,charged a cancellation fee unfairly,money,0.0215,True
59c67ddd-7a5c-402f-9ad5-8a9bce065ac0,captain,False,,,0.5066,paid but the ride never happened,money,0.0084,False
6d96b20a-b69a-40d5-bdb9-1bd1ccccb5ca,captain,False,,,0.455,app forced me to add a tip to get a ride,tip,-0.1629,False
ce33421f-0696-4107-97ad-df150d619041,captain,True,money,paisa,0.6798,captain ne zyada paise maange,tip,0.0356,True
e13cfa5b-3147-4ca3-ad6d-5da05a494d0e,captain,False,,,0.682,captain ne zyada paise maange,tip,-0.031,False
2402d4fd-a343-4eb3-8ec1-b68266d8302f,captain,False,,,0.4707,driver nashe mein tha,safety,-0.1542,False
c4033e25-ecdd-47bc-928e-9b5e2600e1c6,captain,True,money,fraud,0.6086,final fare was much higher than shown,money,0.115,True
7ace11a2-cabc-48d0-8520-959ea25ee941,captain,False,,,0.4996,charged a cancellation fee unfairly,money,-0.0496,False
4c72a121-e317-4d05-b978-ee83c4f1bc10,captain,False,,,0.5733,app forced me to add a tip to get a ride,tip,0.0182,False
d0b04336-1cf0-4ef2-a38b-8cd947540123,captain,False,,,0.6149,driver nashe mein tha,safety,-0.0113,False
482307d5-9dba-42bf-b2d5-e70e391b53d2,captain,False,,,0.5908,driver nashe mein tha,safety,-0.0352,False
cefd613c-474f-4867-8286-460ab5f9f942,captain,False,,,0.5119,captain asked for a tip,tip,0.0022,False
cf7cffe0-b7d6-4ea9-bf69-681271f93a40,captain,False,,,0.5726,customer threatened and abused the captain,safety,-0.0287,False
fc1285f6-4963-4ccc-ae2c-c614ac7f36c0,captain,False,,,0.61,charged a cancellation fee unfairly,money,0.0897,True
9a542e87-e5f6-4f88-bb47-03202fb77c50,captain,False,,,0.5895,final fare was much higher than shown,money,0.14,True
fec011ea-e742-4207-bbb6-e546d17b7439,captain,False,,,0.6137,charged a cancellation fee unfairly,money,0.0569,True
f657a4d6-99ff-46c2-b608-345a499bc056,captain,False,,,0.5295,refund not received,money,-0.0295,False
33143a19-007d-4c2b-b65c-b3947013f1a6,captain,False,,,0.5316,refund not received,money,0.1103,True
20cda897-f5ab-4574-a60e-a46f9c80aad6,captain,True,money,cheating,0.5201,money deducted from wallet without a ride,money,-0.0872,False
34346f98-1703-4dac-b2c2-c5e01bb38a8c,captain,False,,,0.6437,app forced me to add a tip to get a ride,tip,0.0736,True
ca9dd2d1-bdde-4a14-a2cf-6361a146a9ec,captain,False,,,0.555,driver nashe mein tha,safety,-0.0054,False
63d8cd73-1a49-4ecd-841d-c5ebbcb4a255,captain,False,,,0.5861,captain asked for a tip,tip,0.0126,False
fcf46908-60fb-4ca9-b02c-22d4bf67c107,captain,False,,,0.4844,refund not received,money,-0.0921,False
aad6c019-59df-4c0e-8d88-bfb82d404f79,captain,False,,,0.5846,driver nashe mein tha,safety,-0.0509,False
b916b41a-889c-4ddd-aa43-7451a306f5da,captain,False,,,0.6195,app forced me to add a tip to get a ride,tip,0.109,True
cfe01513-345a-4c9d-a61c-83558fe80b02,captain,False,,,0.5728,captain ne zyada paise maange,tip,-0.2034,False
126be7c1-a2a3-4186-9f06-64e09fd7cb17,captain,True,money,cancellation fee,0.622,charged a cancellation fee unfairly,money,0.0516,True
da40e294-9124-4aca-8c7f-08d6eb56fab0,captain,False,,,0.5045,app forced me to add a tip to get a ride,tip,-0.0205,False
895cf8b9-db28-4e02-a77f-4ee1ee1281e1,captain,False,,,0.7284,driver nashe mein tha,safety,0.0007,False
8de5b3e1-9ece-4a9f-a3fc-2f2780239bce,captain,False,,,0.508,driver nashe mein tha,safety,-0.0138,False
55fd3875-abef-426b-8998-8946a795fe04,captain,True,money,paisa,0.5907,app forced me to add a tip to get a ride,tip,-0.0031,False
23453cc8-4269-48c4-8f15-2ac3a8008c4d,captain,False,,,0.6194,app forced me to add a tip to get a ride,tip,0.0699,True
7a51d0bc-222a-4b59-955e-2e778133b5f7,captain,False,,,0.6066,penalty deducted from captain earnings unfairly,money,0.0363,True
8b3b21b7-e948-4e24-a685-c31927fd7171,captain,True,money,paisa,0.648,captain ne zyada paise maange,tip,0.0539,True
0a3c7eb6-95ff-494f-b0ce-31ec3fa11657,captain,False,,,0.5447,app forced me to add a tip to get a ride,tip,0.0326,True
77a99578-c87e-4061-b5c6-bbe7c7db1532,captain,True,money,refund,0.6406,charged a cancellation fee unfairly,money,0.1712,True
fb0f9972-846a-4a03-b98f-880636d0f09e,captain,False,,,0.5525,driver nashe mein tha,safety,-0.0056,False
fc39c03b-c022-4e63-8b3d-3b0060d3de53,captain,False,,,0.4593,refund not received,money,0.0431,True
1fea6190-89c0-4cba-8f5d-45189287b1bf,captain,False,,,0.5127,captain misbehaved and used abusive language,safety,-0.0594,False
4da542c2-5099-41e6-a284-251c34ddcfa8,captain,False,,,0.5704,app forced me to add a tip to get a ride,tip,-0.0757,False
d5791d58-5012-4214-9833-6ef3180dbd9b,captain,False,,,0.5038,driver nashe mein tha,safety,0.0598,True
f60f7c8b-b54d-4caf-8123-10288c9bafeb,captain,False,,,0.5288,refund not received,money,0.0466,True
a8d13ae9-df9e-4401-9423-90a99fce2949,captain,False,,,0.6615,captain ne zyada paise maange,tip,-0.0703,False
3209e0d5-6c40-441c-9af1-fde9126f8350,captain,False,,,0.6456,captain ne zyada paise maange,tip,-0.1274,False
0908776f-6dfa-47c4-90b9-a466fffe7d90,captain,False,,,0.543,driver nashe mein tha,safety,-0.0218,False
b8331d8e-d382-41c6-813f-d521641c0746,captain,False,,,0.6841,captain ne zyada paise maange,tip,-0.0081,False
6bd7ecd4-3f7d-45e9-934e-26c408f21c3b,captain,False,,,0.627,driver nashe mein tha,safety,0.045,True
d40fca22-f2b0-4dc1-83f4-772bde8fab6e,captain,False,,,0.4717,paid but the ride never happened,money,-0.0218,False
6314df53-1ab0-4da3-ad7b-534075c51bbf,captain,False,,,0.6081,customer threatened and abused the captain,safety,0.0301,True
78322d2f-268a-4147-98bf-461d9e60c58a,captain,False,,,0.5583,driver nashe mein tha,safety,-0.0759,False
5bb4b138-50af-47a3-a6f7-f77c5c9972be,captain,False,,,0.6422,penalty deducted from captain earnings unfairly,money,0.0896,True
fc801407-89d0-4a73-986e-ea88bfa6d19c,captain,False,,,0.5861,final fare was much higher than shown,money,-0.0346,False
540be525-6cc5-4b48-8721-935f6e8dd092,captain,False,,,0.6788,captain was driving rashly and dangerously,safety,0.0644,True
f2bc101f-fb28-474a-8c64-b7596bd32062,captain,False,,,0.5306,driver nashe mein tha,safety,-0.0994,False
b33975e3-0660-4faa-8353-48fbc902db39,captain,False,,,0.6175,driver nashe mein tha,safety,0.0662,True
7ff38cb4-3651-4904-a9ad-e43f626eb64f,captain,False,,,0.6839,driver nashe mein tha,safety,0.0306,True
8e4eb560-a2fd-4a0e-91a4-055c119c2d4a,captain,False,,,0.5957,captain ne zyada paise maange,tip,-0.3337,False
a86f46e6-0485-4a23-89a5-d65ba5cff4ad,captain,False,,,0.5715,I felt unsafe during the ride,safety,0.0917,True
6c2f0e3a-8d5c-4823-a537-e5b0782ad9c1,captain,False,,,0.462,driver nashe mein tha,safety,-0.1357,False
6e24e007-d687-41d6-9332-00bae414bed9,captain,False,,,0.7011,penalty deducted from captain earnings unfairly,money,0.1682,True
9e7c44f0-e980-42fb-97d3-f9cccaa8025d,captain,False,,,0.5238,app forced me to add a tip to get a ride,tip,-0.0463,False
30dd70d4-c7dd-418b-bf56-e4863e3b6fc7,captain,True,money,penalty,0.6167,charged a cancellation fee unfairly,money,0.1668,True
62f04d26-bcca-4633-997b-0850be263d5d,captain,False,,,0.6324,captain asked for a tip,tip,0.0819,True
f55aefa4-f6a5-4f9a-86b4-26de28f2e2ff,captain,False,,,0.6116,app forced me to add a tip to get a ride,tip,0.0436,True
56a67bfa-9ff4-4ab8-a16f-4253a99511ec,captain,False,,,0.524,driver nashe mein tha,safety,-0.0628,False
d9d0a49d-046d-4c12-b299-0001b11dbe2b,captain,False,,,0.5168,paid but the ride never happened,money,0.0316,True
93cec2e1-813e-434d-932b-d0efdfd90261,captain,True,money,extra amount,0.7426,captain ne zyada paise maange,tip,0.0452,True
85511230-2537-4495-bb33-154812e0d678,captain,False,,,0.5186,captain was driving rashly and dangerously,safety,0.08,True
b81f1b76-ffb9-4902-8b6e-4d545e622914,captain,False,,,0.6227,my earnings or incentive were not paid,money,0.068,True
be082c16-9d15-491d-bf41-932fcb732977,captain,True,safety,गाली,0.6379,customer threatened and abused the captain,safety,0.0731,True
d6e12c14-6258-46a9-8105-81de682f9597,captain,False,,,0.622,captain ne zyada paise maange,tip,0.0756,True
4f897ec6-5332-4213-a772-4cf761c3109e,captain,True,money,fraud,0.5694,charged a cancellation fee unfairly,money,0.0509,True
21117442-90ec-4ab0-b381-9c008a86636d,captain,False,,,0.5862,driver nashe mein tha,safety,-0.1904,False
7696bb98-7ab6-432b-b721-55cb6e65d31c,captain,False,,,0.6429,captain ne zyada paise maange,tip,0.0157,False
848aadbb-7682-49af-9b53-acd26098aa33,captain,False,,,0.5955,app forced me to add a tip to get a ride,tip,-0.0054,False
fe62cfe4-9a20-4f70-856c-1d6bb2833ee3,captain,False,,,0.62,captain misbehaved and used abusive language,safety,0.047,True
5ca811be-f1cf-4ef8-b5f2-1fddf365d0a2,captain,False,,,0.5759,driver nashe mein tha,safety,-0.0672,False
f0eb0048-4282-443a-869d-53bab788605f,captain,False,,,0.538,app forced me to add a tip to get a ride,tip,0.0335,True
a309583c-7cfd-4cfc-a9ce-6b5182769aa6,captain,False,,,0.5902,captain ne zyada paise maange,tip,0.0845,True
264d72ce-54b1-4124-a29f-f961e4fbeb62,captain,False,,,0.5243,captain asked for a tip,tip,-0.0698,False
ce73d2b0-3fdf-4cc4-9a7f-4080b77d600a,captain,False,,,0.6056,captain ne zyada paise maange,tip,-0.348,False
e2b60384-fceb-484b-b962-ee4ce3664e2e,captain,False,,,0.7267,captain ne zyada paise maange,tip,0.1126,True
0bd31c86-4fa5-4f38-9a24-f291345ddf27,captain,False,,,0.5613,app forced me to add a tip to get a ride,tip,-0.0069,False
fbe0cd72-3282-4c82-bacb-4a6e0a9e5990,captain,False,,,0.5819,final fare was much higher than shown,money,-0.1013,False
c30dd60e-c1d6-4bfe-9288-ac72e0dd4075,captain,False,,,0.4368,captain touched me inappropriately,safety,-0.1004,False
b3a671b3-fda2-4615-bc47-27b5706e6274,captain,False,,,0.6136,customer threatened and abused the captain,safety,0.0716,True
1734b2c4-db37-4487-9d4a-4575bc242166,captain,False,,,0.5667,driver nashe mein tha,safety,0.0424,True
05f406a7-31d0-4402-8b01-7a5f2ff83da6,captain,False,,,0.5698,refund not received,money,0.0657,True
90d882db-e4fc-4430-a726-9300e055fd92,captain,False,,,0.7657,driver nashe mein tha,safety,0.0306,True
ad23cf54-3110-4677-a805-51234798d9d1,captain,True,money,wallet,0.6218,refund not received,money,0.1565,True
882ff795-02a2-4bad-a72c-438c23423320,captain,False,,,0.5076,money deducted from wallet without a ride,money,0.0065,False
8b581e05-f866-4abf-9580-197ea0a421b3,captain,False,,,0.4976,no helmet was given for the bike ride,safety,0.0698,True
fe68c60c-ff22-4a75-9c84-d751a125a797,captain,False,,,0.5454,I felt unsafe during the ride,safety,0.0333,True
a72b06ad-9747-4cff-9482-20d41fb50cff,captain,True,money,cheating,0.586,app forced me to add a tip to get a ride,tip,0.0228,True
7ec4aeae-abe0-4e22-9957-fd6881bb4540,captain,False,,,0.554,customer threatened and abused the captain,safety,0.0044,False
d3226b0a-970b-4a98-bbe3-df11d224926f,captain,False,,,0.5215,captain ne zyada paise maange,tip,0.0025,False
738b3356-5c8e-4fcf-b6d0-d55afe3b1d01,captain,False,,,0.6016,customer threatened and abused the captain,safety,0.0358,True
61f31f90-926b-40bb-9d56-68da6ac6c276,captain,False,,,0.7121,penalty deducted from captain earnings unfairly,money,0.0508,True
e2c76a0a-638c-4182-bab5-649e77bb580a,captain,False,,,0.5885,final fare was much higher than shown,money,0.0679,True
eb7029a8-df99-4585-86b7-6fcfcf3b6da4,captain,False,,,0.5493,driver nashe mein tha,safety,-0.1986,False
04fb8af6-596a-462d-a0ae-0a69b147a60a,captain,False,,,0.5314,driver nashe mein tha,safety,-0.1917,False
1183e268-7706-4d6d-af30-260ea8132c9b,captain,False,,,0.6176,driver nashe mein tha,safety,0.0832,True
2642a03c-b50e-4c47-8303-1f4726afd686,captain,False,,,0.4253,refund not received,money,0.038,True
36bb0463-51b6-41f1-9e73-773113193442,captain,False,,,0.6899,app forced me to add a tip to get a ride,tip,0.0447,True
106d3433-5a49-4f81-b999-4679f6b64979,captain,False,,,0.6821,driver nashe mein tha,safety,-0.0035,False
f69e2ca2-ff4f-4d8e-bf6c-8bb4ebb834cb,captain,False,,,0.5382,captain asked for a tip,tip,-0.217,False
f6a1512f-7862-465b-9122-f6c75febedcb,captain,False,,,0.7248,captain asked for a tip,tip,0.0765,True
3feb2a80-ad56-4aff-a544-f33e48d620be,captain,False,,,0.5804,captain ne zyada paise maange,tip,-0.0556,False
35d632f2-ef95-42e0-90a6-770a1cca24ab,captain,False,,,0.5352,captain asked for a tip,tip,-0.0249,False
dd4c7610-2573-4b7a-baae-45dfbc20cb8b,captain,False,,,0.5476,driver nashe mein tha,safety,0.0019,False
3e32d4b0-3484-41b8-b2c8-4cc159a25f5f,captain,False,,,0.5713,captain ne zyada paise maange,tip,-0.0025,False
65856c9f-14cc-46dd-9e59-eb2452208467,captain,False,,,0.4999,captain ne zyada paise maange,tip,-0.0486,False
5e1c42c2-2286-45e7-a52c-ebf16469a0c6,captain,False,,,0.5663,driver nashe mein tha,safety,-0.0206,False
5ac90a9b-3469-475b-9fa0-c026d04f2514,captain,False,,,0.5869,charged a cancellation fee unfairly,money,0.0495,True
099c82c1-d12b-46af-8782-3335e34fed82,captain,False,,,0.609,money deducted from wallet without a ride,money,0.0148,False
68d9fd55-4b5d-4e87-96a2-7fdf88356c16,captain,False,,,0.7282,captain ne zyada paise maange,tip,0.1562,True
6fc6668e-f714-458c-8b11-c0e4222dfb1b,captain,False,,,0.5478,captain ne zyada paise maange,tip,-0.3121,False
7e297e9b-736a-4235-bb0c-83cf857aa078,captain,True,safety,harassment,0.5605,app forced me to add a tip to get a ride,tip,0.022,True
c4f557d6-8dd8-4b40-ad22-24f24b83f4c0,captain,False,,,0.6183,customer threatened and abused the captain,safety,0.0552,True
87df4808-8990-40eb-a805-0abc47ee1af3,captain,False,,,0.5053,I was charged extra money,money,0.0806,True
4f812510-8af5-4ec4-a9ea-e04f6d67faf2,captain,False,,,0.4962,captain ne zyada paise maange,tip,-0.1684,False
1369d105-61d8-474f-b791-e2797b15656d,captain,False,,,0.4799,captain ne zyada paise maange,tip,-0.0588,False
302fc589-b26b-4532-bbcd-f56153bad899,captain,False,,,0.6006,charged a cancellation fee unfairly,money,0.0387,True
c351b982-e70e-44c7-bc2b-d433ee522b3f,captain,False,,,0.4894,driver nashe mein tha,safety,-0.0131,False
34cbd6d5-e1d4-44e2-8b6a-959e7908af03,captain,False,,,0.623,app forced me to add a tip to get a ride,tip,-0.0092,False
35b4fde1-fe32-4f38-88cb-47e2b5ebac93,captain,False,,,0.4576,we had an accident during the ride,safety,-0.1275,False
e95d59cd-d784-4413-9960-d5b61025acf5,captain,False,,,0.7454,driver nashe mein tha,safety,0.0979,True
2bbf3f48-f6b4-4c39-b4da-dcb380f5e940,captain,False,,,0.5011,money deducted from wallet without a ride,money,-0.0627,False
27e18dfd-423f-4f8f-a372-c7c3095c1e0c,captain,False,,,0.5187,driver nashe mein tha,safety,-0.1888,False
7d2be386-b6a2-4524-ade0-a2cc8b048a63,captain,True,money,paise,0.6179,captain ne zyada paise maange,tip,-0.1187,False
01fe2446-a1ce-4140-b83d-49a38d322c3b,captain,True,money,wallet,0.6159,money deducted from wallet without a ride,money,0.1644,True
115d4b0c-2793-46d8-9a2e-2d25f8dd188d,captain,False,,,0.6295,captain ne zyada paise maange,tip,0.0396,True
84fb905c-80d1-4aa6-bab6-91352b6596b6,captain,False,,,0.6345,money deducted from wallet without a ride,money,0.1294,True
56098509-c25d-466c-99a4-4e35a819cb5c,captain,False,,,0.5101,customer threatened and abused the captain,safety,-0.0381,False
f79029ae-1a36-44b6-a816-a98971abd143,captain,False,,,0.4765,we had an accident during the ride,safety,0.0299,True
a5d31527-e644-4dde-956f-0d1589c5f23c,captain,False,,,0.6727,driver nashe mein tha,safety,0.0837,True
ec2f46d3-621f-4500-b552-a35a61b2c9de,captain,False,,,0.4848,driver nashe mein tha,safety,-0.1254,False
9d23b2db-a6f4-4d9d-8f98-8b5112a00a2f,captain,False,,,0.6115,driver nashe mein tha,safety,0.0124,False
0afa7794-fcfb-487c-a1fa-e55322ddce5f,captain,True,money,cheating;fraud;scam,0.5562,money deducted from wallet without a ride,money,0.0667,True
1490024d-e7d6-4087-a1eb-620e16fcb857,captain,False,,,0.5542,paid but the ride never happened,money,0.0384,True
cadb8c29-4560-4ece-9dca-1bb9edf74d58,captain,False,,,0.5886,driver nashe mein tha,safety,-0.1604,False
c2c5aa97-2f19-4563-8ea0-169090374088,captain,True,money,cancellation fee,0.5697,customer threatened and abused the captain,safety,0.0064,False
cb85601a-7cfe-409b-a801-e4beebe17e65,captain,True,safety,misbehave,0.6452,charged a cancellation fee unfairly,money,0.044,True
833217bf-0023-49a5-b98c-865843e5662c,captain,True,money,paisa,0.5763,captain ne zyada paise maange,tip,0.0438,True
7b5585a1-9856-4e66-b16a-6997b39b4494,captain,False,,,0.6406,charged a cancellation fee unfairly,money,0.1439,True
7db6c1d6-c593-4794-a8b9-26b51facff8d,captain,False,,,0.5318,captain ne zyada paise maange,tip,-0.0131,False
fcda0b1c-c635-422d-82ce-a5f190fadc91,captain,False,,,0.5568,money deducted from wallet without a ride,money,0.1143,True
4cef31ee-ef1d-45d1-9d4d-5830d7b93ba6,captain,False,,,0.5669,I was charged extra money,money,0.0356,True
4116af0a-b070-4edc-bc2c-b56ab1b6db96,captain,False,,,0.6633,captain ne zyada paise maange,tip,-0.07,False
bee16355-4c71-4af7-9939-dca55895a02f,captain,False,,,0.4769,app forced me to add a tip to get a ride,tip,0.0226,True
d78383b2-bc17-4136-ae37-7e77f71b6560,captain,False,,,0.6546,refund not received,money,0.0895,True
7d5033db-94df-4acb-bde8-6bb0ea9fc4cd,captain,False,,,0.586,captain asked for a tip,tip,-0.0653,False
42069e7a-7c53-4642-94a7-8300040e03f1,captain,False,,,0.654,driver nashe mein tha,safety,0.0413,True
245231cb-f8cb-490e-8114-851f714bdb79,captain,False,,,0.5684,captain asked for a tip,tip,0.0021,False
85ef1298-5c80-42aa-901f-7f552ef7753b,captain,True,money,paisa,0.6072,captain ne zyada paise maange,tip,0.009,False
a6efa290-43b5-48a0-bad4-d507a053e3e3,captain,False,,,0.6207,driver nashe mein tha,safety,0.0316,True
dc74dd15-42dc-4e69-a91f-16d52e06400e,captain,False,,,0.5386,captain ne zyada paise maange,tip,-0.1866,False
f3974004-e425-48e9-9b1e-eb13fdcc5a43,rider,False,,,0.6562,we had an accident during the ride,safety,-0.1094,False
1bc9b362-6f3a-4619-8bd6-165ce75289ca,rider,False,,,0.6107,app forced me to add a tip to get a ride,tip,0.0603,True
c61185be-9fa9-4093-acb0-fc8de03e7c3e,rider,True,money,extra money,0.6092,captain asked for a tip,tip,0.0123,False
640f45ac-0475-4207-8133-ff12e75f5991,rider,False,,,0.5731,driver nashe mein tha,safety,0.025,True
3e9a2545-b695-4cf0-b51d-e2c5bf954f12,rider,False,,,0.5706,driver nashe mein tha,safety,-0.0581,False
33226ef2-1662-4bb0-aeba-9e2cc0f5f8f9,rider,True,money,fraud,0.6644,driver nashe mein tha,safety,-0.0306,False
382e78e2-45c9-42ed-ac18-8534cc7b8c30,rider,True,money,cheat,0.6303,charged a cancellation fee unfairly,money,0.0815,True
5cc899a6-283e-4f4a-b792-b8aef2d8412c,rider,False,,,0.6063,app forced me to add a tip to get a ride,tip,0.0043,False
89594d43-de04-4298-9ac4-f61b21ded56d,rider,True,safety;money,threaten;fraud;loot,0.5586,customer threatened and abused the captain,safety,0.1093,True
6906b0e1-daf8-4fe1-aa4d-e1d86f9060ee,rider,False,,,0.7159,driver nashe mein tha,safety,0.1031,True
ac21ecec-0928-4107-bdaa-a70e426a2b7b,rider,False,,,0.6749,driver nashe mein tha,safety,-0.1207,False
c776075e-c9b0-4a5e-90be-4e3254d9f6d9,rider,False,,,0.5282,app forced me to add a tip to get a ride,tip,-0.074,False
c2700658-65f6-4eb6-a425-e5819b537f51,rider,False,,,0.5804,app forced me to add a tip to get a ride,tip,-0.0034,False
47fad29d-e5db-41f3-8fc4-e6b44bca79ab,rider,False,,,0.654,final fare was much higher than shown,money,0.0287,True
74f6059c-6c93-4133-bd0e-51a5fdac7f8f,rider,False,,,0.6113,app forced me to add a tip to get a ride,tip,0.0803,True
28c2e4e8-1d26-488b-b7a7-83b61a324818,rider,False,,,0.5293,app forced me to add a tip to get a ride,tip,0.0547,True
7dd9fbd6-2054-41f3-accd-e08950976e8b,rider,False,,,0.4965,captain misbehaved and used abusive language,safety,-0.0252,False
8cc19a64-74b4-4dc0-b566-9ab437ac201f,rider,False,,,0.7694,final fare was much higher than shown,money,0.2239,True
63b6574d-d6de-46b4-bc9b-a8710c055bed,rider,False,,,0.7256,final fare was much higher than shown,money,0.2133,True
37418ba6-d0a3-4574-9f62-c9490b5eabb9,rider,False,,,0.6892,app forced me to add a tip to get a ride,tip,0.1588,True
27a55fa8-5a99-4516-bbfa-2a8d2c5b062e,rider,False,,,0.5731,driver nashe mein tha,safety,0.079,True
e172a1d7-1839-4d57-9185-77a5e2b89b5f,rider,False,,,0.5,driver nashe mein tha,safety,-0.1165,False
50ad78fd-f25f-44eb-b2aa-6e9275175520,rider,False,,,0.5785,I felt unsafe during the ride,safety,0.1196,True
92113e65-8264-4218-a1d5-5bf814aea93a,rider,False,,,0.5167,money deducted from wallet without a ride,money,0.1401,True
978dbfd3-55d1-4951-8452-a7d7b32f318d,rider,False,,,0.5176,captain asked for a tip,tip,-0.3678,False
95bbfe8a-2b46-4c19-b547-caadc3035e27,rider,False,,,0.6117,driver nashe mein tha,safety,-0.1145,False
1ac6e197-c234-4338-a4a6-67522a7e0a1d,rider,False,,,0.5342,captain asked for a tip,tip,-0.3525,False
f565f240-754b-4ad9-b0cf-538e199d16a4,rider,False,,,0.66,app forced me to add a tip to get a ride,tip,0.1521,True
8aceeced-305b-4c08-a9b0-56a4771fc5ec,rider,False,,,0.6089,driver nashe mein tha,safety,-0.1229,False
205a9288-dd09-4646-ab27-c03383af8c76,rider,False,,,0.5302,captain ne zyada paise maange,tip,-0.206,False
3d41115f-4fc2-41db-8f22-09d1bbdfc091,rider,False,,,0.5839,driver nashe mein tha,safety,-0.2693,False
0375c885-295f-4524-9aac-caeee5642a5f,rider,False,,,0.6675,final fare was much higher than shown,money,0.0572,True
884660f9-6a35-4d17-8d94-60556790c25a,rider,False,,,0.6259,driver nashe mein tha,safety,0.0926,True
ff12da02-1ca1-4a4c-b3e7-384172c3fa70,rider,False,,,0.5686,captain ne zyada paise maange,tip,-0.0325,False
449dfb06-2409-499a-9092-8dabeab32dd2,rider,False,,,0.6837,final fare was much higher than shown,money,0.074,True
ef794471-aa09-4b20-b0f8-457db6e768dc,rider,False,,,0.487,captain ne zyada paise maange,tip,-0.2163,False
f0fa9dfd-bc70-4a9f-bb1c-f730d0442a06,rider,False,,,0.5566,captain ne zyada paise maange,tip,-0.1723,False
8a8b91af-b5e4-4583-982e-d423cb32b0f6,rider,False,,,0.5479,final fare was much higher than shown,money,-0.217,False
7203ef57-03d4-419d-b46b-46966d9f3752,rider,True,money,extra amount,0.6451,app forced me to add a tip to get a ride,tip,0.0641,True
7118eade-b0ab-4b15-b4da-4022b3676371,rider,False,,,0.7799,captain misbehaved and used abusive language,safety,-0.1333,False
61d2d26f-8281-45b3-8988-4e7ebcb5c5f8,rider,False,,,0.4608,app forced me to add a tip to get a ride,tip,-0.1388,False
e80ed3ff-e3f3-42cc-a237-b859454a3546,rider,False,,,0.5779,driver nashe mein tha,safety,-0.1026,False
7a6b13b4-dd1b-472d-af2f-754f9afeccd7,rider,False,,,0.5335,captain asked for a tip,tip,-0.1883,False
9e1e3d73-290c-4c21-b38b-916cad7ce823,rider,False,,,0.6061,driver nashe mein tha,safety,0.0787,True
77d3e550-914f-4682-881a-6429cf713a07,rider,False,,,0.8183,driver was drunk,safety,0.0517,True
2beb3c8a-4e54-4cde-88b8-4178880852ab,rider,False,,,0.5005,driver nashe mein tha,safety,-0.2653,False
b55e88ea-ca04-4608-9817-b440e4ebe9f8,rider,False,,,0.648,driver nashe mein tha,safety,0.0453,True
dcd421b1-34ec-4c28-bd0b-cdc07591593a,rider,False,,,0.6465,app forced me to add a tip to get a ride,tip,-0.117,False
b73a4553-5862-4ea5-ad44-cbec0dd15fa4,rider,True,money,extra money,0.6484,captain demanded extra money in cash,tip,0.1178,True
4d3d06d6-8e45-48df-9f16-94fb96f7732a,rider,True,money,more money,0.639,app forced me to add a tip to get a ride,tip,0.001,False
513c6fb1-7210-4391-8403-69ba80a9d23e,rider,False,,,0.4369,final fare was much higher than shown,money,-0.1026,False
ed4e8f39-79a1-49ba-8364-a238557627ef,rider,False,,,0.5837,charged a cancellation fee unfairly,money,0.1795,True
f31ffedd-02bf-441f-949c-112438331cfe,rider,False,,,0.6143,driver nashe mein tha,safety,0.066,True
45d9d375-d9a6-4975-be05-9322894fb299,rider,False,,,0.7439,driver nashe mein tha,safety,-0.0653,False
0eb1abe2-0d82-4506-a8d8-fe548a7fd2fb,rider,False,,,0.7378,driver nashe mein tha,safety,-0.1588,False
a5a00cc8-dfbd-4445-8a6a-0eb6bb2e8497,rider,False,,,0.5541,paid but the ride never happened,money,-0.0322,False
21e9308e-9ffe-4d33-afcf-ca4ee24893ef,rider,True,money,extra money,0.6661,app forced me to add a tip to get a ride,tip,0.1233,True
5fd65448-749d-415c-af04-941c948df3e8,rider,True,money,cheater;cheating,0.5673,customer threatened and abused the captain,safety,0.0924,True
10017ce9-cb6d-4464-b363-caa71e030c8a,rider,False,,,0.5319,paid but the ride never happened,money,0.014,False
9720b2c2-9488-483c-915d-1e54ac7c30cd,rider,False,,,0.567,app forced me to add a tip to get a ride,tip,0.0507,True
1ccb2477-05aa-4d29-8bf2-ce31be9e783a,rider,True,safety,dangerous;not safe,0.6205,I felt unsafe during the ride,safety,0.1067,True
fccb4dd9-3f35-48bd-b41e-3da3f6ca1494,rider,True,tip,tip,0.6931,app forced me to add a tip to get a ride,tip,0.1495,True
797d2313-c2a8-46c2-b9c9-1dfaadb3fdab,rider,False,,,0.563,charged a cancellation fee unfairly,money,0.0949,True
33c3e011-1995-4f07-bb50-cf3642228239,rider,False,,,0.524,captain touched me inappropriately,safety,-0.0755,False
d9428fcd-741d-48a1-a0e0-85a8e6513807,rider,False,,,0.5821,captain ne zyada paise maange,tip,-0.1846,False
61d561c3-09a9-449e-a9d7-441107fc59d5,rider,False,,,0.5639,final fare was much higher than shown,money,-0.0274,False
8c61c98d-2425-4a4e-8c47-2371343f199e,rider,True,money,पैसे,0.6682,app forced me to add a tip to get a ride,tip,0.0853,True
7f2d7461-3888-427e-b573-0200df3dae64,rider,False,,,0.5125,driver nashe mein tha,safety,-0.2546,False
844fe330-30c7-4eb2-80fb-f0854486ec91,rider,False,,,0.5302,captain asked for a tip,tip,-0.2617,False
0a8afdcd-6255-492a-b3c1-c7dfff9a0ca3,rider,True,money,extra money,0.7409,final fare was much higher than shown,money,0.0819,True
881f814f-09fd-4cdf-9eb2-5cd312eda203,rider,False,,,0.5029,driver nashe mein tha,safety,-0.1528,False
8a3389dd-4fff-4606-91c1-b6dc52fea41b,rider,False,,,0.5554,customer threatened and abused the captain,safety,0.0381,True
a53d89db-0ec3-4850-8191-5a219c11c5fa,rider,False,,,0.6749,I felt unsafe during the ride,safety,-0.1925,False
b9ee238f-00db-417b-9d3b-f237f40c89f5,rider,False,,,0.494,I felt unsafe during the ride,safety,0.0944,True
701d3427-e0b7-494a-a167-d9822517d261,rider,False,,,0.7381,driver nashe mein tha,safety,-0.0011,False
31ab22b7-2288-47da-87b2-47957eba9e94,rider,False,,,0.4714,money deducted from wallet without a ride,money,-0.0782,False
2fee57bb-4951-45d7-8474-2fefb24b48af,rider,False,,,0.656,final fare was much higher than shown,money,0.1069,True
e5a33d86-bb88-43a9-9dbc-8f02eacaf3b1,rider,False,,,0.4752,captain asked for a tip,tip,-0.2566,False
20cd0d69-bf90-4823-b8be-a1793e237e2d,rider,False,,,0.6721,driver nashe mein tha,safety,0.1252,True
9d25368e-1bdc-42c5-9396-ca3b17f1992f,rider,False,,,0.5643,driver nashe mein tha,safety,-0.1533,False
f368488c-9fb7-4b58-8e4b-69c0d9730992,rider,False,,,0.6266,app forced me to add a tip to get a ride,tip,0.142,True
910bd618-33dc-4e62-a940-417b3535f01b,rider,False,,,0.5408,charged a cancellation fee unfairly,money,-0.0032,False
3f7db5a9-4e5f-4992-b36f-af41b84849b6,rider,False,,,0.5395,driver nashe mein tha,safety,-0.1061,False
e36ad427-da10-4326-8011-a990ea00f3a7,rider,False,,,0.5067,driver nashe mein tha,safety,-0.0622,False
1c3f3def-e7b7-4641-b661-cf2ee3346312,rider,False,,,0.7641,driver nashe mein tha,safety,-0.1058,False
dec4877e-b123-4326-a6e9-98630ff07a78,rider,False,,,0.6657,final fare was much higher than shown,money,0.0746,True
a0904467-c6cb-424f-b79a-be6462be1079,rider,False,,,0.593,money deducted from wallet without a ride,money,0.0722,True
b857e269-5e38-4c4a-9457-a3fe6f56c7d5,rider,False,,,0.6142,money deducted from wallet without a ride,money,0.1884,True
5f97bcbb-25b4-48ee-9381-03ece448dd65,rider,False,,,0.6044,driver nashe mein tha,safety,0.0803,True
fa8fecf0-bed9-408a-b364-e574fd18008b,rider,False,,,0.6072,paid but the ride never happened,money,0.0204,False
b7b7d78f-813a-49cf-aa3a-a6db4dbf36b0,rider,False,,,0.6931,driver nashe mein tha,safety,0.0522,True
56f19a60-08e0-4754-b4af-370f82a33bc4,rider,False,,,0.5385,captain asked for a tip,tip,-0.3144,False
f476a71a-97b0-4979-ad3c-13c715e0f1a9,rider,False,,,0.608,driver nashe mein tha,safety,-0.0909,False
bd0774a0-61e6-4f68-bd4b-681569cd8260,rider,False,,,0.7394,driver nashe mein tha,safety,-0.0548,False
b0c06bbc-5dfd-4840-80fb-99380d5a243c,rider,False,,,0.7358,final fare was much higher than shown,money,0.1779,True
2a77f235-4998-49ed-b0f6-f41f48f24e50,rider,False,,,0.5908,driver nashe mein tha,safety,0.0698,True
a35e61fa-a253-4e7a-8a9f-e352187b6a89,rider,False,,,0.5733,money deducted from wallet without a ride,money,-0.1898,False
6ca37055-8728-4f14-a3bc-6d20b1d7e127,rider,False,,,0.601,captain demanded extra money in cash,tip,0.0525,True
9a09cdca-19e7-4c24-90dc-58bb162d0d46,rider,False,,,0.6289,captain demanded extra money in cash,tip,0.1399,True
784eee10-0cf4-42a1-9b37-c98f83679a9d,rider,False,,,0.686,driver nashe mein tha,safety,-0.2013,False
465af203-9fd3-4f88-ab6e-59d0c90d2247,rider,False,,,0.6271,driver nashe mein tha,safety,-0.2621,False
f104875c-2255-4d64-89b8-a12dce51ae60,rider,True,money,wallet,0.5626,app forced me to add a tip to get a ride,tip,0.1078,True
3720a649-7f54-4d88-a8e3-5873531caf47,rider,True,money,scam,0.7055,final fare was much higher than shown,money,0.1845,True
0bd19bd8-9d2c-4b96-bb3a-713131877413,rider,False,,,0.4543,app forced me to add a tip to get a ride,tip,-0.1547,False
c76bcac9-7452-45c1-ae2f-cb0c51bff2b4,rider,False,,,0.5405,driver nashe mein tha,safety,-0.2283,False
38684b82-030e-4a5c-8b0c-ced9b2612c79,rider,False,,,0.6567,final fare was much higher than shown,money,0.1161,True
cc65d4dc-605f-45b2-9df5-da7a7a8b60be,rider,True,safety;money,threatens;extra amount;refund;wallet,0.637,charged a cancellation fee unfairly,money,0.0861,True
2a9495e3-ef1d-4619-8eed-548e60c1c1f0,rider,False,,,0.6096,app forced me to add a tip to get a ride,tip,0.0611,True
05568ec4-661f-490d-b340-20fdda05b9b0,rider,False,,,0.6438,driver nashe mein tha,safety,-0.323,False
c9967681-7df3-472d-99f7-c61ffc4ee122,rider,True,money,scam,0.6193,final fare was much higher than shown,money,0.0586,True
8f437845-d4a0-4c67-b0d0-ee380be89ebb,rider,False,,,0.49,captain asked for a tip,tip,-0.2183,False
0d541601-e9d0-4ae3-9b24-eeb1b6f444e5,rider,False,,,0.6196,driver nashe mein tha,safety,-0.1954,False
8022edc4-7433-451f-b273-68fd82dd3d76,rider,False,,,0.6026,driver nashe mein tha,safety,-0.0726,False
d8b2966c-c96a-4056-95fb-3c28d6ab8e8d,rider,False,,,0.5707,driver nashe mein tha,safety,-0.1937,False
ee60bebe-bb49-4446-b634-754c76d34835,rider,False,,,0.4844,app forced me to add a tip to get a ride,tip,-0.3081,False
b1019e99-d584-4528-bbc4-6a7f6ef2d993,rider,False,,,0.5171,captain asked for a tip,tip,-0.2259,False
3b3b94fe-ac57-45b4-b49b-245058def488,rider,False,,,0.4285,I was charged extra money,money,-0.1622,False
e46bd9d5-3c03-403e-af6f-00d8a9b85ec0,rider,True,money,overcharged,0.6327,final fare was much higher than shown,money,0.0292,True
2dac0558-3e0b-4ec8-805a-6550dc612e4a,rider,True,money;tip,scam;tips,0.7128,app forced me to add a tip to get a ride,tip,0.1363,True
be0699f0-0c0a-4922-bd66-ef98e7919975,rider,False,,,0.6512,app forced me to add a tip to get a ride,tip,0.0106,False
917b9c00-377c-4b14-8245-37fe1687a9ed,rider,False,,,0.6057,paid but the ride never happened,money,0.0515,True
a8678877-72d0-4494-a54c-8c470e0020c5,rider,False,,,0.6068,driver nashe mein tha,safety,-0.1112,False
32db2425-d9bf-4693-9fe9-b1a69f052881,rider,False,,,0.5125,driver nashe mein tha,safety,-0.2546,False
fa129301-a517-489c-a8df-85eed4e19503,rider,False,,,0.5368,app forced me to add a tip to get a ride,tip,-0.0599,False
857ddd90-59c6-4c01-90b9-02fb10d2f590,rider,False,,,0.5949,captain asked for a tip,tip,-0.1118,False
d8efb935-e358-4399-8dbc-c17fb8018ec4,rider,False,,,0.6517,captain misbehaved and used abusive language,safety,0.11,True
58c5f931-f4a4-4510-ac83-c4d82c51f2d2,rider,False,,,0.4911,driver nashe mein tha,safety,-0.0601,False
2bf79ed3-2cc9-43d0-bde1-becaa791768c,rider,False,,,0.5088,customer threatened and abused the captain,safety,0.0503,True
63944d9e-45a6-4c68-af6d-bc3ae8b8b5e0,rider,False,,,0.5559,captain misbehaved and used abusive language,safety,0.0767,True
c0b4f799-b16a-4abd-a787-49a52eb9dede,rider,False,,,0.6884,driver nashe mein tha,safety,-0.2745,False
0f5c6f1f-9f26-4680-849e-a03501a847ed,rider,False,,,0.5735,charged a cancellation fee unfairly,money,-0.0627,False
94291809-27d5-4c1f-b3f6-3e47586398fc,rider,False,,,0.645,final fare was much higher than shown,money,0.0795,True
8d82e6e5-616c-47a9-9278-e889e9e2cc26,rider,False,,,0.5511,driver nashe mein tha,safety,0.0209,False
841c023e-30f5-4275-914e-c6da3fc50e24,rider,True,money,extra money,0.6225,driver nashe mein tha,safety,0.0414,True
c29f6b9e-bb27-4d03-8118-e6fd8d39817d,rider,True,safety,helmet,0.6262,driver nashe mein tha,safety,-0.0642,False
13e2fdb6-e123-4a2c-8b01-894c42f44d4c,rider,False,,,0.5073,driver nashe mein tha,safety,-0.1161,False
4b927c0f-8e12-4bfc-873d-3ccc3a302e55,rider,False,,,0.6592,final fare was much higher than shown,money,0.1122,True
5f42b540-9ec9-49b0-9ba1-d24a3beaa4c9,rider,False,,,0.7719,driver nashe mein tha,safety,-0.0215,False
c7965fc0-b96c-4612-939e-f9c519fdf2c2,rider,False,,,0.5929,app forced me to add a tip to get a ride,tip,-0.0935,False
faaba67f-a8cd-41d4-ab58-708dd4e57bf6,rider,False,,,0.6374,final fare was much higher than shown,money,0.1216,True
9becb315-7a08-4552-a9ca-cd53182dd4d5,rider,False,,,0.4842,driver nashe mein tha,safety,-0.384,False
f7a58690-ced4-40b3-a8d2-e198980d5fc1,rider,False,,,0.5837,customer threatened and abused the captain,safety,0.0614,True
fedf8e90-9d51-482c-87ea-131dda042566,rider,False,,,0.4898,driver nashe mein tha,safety,-0.2459,False
7dd80c3f-967b-49bd-9394-d0279d79db95,rider,False,,,0.6623,final fare was much higher than shown,money,0.0963,True
bca46d5d-dd3e-40ce-8bbc-6c9bad0f03c4,rider,False,,,0.5051,captain ne zyada paise maange,tip,-0.029,False
6dc2a921-0868-45e4-9f82-a40337ddac24,rider,False,,,0.5712,captain asked for a tip,tip,-0.2454,False
67faf698-d97b-49a4-b4e4-ea30e95384c0,rider,False,,,0.5162,captain ne zyada paise maange,tip,-0.2406,False
b2591143-a5de-4f44-8d0e-89a7da77d1ea,rider,False,,,0.627,captain asked for a tip,tip,0.001,False
694fc77f-8ce3-4c71-8aa8-2ef7d9e30e43,rider,False,,,0.4583,captain asked for a tip,tip,-0.1122,False
84d57ab0-5bf1-4fda-b477-07b380592e7d,rider,False,,,0.5307,captain ne zyada paise maange,tip,-0.2493,False
9dd91369-36fd-4f71-af30-a7e20aab3a86,rider,True,money,fraud,0.599,final fare was much higher than shown,money,-0.0025,False
8f167814-857b-4210-825f-c8943ac81422,rider,False,,,0.551,driver nashe mein tha,safety,-0.1415,False
3f89c1ec-4f0f-4686-94cc-ec88ee41af32,rider,False,,,0.6052,driver nashe mein tha,safety,-0.1923,False
a0ab24b2-92db-4b8f-be1d-7fde52bcf403,rider,False,,,0.5266,app forced me to add a tip to get a ride,tip,-0.333,False
303f8a5b-49dc-43b4-af24-dc081b015305,rider,False,,,0.6055,captain asked for a tip,tip,-0.0686,False
54785063-cb1f-4e23-bc9c-b1cfd3f73075,rider,False,,,0.536,app forced me to add a tip to get a ride,tip,0.0997,True
b65d0175-ae66-4a9e-b15c-f18fba3ec7b3,rider,False,,,0.5963,driver nashe mein tha,safety,-0.0254,False
b9865a12-fd19-4fd5-9b3e-bd60bb51c1e3,rider,False,,,0.5058,money deducted from wallet without a ride,money,-0.0015,False
b85771f0-b75e-4d56-9d46-95a4394a0758,rider,True,money,more money,0.7159,final fare was much higher than shown,money,0.1489,True
07caafa0-bc3e-4334-8a02-11baff97d28d,rider,False,,,0.6204,I felt unsafe during the ride,safety,0.1301,True
02f35732-6aee-4360-9e12-23b0bd275ae1,rider,False,,,0.5309,paid but the ride never happened,money,0.0237,True
155a6c2a-95b4-413a-b39b-4c448c186155,rider,False,,,0.603,I felt unsafe during the ride,safety,0.0875,True
a64faad0-da55-40c6-a8e5-ee273853347c,rider,False,,,0.572,captain ne zyada paise maange,tip,-0.2746,False
ad3263b2-94cd-4717-9c51-26d7c8883f8e,rider,False,,,0.5733,captain ne zyada paise maange,tip,-0.1627,False
f2e33ac7-a265-475f-b543-6d8d6e301db5,rider,False,,,0.605,app forced me to add a tip to get a ride,tip,0.092,True
cbb54d58-2bca-4ca6-9ccc-93657762a138,rider,False,,,0.7109,captain demanded extra money in cash,tip,0.0126,False
bf44798e-9013-4006-bbca-79d0c8fa7b88,rider,False,,,0.6807,paid but the ride never happened,money,0.0024,False
227a3236-5fe7-4847-b8b2-aaab391f5d27,rider,False,,,0.6751,final fare was much higher than shown,money,0.1722,True
8bc77a39-4048-4e48-874f-6d325c915e6d,rider,True,money,extra charge,0.6136,charged a cancellation fee unfairly,money,0.0703,True
1a23a936-c6e0-4aab-ad8e-6a77070efac2,rider,False,,,0.6139,paid but the ride never happened,money,0.0609,True
51f7c992-b350-401a-a272-69e064f8d871,rider,False,,,0.5834,captain asked for a tip,tip,-0.1088,False
d0ceda44-ea2e-4e95-9fbe-379ef2485fe5,rider,False,,,0.5632,captain asked for a tip,tip,-0.2447,False
0bd484db-0c4c-4ad6-90b5-bcf9d55c158a,rider,False,,,0.6175,driver nashe mein tha,safety,-0.2308,False
76e08dba-c75b-4f65-8008-38313797cb7a,rider,False,,,0.6348,money deducted from wallet without a ride,money,0.0918,True
c6313d4b-6d88-46b9-9f12-34cc29524ab5,rider,False,,,0.4989,captain ne zyada paise maange,tip,-0.0886,False
b8e5c162-42e0-4466-affa-4b88391e8dfe,rider,False,,,0.5766,final fare was much higher than shown,money,-0.0496,False
7f964776-847f-4cab-bb19-7b51aae8bf30,rider,False,,,0.4843,my earnings or incentive were not paid,money,0.0882,True
bc18af15-c7d5-45bd-b76d-74baa2fae286,rider,False,,,0.58,driver nashe mein tha,safety,-0.1505,False
a677430c-1e3d-4119-91e5-f5be18130f4e,rider,False,,,0.5204,captain asked for a tip,tip,-0.2375,False
be49d41e-61d5-4280-8bc3-123e75affcac,rider,False,,,0.6745,driver nashe mein tha,safety,-0.2771,False
4bea2094-9df5-405e-8201-d14299c0a828,rider,False,,,0.5801,customer threatened and abused the captain,safety,0.0999,True
f51cadea-f660-4d7f-b85a-68fa0ac0bec4,rider,False,,,0.6112,charged a cancellation fee unfairly,money,0.0429,True
34dd309f-6b7b-43ed-9309-cf475560a08a,rider,False,,,0.5923,charged a cancellation fee unfairly,money,0.056,True
9b21e138-090c-4e94-b763-502e390f26df,rider,False,,,0.4884,captain ne zyada paise maange,tip,-0.1647,False
21020c66-c31e-44d5-bba5-7b6c9c9ae312,rider,False,,,0.4869,captain asked for a tip,tip,-0.0339,False
51be5fc5-4c0f-4823-8e75-eff3ffa7d136,rider,False,,,0.5238,captain asked for a tip,tip,-0.0074,False
d8086c89-b69c-4ee1-a659-150d6d7cb570,rider,False,,,0.5589,I felt unsafe during the ride,safety,-0.0198,False
05a9b38c-1924-4ab4-aeaf-0811ea422f7f,rider,False,,,0.5379,charged a cancellation fee unfairly,money,0.016,False
6e798b45-6a6a-4d56-bb92-5088a9941c20,rider,False,,,0.4715,money deducted from wallet without a ride,money,0.0199,False
055eeedd-c4dd-432a-89c9-e95161369542,rider,False,,,0.5655,driver nashe mein tha,safety,-0.0832,False
a0ad5131-2b54-44a6-8afa-8378d5fca99a,rider,False,,,0.5813,driver nashe mein tha,safety,-0.0662,False
20daccc8-ce88-4d95-a62d-0125c36a3e85,rider,False,,,0.6395,app forced me to add a tip to get a ride,tip,-0.0737,False
71c03ab6-4d99-439f-a126-5dbf812effb3,rider,False,,,0.5709,driver nashe mein tha,safety,-0.1548,False
9f90163f-3259-4e21-bcde-285a4c155005,rider,False,,,0.5827,app forced me to add a tip to get a ride,tip,-0.0352,False
81121f2a-88e6-44b2-98e0-75e18e45efe2,rider,False,,,0.5852,no helmet was given for the bike ride,safety,0.1073,True
14a64521-8d99-4073-a4f3-b253ca39f592,rider,False,,,0.6216,captain ne zyada paise maange,tip,-0.0926,False
5c5e5809-8980-4e06-87bf-198950e4bc65,rider,False,,,0.4835,charged a cancellation fee unfairly,money,0.1297,True
73a4084f-46c1-4a7f-b259-df20b9bf4c8c,rider,False,,,0.7132,captain was driving rashly and dangerously,safety,0.138,True
6c8c2610-9963-4390-b671-41ea3d6a6eef,rider,False,,,0.5315,driver nashe mein tha,safety,-0.2074,False
ae1b7e2e-5702-4086-8723-e443d9024b16,rider,False,,,0.4921,captain ne zyada paise maange,tip,-0.3106,False
2fab9c56-d029-42b0-9332-d345c07320c4,rider,False,,,0.5722,driver nashe mein tha,safety,-0.2213,False
e0bfd2ed-9693-4e74-b447-c61fda836f53,rider,False,,,0.5437,driver nashe mein tha,safety,-0.0629,False
bcdf2afe-1480-42d6-8fd3-6f6b9daa675f,rider,False,,,0.6168,driver nashe mein tha,safety,0.0612,True
ecb71e40-b1a0-44d4-be98-5642d724b327,rider,False,,,0.582,captain touched me inappropriately,safety,0.0212,True
e329ff26-6f9a-4426-a1a2-0d68dc9a92f3,rider,False,,,0.5674,captain ne zyada paise maange,tip,-0.126,False
eb0476e4-f834-4371-92d6-caed6f44512b,rider,False,,,0.5014,app forced me to add a tip to get a ride,tip,-0.1031,False
02fc9b24-5a35-46eb-8e84-92ade1f104b2,rider,False,,,0.6446,I was charged extra money,money,0.0722,True
af4212eb-21ce-49bf-b497-a725fd59a06b,rider,False,,,0.4362,app forced me to add a tip to get a ride,tip,-0.1084,False
4b38f6b6-a12d-4971-93b6-5807c9a3ede0,rider,False,,,0.7222,captain misbehaved and used abusive language,safety,0.1961,True
b028c2ba-e47c-4581-ad9c-a27499c7743b,rider,False,,,0.47,app forced me to add a tip to get a ride,tip,-0.2889,False
6f1b11d5-270e-430a-a640-33c1ee33e858,rider,False,,,0.532,paid but the ride never happened,money,0.0321,True
c255a70a-03ca-4ffd-b7e7-89079d4e3cb7,rider,False,,,0.612,final fare was much higher than shown,money,0.1159,True
173dbdbf-127e-4e2b-8c77-36887ff9d224,rider,False,,,0.5887,driver nashe mein tha,safety,-0.0303,False
df555dad-314f-4a68-8ff8-6d2849532d16,rider,False,,,0.6082,captain misbehaved and used abusive language,safety,0.0813,True
a78228e3-64bf-4220-9790-3c0ed790a6f6,rider,False,,,0.6369,captain was driving rashly and dangerously,safety,0.0213,True
1b1f0b7f-6ecd-46c6-8580-9af29692ba9b,rider,False,,,0.5953,captain ne zyada paise maange,tip,-0.0818,False
7dac44e0-7aaa-4708-9e2f-b16c482eca94,rider,False,,,0.5144,driver nashe mein tha,safety,-0.0896,False
ce78be62-7b18-4bd6-b5e3-e1111a7b1373,rider,False,,,0.5076,driver nashe mein tha,safety,-0.1445,False
23ea17ef-b725-4db0-bf35-8fe8c0c394c9,rider,False,,,0.5207,I felt unsafe during the ride,safety,0.0422,True
705f60cc-3189-454c-8ad7-c8b810f143f2,rider,False,,,0.7161,money deducted from wallet without a ride,money,0.191,True
90ecfb07-c6b8-4ed9-9948-4c2c7f406ac2,rider,False,,,0.6886,captain ne zyada paise maange,tip,-0.0039,False
adae0510-b571-4716-a7f4-62b8e8871165,rider,False,,,0.5926,captain asked for a tip,tip,-0.1625,False
1f196450-e3de-4424-a3c8-6880197c759c,rider,False,,,0.575,app forced me to add a tip to get a ride,tip,0.0542,True
f5fd538b-544f-4376-94ec-3da97af36b41,rider,False,,,0.5017,captain asked for a tip,tip,-0.3497,False
73dc075f-0c98-4a43-a6ad-b149eb9acd85,rider,False,,,0.6506,driver nashe mein tha,safety,0.0855,True
2d51cd9a-67b6-42d3-9d7a-f2b478f3378d,rider,False,,,0.6524,final fare was much higher than shown,money,0.1045,True
9bea0afa-3fec-466b-b4d6-4530830a8bc7,rider,True,money,extra money,0.6328,final fare was much higher than shown,money,0.0214,True
8af02bca-5373-4c60-9f5d-51b98e3a286b,rider,False,,,0.6642,final fare was much higher than shown,money,0.1369,True
6d1d0976-bd96-4493-8f6a-108340bff8cd,rider,False,,,0.5692,app forced me to add a tip to get a ride,tip,-0.1705,False
193ef1a3-42f3-4165-b15c-59845f5a89f9,rider,False,,,0.448,no helmet was given for the bike ride,safety,0.0387,True
d5a7c18b-89b4-49b2-9c05-9da0c6858320,rider,False,,,0.5935,charged a cancellation fee unfairly,money,0.1123,True
e08407ea-8f92-47f8-9e1e-7eab544c6e0d,rider,False,,,0.4592,customer threatened and abused the captain,safety,0.0895,True
3f918776-2cc7-4f7c-83c5-80dfc3be47e7,rider,True,money,extra amount,0.6433,final fare was much higher than shown,money,0.1296,True
4c188689-dd4a-450e-8e25-046c05541d56,rider,False,,,0.5894,driver nashe mein tha,safety,-0.0729,False
6b48f130-2e70-4d59-bdbb-c98e13572746,rider,False,,,0.5956,I was charged extra money,money,0.1418,True
2d609122-d443-4d57-8628-4d0db164ee01,rider,False,,,0.5442,app forced me to add a tip to get a ride,tip,-0.0386,False
d5e283f8-808a-4ba3-a155-69ddf409f88c,rider,False,,,0.6372,final fare was much higher than shown,money,0.1569,True
31262c76-7608-48d4-b206-31ce0be6aadb,rider,False,,,0.6069,captain asked for a tip,tip,0.044,True
077f47eb-0c32-4d82-b6f5-3e5aecd8e0f1,rider,False,,,0.5827,app forced me to add a tip to get a ride,tip,0.0778,True
5813802b-3652-4135-80b2-c83f785cd459,rider,False,,,0.5122,money deducted from wallet without a ride,money,-0.0146,False
cf844373-80ba-4d89-851b-8f477c6dbc67,rider,False,,,0.5928,paid but the ride never happened,money,0.0141,False
ed3ac81e-6a53-496b-b811-eefcac7a9362,rider,False,,,0.6623,driver nashe mein tha,safety,-0.1015,False
2d1e8b2e-c041-4713-9a47-4b40dfa0199b,rider,False,,,0.5499,driver was drunk,safety,-0.0597,False
d0de0c8a-64f4-431b-96a4-56082ec10ae0,rider,True,money,scam,0.6873,app forced me to add a tip to get a ride,tip,0.1148,True
dbd155f3-e407-48e2-ae2d-d37ce9399eca,rider,False,,,0.5122,app forced me to add a tip to get a ride,tip,-0.2197,False
3dcca06a-fe4c-485a-b726-193e1f3ebd04,rider,True,money,deductions;wallet,0.6443,money deducted from wallet without a ride,money,0.1663,True
f6ce66f8-73b6-402f-85db-e9cd30130d22,rider,False,,,0.5198,app forced me to add a tip to get a ride,tip,-0.2386,False
51692ef2-c898-4e20-a951-e665b658e8bc,rider,True,safety,unsafe,0.6536,I felt unsafe during the ride,safety,0.1054,True
9ebb212f-6968-48df-b837-85a5f1af823b,rider,False,,,0.5813,app forced me to add a tip to get a ride,tip,0.0592,True
eda490f6-c8ad-41ac-8d5f-fe9e260aaa52,rider,False,,,0.6,app forced me to add a tip to get a ride,tip,0.1319,True
fa72f69c-3526-4ef5-bef0-2e5a810e432c,rider,False,,,0.589,driver nashe mein tha,safety,-0.1762,False
d297835f-792b-426f-a075-e2510dbe8edd,rider,False,,,0.5325,app forced me to add a tip to get a ride,tip,-0.0144,False
08df48e3-3b52-4c1f-805b-6171ab9c3a2d,rider,False,,,0.6471,paid but the ride never happened,money,0.0827,True
063af049-781f-4545-9642-6287e4558f2d,rider,False,,,0.4591,captain asked for a tip,tip,-0.1351,False
07d4efc8-26b6-4be2-a42d-0e4ab53a4478,rider,False,,,0.5345,I felt unsafe during the ride,safety,-0.0689,False
4178affb-2d4e-413c-beb6-96f2c51769ef,rider,False,,,0.5768,penalty deducted from captain earnings unfairly,money,-0.0332,False
6f3fc2d4-692d-4417-844e-1b4c5bbb09cd,rider,False,,,0.6454,driver nashe mein tha,safety,-0.2166,False
72e52e18-fffd-40d2-afc6-306817e74c69,rider,False,,,0.6053,app forced me to add a tip to get a ride,tip,-0.0615,False
5709739c-14c4-4797-8504-f709c7bb2ca9,rider,False,,,0.5401,captain asked for a tip,tip,-0.2053,False
7de03295-8688-4b18-9eee-fdb04176b0e6,rider,False,,,0.6039,we had an accident during the ride,safety,-0.1621,False
76cfdc23-7686-41bd-bae7-c684ec2bfa31,rider,False,,,0.5429,driver nashe mein tha,safety,-0.072,False
20214313-123c-46ba-9255-580af706fa7b,rider,False,,,0.6052,paid but the ride never happened,money,0.1155,True
6cde71bd-8db1-4d7f-aff2-3c72ed54368a,rider,True,safety,misbehave,0.6228,charged a cancellation fee unfairly,money,0.1217,True
415b566f-a77b-4b8e-9387-29552caa25f5,rider,False,,,0.5471,driver nashe mein tha,safety,-0.0723,False
b6d24052-2d2a-4494-82a2-11982e4373b4,rider,False,,,0.4904,driver nashe mein tha,safety,-0.1567,False
241afb75-0ae3-432c-b595-69194a0a43f2,rider,False,,,0.5205,captain asked for a tip,tip,-0.1416,False
6cb4f083-321b-45d2-b3b1-99326b26819a,rider,False,,,0.4917,driver nashe mein tha,safety,-0.2313,False
8a7aa206-c9b4-408e-822e-e8708f0b5de6,rider,False,,,0.526,charged a cancellation fee unfairly,money,-0.0227,False
da425b9a-3f75-464a-8af0-04ea1dfd2cc3,rider,False,,,0.6867,final fare was much higher than shown,money,0.0441,True
06525fcd-dad7-4edb-b01a-c33bc5bc46ab,rider,False,,,0.5569,paid but the ride never happened,money,0.061,True
e9756a89-0130-40fa-b228-3f778fa935bd,rider,True,money,fraud,0.6885,final fare was much higher than shown,money,0.1726,True
7fb3f9f6-3f5b-4cab-b2d7-0be4c2e23d9e,rider,False,,,0.5819,driver nashe mein tha,safety,-0.0027,False
33561c0f-8ed5-43a9-a8b9-95aa1819e9ae,rider,False,,,0.4802,app forced me to add a tip to get a ride,tip,-0.0554,False
c4c2a347-497d-4345-b2b8-f3a2a5e128aa,rider,False,,,0.6257,app forced me to add a tip to get a ride,tip,0.0715,True
c696e65d-3fa6-41f3-a807-c5f0d4a968c2,rider,True,tip,tip,0.6412,app forced me to add a tip to get a ride,tip,0.0781,True
741801cb-72b0-4bf1-9e3f-9203ae844634,rider,False,,,0.6169,I felt unsafe during the ride,safety,-0.0534,False
91cf59ff-3d0a-4094-9511-d2b1ca649915,rider,False,,,0.6772,app forced me to add a tip to get a ride,tip,0.1144,True
d5768164-38f3-49ca-9473-8c2c21e45ca9,rider,False,,,0.7826,captain ne zyada paise maange,tip,-0.0789,False
f4101687-8a6e-420c-aa49-d43b53348700,rider,True,money,paisa,0.6464,app forced me to add a tip to get a ride,tip,0.0037,False
719cb444-bd5b-404e-b959-a6c0a4fba736,rider,True,money,extra money,0.6262,app forced me to add a tip to get a ride,tip,0.1062,True
c2352cc1-905c-484e-902a-2f9d8c7447a9,rider,False,,,0.654,final fare was much higher than shown,money,0.1028,True
238c53e6-7773-4612-8bb5-3ffb5950adf8,rider,False,,,0.5367,captain ne zyada paise maange,tip,-0.0706,False
a1543e7a-2b68-4840-8473-0035b59cfdef,rider,False,,,0.4901,app forced me to add a tip to get a ride,tip,-0.3239,False
39cfd9e5-10ef-4584-a068-d34f6592af9c,rider,True,money,extra money,0.6946,app forced me to add a tip to get a ride,tip,0.1335,True
e532ce67-8531-412d-b042-77598aa62b86,rider,False,,,0.5733,captain misbehaved and used abusive language,safety,0.0793,True
32b66c81-ee15-4ace-8eda-16f57732a69f,rider,False,,,0.5894,no helmet was given for the bike ride,safety,-0.023,False
22405434-5f64-40ff-92d1-60cc2d05a7dc,rider,False,,,0.424,captain ne zyada paise maange,tip,-0.2187,False
a9224ee9-aa1e-4d38-99a7-2b40eebf42b4,rider,False,,,0.538,driver nashe mein tha,safety,-0.1381,False
603d2f62-e1c1-4104-8833-65bd2f19de33,rider,False,,,0.4724,app forced me to add a tip to get a ride,tip,-0.0134,False
c30f4f5b-2775-4732-a7e4-ed93fb25998a,rider,False,,,0.6231,I was charged extra money,money,-0.0555,False
11d9816f-e0a4-4575-855e-1dc30865f134,rider,False,,,0.5428,driver nashe mein tha,safety,-0.0388,False
3843b153-71a0-42a1-9dda-fce35d88866b,rider,False,,,0.5067,captain ne zyada paise maange,tip,-0.0234,False
c4555e31-6f2c-464b-af31-16b0d916630c,rider,False,,,0.5433,driver nashe mein tha,safety,-0.1089,False
ee32e950-6e12-4061-a89c-301244815a27,rider,False,,,0.6567,final fare was much higher than shown,money,0.1451,True
4b160c20-4326-4de6-9d22-104a150065c1,rider,False,,,0.5171,driver nashe mein tha,safety,-0.1279,False
59cac2b8-2b04-4822-a8a8-3668b18d1019,rider,False,,,0.6034,captain ne zyada paise maange,tip,-0.1441,False
70e39c57-c9ad-4b40-b71d-2e4fe68f1026,rider,False,,,0.7461,final fare was much higher than shown,money,0.0884,True
937297cd-2aa3-41f9-8268-1e63c702c3d6,rider,False,,,0.5794,refund not received,money,0.0106,False
bfa65231-4336-4388-b00f-bf16123c6e2f,rider,False,,,0.5125,driver nashe mein tha,safety,-0.2546,False
255df0e0-8be8-4c7b-8b98-49d526e635d9,rider,True,money,cancellation fee,0.6784,charged a cancellation fee unfairly,money,0.134,True
fd745504-071b-400f-bbf8-0fe86c0b8bbb,rider,False,,,0.6806,driver nashe mein tha,safety,-0.2469,False
30fd6431-6893-4546-9455-b3bc28f9ff4e,rider,False,,,0.5295,captain asked for a tip,tip,-0.0139,False
4016a7e4-168f-44cd-beaf-bc7bd3b6b22b,rider,False,,,0.7096,driver nashe mein tha,safety,-0.1626,False
8899267c-11e5-4311-9fa7-6d41a4b2ea04,rider,False,,,0.643,I was charged extra money,money,0.0824,True
6b4aaa91-5d21-4715-9e16-3265d9f27502,rider,True,money,extra amount;refund,0.6593,app forced me to add a tip to get a ride,tip,0.0585,True
06bde74c-5106-4dbf-a85e-cad1e1d1ff28,rider,False,,,0.5301,driver nashe mein tha,safety,-0.1159,False
d01a0e95-12e6-49ec-905a-81b9f23cd1ca,rider,False,,,0.6381,driver nashe mein tha,safety,-0.2106,False
1293a381-66a3-4d94-9a78-07127aa767c5,rider,False,,,0.5035,driver nashe mein tha,safety,-0.2144,False
809f3f0b-75ce-4731-aa61-27e6e6cc237d,rider,False,,,0.5039,app forced me to add a tip to get a ride,tip,-0.0148,False
bad87eaf-a062-41cf-b249-97a6cc3fcc3e,rider,False,,,0.52,captain ne zyada paise maange,tip,-0.1456,False
02113584-d3fe-4309-8581-a6d8111598d0,rider,False,,,0.5014,paid but the ride never happened,money,-0.0078,False
41d48ddf-5a7e-4796-bc0a-986657f9429b,rider,False,,,0.5784,I felt unsafe during the ride,safety,0.1161,True
404a699a-7818-451f-b36e-f3c3cff3d2f4,rider,False,,,0.6952,app forced me to add a tip to get a ride,tip,0.0205,False
d72601a9-044d-43dc-b9d6-898f4d50381a,rider,False,,,0.6887,app forced me to add a tip to get a ride,tip,0.1354,True
9072b77e-f840-4752-aca7-f860caf4b336,rider,True,money,extra money;fraud,0.6281,driver nashe mein tha,safety,0.0497,True
db28ba17-f35e-40a6-9ee8-10d2435b6f81,rider,False,,,0.7082,customer threatened and abused the captain,safety,0.1333,True
9c81c14f-df48-4d48-b3c8-b565b9140786,rider,False,,,0.566,final fare was much higher than shown,money,-0.0027,False
05eb223d-3fb8-44d4-bfba-fab2201cf1b5,rider,True,money,fraud,0.6316,final fare was much higher than shown,money,0.0503,True
c251ebf9-36e0-4c8d-9183-e8cb61b9a77b,rider,False,,,0.6485,we had an accident during the ride,safety,0.0406,True
ca68f435-518a-4c69-8b23-11651a165f72,rider,True,money,paisa,0.5894,captain ne zyada paise maange,tip,-0.0014,False
fd7a4244-432e-42ad-953c-5e67c4ae946e,rider,True,tip,tips,0.6476,app forced me to add a tip to get a ride,tip,0.1702,True
9ca980e1-37e0-4db3-a0fe-2e9d277e321c,rider,False,,,0.6631,final fare was much higher than shown,money,0.1269,True
26ff8642-89f5-421d-a954-486db7a93a56,rider,False,,,0.5605,driver nashe mein tha,safety,-0.0266,False
b557cd7a-33db-4dc4-8c37-6a914e010772,rider,False,,,0.5095,captain asked for a tip,tip,-0.2115,False
c536d2e1-12c8-4e96-b415-e47f465bde99,rider,False,,,0.5187,driver nashe mein tha,safety,-0.1556,False
e74faa62-81c8-4194-8aed-d432a6577cfd,rider,False,,,0.5464,driver nashe mein tha,safety,-0.0864,False
b544d67d-45f0-4906-975b-6499155529d3,rider,False,,,0.5201,app forced me to add a tip to get a ride,tip,-0.1579,False
37a65c20-fd32-450e-9710-bbd32d30770f,rider,False,,,0.4313,captain asked for a tip,tip,-0.0905,False
b43738a4-dee0-4062-a99f-39e450aef6ba,rider,False,,,0.7347,paid but the ride never happened,money,0.267,True
b03e0147-b727-464b-b6a0-56823b83e983,rider,False,,,0.5544,driver nashe mein tha,safety,-0.2554,False
7499c5ee-99ad-4619-9e25-2903b2f2cf13,rider,False,,,0.5865,driver nashe mein tha,safety,-0.0821,False
e2d94d05-79db-48c8-981e-fad5b79b071b,rider,False,,,0.6506,driver nashe mein tha,safety,0.0197,False
26750226-2dc4-4dd6-8f37-d999434c534b,rider,False,,,0.6575,app forced me to add a tip to get a ride,tip,0.1619,True
2065c332-79d9-4b67-ab92-fb224ebb7718,rider,False,,,0.5446,captain ne zyada paise maange,tip,-0.2232,False
329fb910-59d1-40d5-bf8b-916967e2ffd4,rider,False,,,0.5821,captain ne zyada paise maange,tip,-0.1846,False
184b28f2-0c6c-48b9-a3ed-d1173667021c,rider,False,,,0.5468,I felt unsafe during the ride,safety,-0.0223,False
edf75adf-85bc-4017-9468-4f08fd4412f8,rider,True,money,cancellation charge,0.6706,charged a cancellation fee unfairly,money,0.1418,True
72f72ed8-bbbd-4253-a0b6-e3c290b28e62,rider,False,,,0.5273,app forced me to add a tip to get a ride,tip,-0.0132,False
d3662765-a9bf-4af3-83d2-6f194ae6a00b,rider,False,,,0.8088,driver nashe mein tha,safety,0.078,True
b1729120-d9e2-446f-bcbb-7d8e59728b64,rider,True,money,extra amount,0.6154,app forced me to add a tip to get a ride,tip,0.1459,True
47d335e1-fe71-4e4e-acf7-3f6a6af65a95,rider,False,,,0.6238,money deducted from wallet without a ride,money,0.0818,True
f8ad4155-bd8b-49aa-a28c-96abca238b84,rider,False,,,0.4915,app forced me to add a tip to get a ride,tip,-0.1896,False
6bc9ca23-897f-4ce8-9a63-3352a41a6c2f,rider,False,,,0.5064,captain misbehaved and used abusive language,safety,-0.098,False
d2301b02-0589-4662-94c0-f72030bc5447,rider,True,safety,scared,0.5534,charged a cancellation fee unfairly,money,0.0689,True
a812ff60-c268-4b36-9314-c046d4fc1f1d,rider,False,,,0.6394,driver nashe mein tha,safety,-0.0746,False
1d28fae7-ecd5-4ac8-b38d-8ff10314d0cc,rider,False,,,0.544,captain ne zyada paise maange,tip,-0.2494,False
d2e2096f-2ae3-42fa-aba6-de1a0919205f,rider,False,,,0.5815,app forced me to add a tip to get a ride,tip,0.1176,True
34ac42d7-199d-4e93-b383-2c2be3b06961,rider,False,,,0.5446,captain ne zyada paise maange,tip,-0.2232,False
021a52ae-9f84-4e5c-b3f3-26d131f40216,rider,True,tip,tips,0.7165,app forced me to add a tip to get a ride,tip,0.1483,True
e11af581-1765-467e-b8c8-f2386826e07d,rider,False,,,0.6129,captain was driving rashly and dangerously,safety,0.0592,True
1680e9b7-8ebd-4b37-b3a5-bb09efeb0e00,rider,True,money,extra money,0.6549,app forced me to add a tip to get a ride,tip,0.1314,True
e0808323-69e1-4215-ad6c-ff022ecfae21,rider,False,,,0.6362,I felt unsafe during the ride,safety,0.106,True
ac76b207-5613-408b-8425-576608d768a5,rider,False,,,0.5919,paid but the ride never happened,money,0.0706,True
e05247e7-da55-497b-87f8-6a2545805f66,rider,False,,,0.5942,app forced me to add a tip to get a ride,tip,0.0193,False
c8ea6f03-bcb2-4eef-91b2-b4cbc5258d19,rider,False,,,0.6621,app forced me to add a tip to get a ride,tip,0.1812,True
52123f07-91dc-411b-a72b-95df90c52d79,rider,False,,,0.4187,charged a cancellation fee unfairly,money,-0.0059,False
030bb7d3-d82f-4ddd-937f-209f1e1ce4e5,rider,True,money,extra money,0.6778,app forced me to add a tip to get a ride,tip,0.1624,True
de95c691-2480-444b-add9-6d73caa29c50,rider,False,,,0.5689,app forced me to add a tip to get a ride,tip,-0.0287,False
c86a318b-49ec-4386-b14c-b8cf01433846,rider,False,,,0.5888,app forced me to add a tip to get a ride,tip,0.0206,False
424beb1e-3b61-4f80-9158-4ddfb960f21f,rider,False,,,0.5626,driver nashe mein tha,safety,0.0145,False
1beaa5fd-bf13-49a6-90ab-4ea12e234265,rider,False,,,0.6969,final fare was much higher than shown,money,0.034,True
be32de96-d86c-4a7d-bfe0-58070572474d,rider,False,,,0.5643,I felt unsafe during the ride,safety,0.0649,True
62dc8b70-9d8e-4f42-88cb-50a5166ab30e,rider,False,,,0.5078,driver nashe mein tha,safety,0.0314,True
6e5ba209-83cd-4da2-af58-24aab79bf9f7,rider,False,,,0.51,charged a cancellation fee unfairly,money,0.0319,True
d3be5920-fb0a-4dca-90c3-d2a5a2713fcd,rider,False,,,0.5918,we had an accident during the ride,safety,-0.1381,False
966d6034-6bde-48bf-bac5-73033b78fefd,rider,False,,,0.597,paid but the ride never happened,money,0.0254,True
ab24e178-dda1-4a58-a925-997059f8b34f,rider,False,,,0.6109,captain misbehaved and used abusive language,safety,0.1143,True
acc4ef99-96f5-4bf7-b2d6-3e041b4c3a48,rider,False,,,0.5636,captain misbehaved and used abusive language,safety,0.0211,False
02d82161-06f0-4f1d-8090-6bdd226a0c0b,rider,False,,,0.5461,driver nashe mein tha,safety,-0.0085,False
17f63f10-b92e-43fc-85cf-f68f79c65cbf,rider,True,money,extra money,0.6807,app forced me to add a tip to get a ride,tip,0.1215,True
fb8a6a96-4b36-45ed-912d-a0aa15b1cb89,rider,False,,,0.621,app forced me to add a tip to get a ride,tip,0.1364,True
0c72570d-797d-409a-afff-cf94b92f1e52,rider,False,,,0.5843,driver nashe mein tha,safety,-0.1392,False
c34bfdcd-c258-40c2-8593-988d50cc3ea1,rider,False,,,0.555,paid but the ride never happened,money,0.0736,True
0a832b81-f20b-4c55-bce6-d5b73b650dda,rider,False,,,0.6228,captain misbehaved and used abusive language,safety,0.0757,True
d3dce5be-93a5-4142-ace7-ab3082543dcd,rider,False,,,0.419,refund not received,money,0.0912,True
47fba6c3-f288-4bd8-8b46-980f1b5b30bd,rider,False,,,0.5793,driver nashe mein tha,safety,0.0295,True
555ee909-1637-4b02-913f-d88b9ef25865,rider,False,,,0.615,charged a cancellation fee unfairly,money,0.0347,True
764e56f1-585d-49a9-b98f-dc917feca952,rider,True,money,paisa,0.7178,captain ne zyada paise maange,tip,0.0477,True
c412991e-d78d-4e68-8953-c89fad0ece90,rider,False,,,0.5987,final fare was much higher than shown,money,0.0041,False
b059dbf7-5ce8-45ce-9d02-abaa694e5d77,rider,False,,,0.5861,driver nashe mein tha,safety,-0.102,False
da49c8fb-1dd5-48ac-8a3b-59cc86a3d205,rider,False,,,0.6649,app forced me to add a tip to get a ride,tip,0.1241,True
2fdcab7e-8480-4743-827a-142dcb64ceab,rider,False,,,0.681,paid but the ride never happened,money,-0.0028,False
7fde7cea-53b2-4b4e-be32-d57621a4de02,rider,False,,,0.6476,final fare was much higher than shown,money,0.0498,True
08168a25-29c7-40d0-88ec-ab0fa203510a,rider,False,,,0.6515,I was charged extra money,money,0.2305,True
f71e0ef5-b213-4d89-a6a0-ee9c03117a09,rider,False,,,0.6698,final fare was much higher than shown,money,0.0397,True
ccd2f772-6514-4a0a-bb9a-4da190e22cb4,rider,True,safety,unsafe,0.6363,charged a cancellation fee unfairly,money,0.0709,True
f1119a41-79ec-4dca-86b4-e823fa17798a,rider,True,money,paise,0.7129,driver nashe mein tha,safety,0.0675,True
1d4b77d8-ddaf-41b3-9f31-7d62e47c65f9,rider,False,,,0.6113,driver nashe mein tha,safety,0.0333,True
641b593b-352a-4fa4-b3ec-3bcf258fa8d5,rider,False,,,0.6808,no helmet was given for the bike ride,safety,0.0385,True
417ce869-2a20-472d-8d2d-00fbc37f2518,rider,False,,,0.6797,final fare was much higher than shown,money,0.1564,True
c3f7a3fe-a8d4-48f7-9d41-b905d627a014,rider,False,,,0.5459,we had an accident during the ride,safety,-0.1006,False
3cbc434d-746e-49b8-95b2-d6db6ff8eeef,rider,False,,,0.5029,app forced me to add a tip to get a ride,tip,-0.0656,False
6dbe5d40-c3f6-4320-94a0-684951b4abfb,rider,False,,,0.6653,app forced me to add a tip to get a ride,tip,0.1144,True
5b477bc9-6053-4f6b-a04f-baf12ce13510,rider,False,,,0.6087,app forced me to add a tip to get a ride,tip,0.0928,True
cb36ccd7-3954-4e48-aa3e-7c7faefa0dca,rider,False,,,0.6173,I felt unsafe during the ride,safety,0.0891,True
efb144c9-3003-43ac-a1fb-f30bdf0ead20,rider,False,,,0.6539,driver nashe mein tha,safety,0.1197,True
6458cbe6-0b56-4e5d-906c-3c6ffd0f58b2,rider,False,,,0.6636,paid but the ride never happened,money,0.0363,True
d5e4df59-14e8-4489-a3ee-1f246550c3f5,rider,True,money,extra money,0.7193,final fare was much higher than shown,money,0.1211,True
ac889068-a177-4ebb-9404-bda8dea3e558,rider,True,money,extra money,0.6282,captain demanded extra money in cash,tip,0.1315,True
4e93f281-3b85-4a6c-be54-0b88f13e9f35,rider,False,,,0.6841,driver nashe mein tha,safety,0.0512,True
12aed39c-ec28-4120-8adf-6aab36cd80bf,rider,False,,,0.5209,money deducted from wallet without a ride,money,-0.2793,False
a7919032-7789-495b-9a9d-5296aeeaea57,rider,True,money,cheated,0.6572,final fare was much higher than shown,money,0.0775,True
e6b82867-2991-4665-9de3-9c375b7afd14,rider,False,,,0.6462,paid but the ride never happened,money,0.0742,True
9bef2d47-f44c-4255-837f-bb2d673a1413,rider,False,,,0.6633,app forced me to add a tip to get a ride,tip,0.1684,True
49c214ec-ef02-4952-a080-93deca26f036,rider,True,money,more money,0.6556,captain touched me inappropriately,safety,0.0354,True
89771151-4bb2-46e7-b949-335c1a36c5de,rider,False,,,0.5733,final fare was much higher than shown,money,0.0462,True
9637d1d5-c07e-48f5-aa9b-917c18325e59,rider,False,,,0.758,driver nashe mein tha,safety,0.078,True
94c75a76-9255-41be-b2ae-a2dc42951075,rider,False,,,0.5754,refund not received,money,0.0522,True
5eb654a6-26f4-46d9-8934-c916dbcc3b1b,rider,False,,,0.5796,final fare was much higher than shown,money,-0.0812,False
50cb8e81-aa5c-41d8-8fce-7fa946566601,rider,False,,,0.6686,final fare was much higher than shown,money,0.2122,True
b3e32336-0abb-46ab-b5db-193756aafc1a,rider,False,,,0.5876,final fare was much higher than shown,money,0.0927,True
05d35f9c-fefc-4575-a659-be72d5a87a7c,rider,False,,,0.651,captain ne zyada paise maange,tip,0.0269,True
28dd53bd-a165-4653-a740-15054b1f03d6,rider,False,,,0.4796,money deducted from wallet without a ride,money,-0.0086,False
9617cf9d-b221-4a5f-88d7-e01efc555bac,rider,False,,,0.6522,I felt unsafe during the ride,safety,0.0795,True
ef93dc11-a337-4274-8caf-a6acfa8ffbc7,rider,False,,,0.547,customer threatened and abused the captain,safety,0.0701,True
7c883042-7525-4330-9347-4d6460113b31,rider,False,,,0.6091,app forced me to add a tip to get a ride,tip,0.0863,True
168d55bb-27d0-446c-aee7-1eb6a9f2c93a,rider,True,money,more money,0.6594,charged a cancellation fee unfairly,money,0.2029,True
1ee98694-120a-4879-baae-e18f736edd59,rider,False,,,0.6017,app forced me to add a tip to get a ride,tip,0.0783,True
790b45fe-1a24-40e4-9ebe-07672dd11b9f,rider,False,,,0.6238,charged a cancellation fee unfairly,money,0.0614,True
0b135dad-92a8-4803-b29d-6bb8dfa6c96d,rider,False,,,0.6363,captain ne zyada paise maange,tip,-0.0246,False
02a5fca6-7beb-4eef-8f27-3204fbc80b50,rider,False,,,0.5284,app forced me to add a tip to get a ride,tip,-0.1262,False
b6655822-bd51-46a7-9dac-b93abb771c4b,rider,False,,,0.6816,final fare was much higher than shown,money,0.1298,True
55280f31-64b9-4c3d-9999-8c42df710b68,rider,True,money,extra money,0.6341,app forced me to add a tip to get a ride,tip,0.168,True
7c2df703-f413-4593-ae5d-1ac1033898d7,rider,False,,,0.5465,paid but the ride never happened,money,-0.0107,False
d786549f-8cd6-481e-9a19-9e1f5b03bea9,rider,False,,,0.4817,driver nashe mein tha,safety,-0.0978,False
d50a2675-f0ed-4ca9-9f61-5955bbe6beec,rider,False,,,0.5474,app forced me to add a tip to get a ride,tip,-0.1469,False
3661426b-112f-418a-8bcb-549ca487599f,rider,False,,,0.6884,driver nashe mein tha,safety,-0.2745,False
8d002ea7-7ba2-47d7-8399-831d6a3144af,rider,True,money,extra money;refund,0.6983,charged a cancellation fee unfairly,money,0.1923,True
d9928b31-4c0b-4201-b26c-96edf95c692f,rider,False,,,0.4977,driver was drunk,safety,-0.0711,False
c461d566-48c0-4638-bbbb-0449e499b3ce,rider,False,,,0.4958,app forced me to add a tip to get a ride,tip,-0.0823,False
5ef75d55-3161-4ca0-8b4f-5bcb92e146e5,rider,False,,,0.6573,driver nashe mein tha,safety,-0.0314,False
4c5c97f4-7377-4f31-9926-b2d855982010,rider,False,,,0.6974,app forced me to add a tip to get a ride,tip,0.1029,True
d276a285-4817-400b-8c5a-23a3f299f669,rider,True,money,more money,0.7232,final fare was much higher than shown,money,0.1806,True
2bb27066-a45b-4627-9381-35e175b4586d,rider,False,,,0.6413,app forced me to add a tip to get a ride,tip,0.1067,True
0b2878c5-46f5-4f10-83a9-f8c3d8479f85,rider,False,,,0.4782,driver nashe mein tha,safety,-0.1508,False
95ba19c3-933e-4b17-8f26-8c3e5dd770ef,rider,False,,,0.5781,money deducted from wallet without a ride,money,0.0666,True
e4fae299-a30b-4327-8c17-6963cbc05bde,rider,True,tip,tip,0.6772,app forced me to add a tip to get a ride,tip,0.1066,True
41231ebb-6ea1-4ff9-8a01-4c30b663caff,rider,True,money,extra charge,0.6694,driver nashe mein tha,safety,0.0531,True
a2b29337-016a-4158-bee4-d77836074ec1,rider,False,,,0.5006,app forced me to add a tip to get a ride,tip,-0.2411,False
a12985fe-6fa1-4c88-b702-dc660052f87f,rider,True,money,wallet,0.5884,money deducted from wallet without a ride,money,0.1277,True
84d30caf-84f9-404f-bc05-c183ffa1da59,rider,False,,,0.5827,captain asked for a tip,tip,-0.1913,False
6c925767-11c1-4de9-8fbf-5412bdc4720e,rider,False,,,0.5781,driver nashe mein tha,safety,0.0142,False
e60e2cae-712f-47ad-9e82-62229f20f7dc,rider,True,money,refund;wallet,0.547,refund not received,money,0.1151,True
0c72310c-dcf3-4dbd-a282-5402a4f41d82,rider,False,,,0.6158,driver nashe mein tha,safety,-0.1268,False
dff4ab08-974e-4623-95c5-2e55f54ac2ea,rider,True,money,cheated;overcharged;refund;wallet,0.6682,charged a cancellation fee unfairly,money,0.1697,True
05112f1b-5f27-4ea3-abe7-d931421c2cb0,rider,False,,,0.4826,app forced me to add a tip to get a ride,tip,-0.2991,False
85d338fe-85dd-4724-8992-16acb2f1738a,rider,False,,,0.6324,driver nashe mein tha,safety,0.0058,False
386cf684-b0ba-4053-b311-b31e623982d7,rider,True,money,frauds;fraudsters;refund,0.6465,money deducted from wallet without a ride,money,0.1314,True
d4a99b64-4d31-4bec-95ef-69f67415d293,rider,False,,,0.566,app forced me to add a tip to get a ride,tip,0.0818,True
3dcfcd78-9926-42ce-a042-19917319daa1,rider,False,,,0.5474,app forced me to add a tip to get a ride,tip,-0.2698,False
ad0d1da8-5222-4a38-8c1c-f4719faee1f0,rider,False,,,0.49,driver nashe mein tha,safety,-0.1273,False
61a5beaa-313c-4d26-9704-fbfec4d18ced,rider,False,,,0.6152,driver nashe mein tha,safety,-0.125,False
ebbe0ed5-0332-433e-a52d-cc4a0aae3456,rider,False,,,0.559,driver nashe mein tha,safety,-0.154,False
306ce635-42a6-4e35-8003-d625d4726e5b,rider,False,,,0.6198,driver nashe mein tha,safety,-0.1229,False
5fffab60-c68a-433f-a2ce-594e35df2eed,rider,False,,,0.6461,driver nashe mein tha,safety,0.021,False
88b93386-62cf-41db-926b-91f1d5ecc2f2,rider,True,money,paise,0.6536,money deducted from wallet without a ride,money,0.0997,True
c1d0bce9-436d-47d0-9ad2-a8a0d34f32c2,rider,True,money,extra money,0.6595,captain demanded extra money in cash,tip,0.1147,True
96575b25-7216-4911-abea-c152b5313366,rider,True,money,paise;wallet,0.5692,refund not received,money,0.0515,True
8aa6b1d0-4bac-4dc3-bc7b-1e8cf7fd4418,rider,False,,,0.6137,final fare was much higher than shown,money,-0.0494,False
d3e19a90-bb4e-4610-88e2-e2dfa6650298,rider,False,,,0.5683,driver nashe mein tha,safety,0.0361,True
0dcce2c7-a753-40cd-a7c5-c76fb5a9b96a,rider,False,,,0.4743,driver nashe mein tha,safety,-0.1769,False
b5d827d1-f33a-4e5a-be57-e6b4a540bc1c,rider,False,,,0.7015,app forced me to add a tip to get a ride,tip,0.0666,True
f1dfdc4c-a228-4ef0-9f6c-2670c2b4353f,rider,False,,,0.5421,driver nashe mein tha,safety,0.0101,False
aed9b815-32f3-41a2-be0a-bef5005ca67f,rider,True,money,पैसे,0.5507,driver nashe mein tha,safety,0.0449,True
17e8dd65-d45b-4327-ba8f-46d004704f4c,rider,False,,,0.528,captain misbehaved and used abusive language,safety,0.1088,True
9ca19168-358f-4518-be9f-c7d5eb1ef47b,rider,False,,,0.5662,app forced me to add a tip to get a ride,tip,-0.1051,False
c3210208-a0d1-4f23-a195-04490d82dafd,rider,False,,,0.7789,driver nashe mein tha,safety,-0.149,False
08ce97a6-5bb3-4175-9f9d-356b15b8d863,rider,False,,,0.5773,app forced me to add a tip to get a ride,tip,0.0491,True
124983a7-b6ea-406f-84e7-8716dea4f498,rider,False,,,0.5487,app forced me to add a tip to get a ride,tip,-0.3226,False
f458393e-a0ea-4435-b8f5-0f26e7016f9d,rider,False,,,0.581,driver nashe mein tha,safety,-0.1229,False
75e0650d-3bdf-470d-8190-a41bca06e9a2,rider,True,money,fraud,0.6238,app forced me to add a tip to get a ride,tip,0.0766,True
5b5ed2d2-ad5d-446c-8851-658d0a61dad5,rider,False,,,0.4234,captain asked for a tip,tip,-0.0962,False
782e0585-0a4f-4272-9899-a65e656fd9d9,rider,False,,,0.613,driver nashe mein tha,safety,-0.1827,False
71093163-3484-42ed-9bff-fdec8d38cb41,rider,True,money,extra amount,0.6511,penalty deducted from captain earnings unfairly,money,0.0386,True
e51106e0-f10e-4c8d-8aa5-ea4133d6b045,rider,False,,,0.5768,captain ne zyada paise maange,tip,-0.119,False
9485c66f-04be-4e00-bcdb-133be6a81d5b,rider,False,,,0.5364,app forced me to add a tip to get a ride,tip,-0.3514,False
9519a0f5-2a9b-4fc6-9622-f76a0cb1e5e5,rider,False,,,0.5052,charged a cancellation fee unfairly,money,-0.0659,False
366b2694-e51e-4f48-994e-fc7e09b031c6,rider,True,money,extra money,0.7271,captain asked for a tip,tip,0.0813,True
d84750d2-b24e-49cd-ba00-ecd2a235ff58,rider,False,,,0.5734,paid but the ride never happened,money,0.1388,True
009a60e6-c976-46e4-af07-87d8634e306c,rider,False,,,0.5433,final fare was much higher than shown,money,-0.2144,False
1e2dc707-748f-4e4f-8e62-fb8b2e8b6e37,rider,False,,,0.4767,app forced me to add a tip to get a ride,tip,-0.2487,False
8beb643a-647f-49c8-8470-0f67538c8ea9,rider,False,,,0.5815,app forced me to add a tip to get a ride,tip,0.0919,True
8ee59872-14ec-43d3-bcd6-10d75b8d4df8,rider,False,,,0.4904,driver nashe mein tha,safety,-0.1237,False
8776170c-17d4-48d0-a767-5aa47426f686,rider,False,,,0.5282,no helmet was given for the bike ride,safety,-0.0176,False
f1923001-0a76-4d0d-be41-937ca0381a89,rider,False,,,0.5672,driver nashe mein tha,safety,-0.0327,False
55869756-d36a-4e16-87c2-a3398d874ea0,rider,False,,,0.6241,driver nashe mein tha,safety,-0.1083,False
a5b75c50-6010-4831-8ba2-969d6021a0a6,rider,False,,,0.5853,app forced me to add a tip to get a ride,tip,-0.2228,False
cbd7391f-68f0-4614-a7c0-91637c52e4ee,rider,True,money,fraud,0.556,charged a cancellation fee unfairly,money,0.0621,True
1ad48aed-240a-4f66-860d-4d7e3aad496e,rider,False,,,0.6245,driver nashe mein tha,safety,-0.1893,False
464bc533-3dc0-47fe-9992-8a72966a514a,rider,False,,,0.5344,driver nashe mein tha,safety,-0.2162,False
616e8613-cb4d-4bb0-844e-9415b6d388e1,rider,False,,,0.4829,captain asked for a tip,tip,-0.249,False
5ae15e3c-4b4e-4fcf-a492-89d0f50cba06,rider,True,money,extra charge,0.7426,final fare was much higher than shown,money,0.1809,True
8fc90919-6dd0-4b12-8af8-e8d2fe41e0fb,rider,False,,,0.5585,captain asked for a tip,tip,-0.2134,False
a21e9105-659c-47fc-8572-fe4227e40ecd,rider,False,,,0.7027,captain was driving rashly and dangerously,safety,0.0978,True
f74b9faa-1f8e-4592-a90f-358ceb4217d5,rider,False,,,0.513,driver nashe mein tha,safety,-0.3938,False
66adb149-175e-48d5-b5e8-2ffe2cf88c05,rider,False,,,0.5056,driver nashe mein tha,safety,-0.1188,False
2bf41e15-6655-45ce-9fb5-3236d003c725,rider,False,,,0.494,I felt unsafe during the ride,safety,0.0944,True
de98b56e-a896-49bb-90eb-8d2569e0307f,rider,False,,,0.5679,driver nashe mein tha,safety,0.001,False
5a856096-a94f-4a17-a0aa-aec6a1b319f4,rider,False,,,0.6572,paid but the ride never happened,money,0.0666,True
d5ed3481-2974-4840-9073-bfb52b638ee3,rider,False,,,0.7422,driver nashe mein tha,safety,-0.1559,False
f0ef5e47-ddf2-43f1-93b6-5b6fce516a23,rider,False,,,0.5417,captain ne zyada paise maange,tip,-0.1043,False
33e3a0c6-dffb-4d02-a353-4b106b6e6965,rider,False,,,0.7028,final fare was much higher than shown,money,0.1315,True
d0c2bf7e-ef42-42f5-92a9-4e1553cb04f0,rider,False,,,0.5868,captain misbehaved and used abusive language,safety,0.1003,True
a5ada668-9421-4844-bff9-ca8f2d5e9d89,rider,False,,,0.6699,paid but the ride never happened,money,0.1427,True
baf37abd-159f-48a9-8f20-74aaa7a4e761,rider,False,,,0.5416,captain asked for a tip,tip,-0.2357,False
23e7405b-9ca1-477b-8eb3-063662f49efd,rider,False,,,0.4699,captain ne zyada paise maange,tip,-0.1493,False
39fe6620-8b84-4b3e-ad79-8b7954c4f3b6,rider,False,,,0.5514,the captain harassed me,safety,0.055,True
65842465-0e54-4524-9368-d4b2793b23fb,rider,False,,,0.5067,driver nashe mein tha,safety,0.0357,True
f0e322a4-d42b-45bf-bf17-c8efc11252ad,rider,False,,,0.5407,captain asked for a tip,tip,-0.2466,False
018370fb-395d-4211-8688-b739f1fc2fed,rider,False,,,0.4251,captain was driving rashly and dangerously,safety,0.0505,True
cebecb34-bd83-4f3b-a700-c82af33a5817,rider,False,,,0.6641,no helmet was given for the bike ride,safety,0.0638,True
a8598f43-7b61-4507-817e-5c3b3a01b490,rider,False,,,0.5862,final fare was much higher than shown,money,0.0571,True
131b54a8-977c-4889-a160-5a36892da6f4,rider,False,,,0.5838,charged a cancellation fee unfairly,money,0.1175,True
cf937831-49d1-444e-822b-de0c12712b2e,rider,False,,,0.6599,captain asked for a tip,tip,0.0618,True
0c13f765-0d57-48f9-9799-e59454721f11,rider,False,,,0.6292,penalty deducted from captain earnings unfairly,money,0.1426,True
80694bc5-5689-40c7-ba0e-1e9fac6a18f4,rider,False,,,0.686,driver nashe mein tha,safety,-0.2013,False
450a1949-7648-4097-ab7b-5f14c6f1f099,rider,False,,,0.7372,final fare was much higher than shown,money,0.1162,True
945d34ad-d9e7-489d-94d7-210be4f9d864,rider,False,,,0.5628,driver nashe mein tha,safety,-0.0662,False
5c1c0f7d-e4f6-4b61-8647-836dda93bf83,rider,False,,,0.4838,penalty deducted from captain earnings unfairly,money,0.0032,False
edbdafd8-08f1-4e43-bbad-9df07f082ac9,rider,False,,,0.4844,final fare was much higher than shown,money,0.0105,False
338547aa-de01-4ca0-a83e-509764986656,rider,False,,,0.6886,final fare was much higher than shown,money,0.1813,True
47ce3f25-d24c-42e2-9ca5-ecf97b8c326a,rider,False,,,0.5336,charged a cancellation fee unfairly,money,0.0044,False
a12baaea-c4fe-4416-b7dd-d0bc83acea4e,rider,False,,,0.5401,driver nashe mein tha,safety,-0.1761,False
f84c255e-48cc-444d-a47e-0bd0e2034e0d,rider,False,,,0.5722,driver nashe mein tha,safety,-0.2213,False
c1f535eb-3d09-46bc-a9db-cce281fd6393,rider,False,,,0.4465,app forced me to add a tip to get a ride,tip,-0.2578,False
c8d4c56f-f096-4e70-9644-eaba51b97c49,rider,False,,,0.6414,captain ne zyada paise maange,tip,-0.0762,False
1a29e00d-f4dd-4935-9990-2e3545ca32dd,rider,False,,,0.504,app forced me to add a tip to get a ride,tip,-0.3814,False
16835647-a82e-47ec-a5f5-9de511076135,rider,False,,,0.5618,captain touched me inappropriately,safety,-0.004,False
b3ae6e79-5a91-445a-988a-d61d65fb80e5,rider,False,,,0.5028,driver nashe mein tha,safety,-0.2877,False
81017fbf-d4d7-42f0-9c0a-cae96d0871ed,rider,False,,,0.4744,captain was driving rashly and dangerously,safety,0.0015,False
68f7d00a-5065-4156-b93d-03fc7c5fefec,rider,False,,,0.559,app forced me to add a tip to get a ride,tip,-0.0956,False
e86cb73c-1c73-411f-acd8-0ed50abf4098,rider,False,,,0.4988,I was charged extra money,money,-0.155,False
36cd6676-1b8e-457c-b808-3118146fa34c,rider,False,,,0.6539,final fare was much higher than shown,money,0.0669,True
4543b4dd-3a14-41f0-898b-65e95211382c,rider,False,,,0.5364,app forced me to add a tip to get a ride,tip,-0.1488,False
7dffc674-d6dd-449a-b8fb-00ac8c2317a6,rider,False,,,0.6628,driver nashe mein tha,safety,-0.2523,False
cde22a1a-5269-41fd-9fcc-beb36d7e0065,rider,False,,,0.6227,driver nashe mein tha,safety,-0.1316,False
2dc48eee-ac69-4bf6-9fa9-cd78d55b10a9,rider,False,,,0.5612,money deducted from wallet without a ride,money,-0.0161,False
72959aa8-a469-4b0b-9d42-07fe093b4f00,rider,False,,,0.5732,driver nashe mein tha,safety,-0.01,False
60410236-590a-4153-adb9-71d8631ca034,rider,False,,,0.6026,captain asked for a tip,tip,-0.0682,False
7077ba41-cd0c-4f2f-abfd-3c8e0642932c,rider,False,,,0.7112,driver nashe mein tha,safety,-0.0637,False
8866862c-c847-4ed9-a877-278f4e7cfa41,rider,False,,,0.8201,driver nashe mein tha,safety,-0.1268,False
2489aa3d-f1d8-4c16-8619-2fdca6f06a83,rider,False,,,0.5329,paid but the ride never happened,money,0.0778,True
0ad030fc-48c4-46ae-8156-318401997778,rider,False,,,0.5459,paid but the ride never happened,money,0.0317,True
995a666d-4952-4c5e-b71c-e1cc1a930cc3,rider,False,,,0.6171,captain ne zyada paise maange,tip,-0.0012,False
0e50f748-4dff-4d57-ac7c-8434434b7d8f,rider,False,,,0.6809,I felt unsafe during the ride,safety,0.1094,True
9d72e6e9-8a09-4de7-b93d-6fb591cdd286,rider,True,money,extra fare,0.5983,app forced me to add a tip to get a ride,tip,0.0602,True
9465bc88-2c20-498a-a6ff-c9921e4824bd,rider,False,,,0.6628,driver nashe mein tha,safety,-0.2523,False
f380c40c-fef6-4d25-b92b-12420c196602,rider,True,money,extra amount,0.6645,app forced me to add a tip to get a ride,tip,0.1796,True
f100458a-9cfb-4dfd-8756-2eb34f1b79d1,rider,False,,,0.5866,driver nashe mein tha,safety,-0.0338,False
09bee2d9-0041-44d7-b0f6-d4358f24d2a1,rider,False,,,0.6926,final fare was much higher than shown,money,0.1461,True
c73fe0e6-feda-446e-9dfa-a283865206e7,rider,False,,,0.6416,captain ne zyada paise maange,tip,0.0467,True
35aedadc-05d2-498f-98fa-c6c50e47d4c7,rider,False,,,0.5141,driver nashe mein tha,safety,-0.1238,False
81edc9b9-d970-4e08-b53e-fb10001d47a0,rider,False,,,0.5005,captain asked for a tip,tip,-0.196,False
e3bb5256-d579-4cdd-88d2-2b6c01a0dbe9,rider,False,,,0.66,driver nashe mein tha,safety,-0.1797,False
54e5415e-c2b3-4116-87e7-46c9f57c3cba,rider,True,money,extra money,0.6604,driver nashe mein tha,safety,0.0533,True
f50e476f-8ad8-44f5-b6d3-24cb3f42c9c4,rider,False,,,0.5426,app forced me to add a tip to get a ride,tip,-0.0727,False
d9a04473-ca4c-42ba-a5ba-be24082a1276,rider,False,,,0.5843,app forced me to add a tip to get a ride,tip,0.1005,True
cd5cf6b9-5f1c-4262-a91d-8adcd0f50a43,rider,False,,,0.4922,my earnings or incentive were not paid,money,0.0219,True
49b4ee73-4049-4549-839c-e3cf5667ac1f,rider,False,,,0.6536,I felt unsafe during the ride,safety,-0.1679,False
87fb1776-9a30-4792-a75b-9d576006480c,rider,False,,,0.5988,paid but the ride never happened,money,0.0851,True
233edb50-248c-49b8-807b-fe2d21c9de94,rider,False,,,0.6005,we had an accident during the ride,safety,-0.049,False
827ee0f1-6154-407c-bf82-d73a6361f520,rider,False,,,0.5041,driver nashe mein tha,safety,0.0544,True
d7527fd4-5e6c-47d4-87f6-a23921c203dd,rider,False,,,0.6614,paid but the ride never happened,money,0.0244,True
faa6b081-a95d-420a-bddc-ae4d2d81876f,rider,False,,,0.6265,app forced me to add a tip to get a ride,tip,0.101,True
f4c601c1-ecc8-4bda-88f5-518d9e4f5dc2,rider,False,,,0.6262,driver nashe mein tha,safety,-0.1408,False
60a23eb0-88ad-4ad2-8059-52aaaf9986b4,rider,False,,,0.6222,driver nashe mein tha,safety,-0.0455,False
c6b856f2-87e9-424f-b3d5-4c0f52b23f39,rider,True,money,jyada paise,0.6857,captain ne zyada paise maange,tip,-0.0236,False
52662182-817b-4156-97c1-26469116b204,rider,False,,,0.4966,app forced me to add a tip to get a ride,tip,-0.1949,False
f23757a3-3568-48f0-aeb3-6e0bfd3f8afc,rider,True,money,fraud;fraudsters;refund,0.6179,customer threatened and abused the captain,safety,0.1187,True
5c73c75f-6776-42a3-85ea-92183a630199,rider,True,money,fraudulent;fraudulently,0.5913,app forced me to add a tip to get a ride,tip,0.0976,True
4259e46c-2c87-4c25-a6fc-2da4b93e7e72,rider,False,,,0.6149,customer threatened and abused the captain,safety,0.0143,False
b83d199e-5692-4003-bee4-b265e6713a9f,rider,False,,,0.6244,driver was drunk,safety,0.0678,True
a36e33bb-2007-4a93-82c0-f1b92bdcc9e5,rider,False,,,0.5159,final fare was much higher than shown,money,0.0206,False
2e62030b-5253-48c9-a12d-e75207ac8770,rider,False,,,0.6417,driver nashe mein tha,safety,-0.1544,False
174698c0-7d4f-4795-9613-daba6d2ca9db,rider,False,,,0.6178,app forced me to add a tip to get a ride,tip,0.1019,True
36e5ee23-8944-46f3-be0a-0ede2880488e,rider,False,,,0.5685,driver nashe mein tha,safety,-0.2174,False
a3a81435-1c1b-4f39-94e4-c6891571d638,rider,False,,,0.5662,app forced me to add a tip to get a ride,tip,0.063,True
832bfb2b-8780-4f6f-a674-f9ceb4227c40,rider,False,,,0.5759,we had an accident during the ride,safety,-0.1218,False
c913f61a-1827-4a09-a9d2-9f91dd45d0f1,rider,False,,,0.4796,customer threatened and abused the captain,safety,0.0717,True
3d5b6753-890b-4275-abff-12fb7bb19c0c,rider,True,money,paisa,0.5796,captain ne zyada paise maange,tip,0.036,True
ccba4de0-a15f-4984-9189-a633a094c8a4,rider,False,,,0.632,captain ne zyada paise maange,tip,-0.0162,False
689a3ac0-1fbd-47a7-a03e-ddafb5d53e02,rider,False,,,0.7564,driver nashe mein tha,safety,0.0622,True
cf8a6a1f-5ad7-47b8-aa90-e6ec834c7e23,rider,True,money,extra money;wallet,0.6266,final fare was much higher than shown,money,0.0111,False
8d1a5855-12a5-485c-9fc0-d6297b65b5ab,rider,True,safety,drunk,0.6239,driver was drunk,safety,0.1138,True
505d8ae8-9dd1-4e22-9709-d4a5d706af46,rider,True,money,पैसे,0.5979,customer threatened and abused the captain,safety,0.0584,True
5a1ea6d8-3ea5-426a-bb52-73606cf5ad98,rider,False,,,0.545,app forced me to add a tip to get a ride,tip,-0.1982,False
c0cdf329-e888-4f0a-9ca3-9573bd75ee35,rider,False,,,0.5529,driver nashe mein tha,safety,-0.2721,False
f2455ea0-fce9-4302-bdb6-33564dfd672e,rider,False,,,0.5513,charged a cancellation fee unfairly,money,-0.0493,False
df822577-c1d0-4478-aeb5-5dfc0c106725,rider,True,money,penalty,0.5474,captain was driving rashly and dangerously,safety,0.0253,True
59a9965b-ed74-4427-9dc1-529982d45e17,rider,False,,,0.6224,no helmet was given for the bike ride,safety,-0.122,False
d60dca5d-d075-4fb4-a54b-945e964c853e,rider,False,,,0.6603,app forced me to add a tip to get a ride,tip,0.1115,True
471f9957-44d2-497a-9112-4229f460448c,rider,False,,,0.4921,captain asked for a tip,tip,-0.3097,False
1d223064-6f2a-4e35-b899-fb3c8a8dd979,rider,False,,,0.4853,money deducted from wallet without a ride,money,-0.007,False
783e1529-5db5-435c-b38c-0c3936e664eb,rider,True,money,cheating;refund,0.6207,charged a cancellation fee unfairly,money,0.0812,True
d0b9bccb-4ab0-46b0-bfa4-28b89e20fa2b,rider,False,,,0.6977,final fare was much higher than shown,money,0.1966,True
c25f53ac-2114-4a67-b2e0-008d36521d9c,rider,False,,,0.7027,driver nashe mein tha,safety,-0.169,False
733de1cb-e96c-42c6-816e-3f203c87ff86,rider,False,,,0.6038,app forced me to add a tip to get a ride,tip,0.065,True
61490396-3673-486b-9550-03696b8b6413,rider,False,,,0.6736,driver nashe mein tha,safety,-0.1409,False
73003633-67fa-477a-8257-f7ad93f2cb06,rider,False,,,0.4587,charged a cancellation fee unfairly,money,-0.0778,False
89d6222e-23fc-4615-94b3-3cb4d6c195f5,rider,False,,,0.5872,driver nashe mein tha,safety,0.0247,True
6fae5642-0e1c-4bb6-8600-3e9e4dc9c24f,rider,True,money,fraud,0.6342,app forced me to add a tip to get a ride,tip,-0.036,False
5248f6b2-9001-41b1-934f-9da6197074f9,rider,False,,,0.5467,driver nashe mein tha,safety,-0.0075,False
b6900e09-182e-4c85-80fc-8affb29abcde,rider,False,,,0.6519,driver nashe mein tha,safety,0.0688,True
a7dfcc92-f445-4a47-9c81-c877d50f4683,rider,False,,,0.6488,driver nashe mein tha,safety,0.1225,True
6a955575-296c-4f79-9a2a-8f61f29f47cd,rider,False,,,0.494,app forced me to add a tip to get a ride,tip,-0.0531,False
64be14c4-84d8-454e-b05d-38c12ab17258,rider,False,,,0.5379,final fare was much higher than shown,money,-0.1193,False
65a87dd6-e09c-4fe6-bb0c-22110dfcc576,rider,False,,,0.5709,driver nashe mein tha,safety,-0.2198,False
920d4e3f-fc88-48ea-97af-c9f290700bd1,rider,False,,,0.541,charged a cancellation fee unfairly,money,0.0388,True
22948d0e-3544-4e00-ab08-bab4310153d7,rider,False,,,0.5106,captain demanded extra money in cash,tip,0.0409,True
18955b82-790e-47ab-aed0-a79c50698d2c,rider,False,,,0.5555,paid but the ride never happened,money,0.0042,False
fc7035d5-1dbe-4b50-8bdc-88102afb98a2,rider,False,,,0.545,captain ne zyada paise maange,tip,-0.2061,False
3d17ac7e-33c1-4982-a606-88832b80ea0c,rider,False,,,0.5849,paid but the ride never happened,money,0.0537,True
baa68c84-2d96-4ce1-a640-0b45e2ca41eb,rider,False,,,0.4854,app forced me to add a tip to get a ride,tip,-0.3089,False
5cf8b191-ac9e-4216-a65b-4bb67beaf9ec,rider,False,,,0.553,I felt unsafe during the ride,safety,0.0397,True
ab98ce44-a40e-40ed-b6cc-f72c4dc8e976,rider,False,,,0.6525,final fare was much higher than shown,money,0.0329,True
28bac920-9b18-46c6-9543-69bb528335a0,rider,False,,,0.6163,final fare was much higher than shown,money,0.0877,True
61220b3e-ecd5-4953-b810-30d098fd552c,rider,False,,,0.7255,driver nashe mein tha,safety,-0.1521,False
9862ba37-8ac0-44ba-9837-e10319c16f13,rider,False,,,0.649,I felt unsafe during the ride,safety,0.121,True
c35efa45-46fa-4ea1-a1e3-89a1acae7fb0,rider,False,,,0.4972,money deducted from wallet without a ride,money,0.0277,True
2222654c-557a-4801-a10e-867dfe9c303e,rider,False,,,0.5497,captain ne zyada paise maange,tip,-0.2173,False
ca165624-52ff-48a5-a756-b57ed22a50f7,rider,False,,,0.6032,driver nashe mein tha,safety,0.063,True
431fff48-588f-422b-8255-557c52b0d4f4,rider,False,,,0.6896,app forced me to add a tip to get a ride,tip,0.0851,True
1d88a672-082c-4e0c-874c-3eb8449f203a,rider,False,,,0.5915,driver nashe mein tha,safety,-0.0473,False
bcd622cd-37ea-4a45-987f-cb9e2df21c0b,rider,False,,,0.596,we had an accident during the ride,safety,-0.0977,False
6ea637da-8ba9-49bd-afa1-d4c0a647a217,rider,False,,,0.6511,I felt unsafe during the ride,safety,0.1527,True
83ecfc71-9434-4f79-93b3-4d6742e3d529,rider,False,,,0.6075,app forced me to add a tip to get a ride,tip,-0.0734,False
75a6d6ae-a34a-43cd-bc4e-c70d2384101b,rider,False,,,0.565,money deducted from wallet without a ride,money,-0.0263,False
e86ef851-d467-4a61-b4f7-5ca2297977b5,rider,False,,,0.6014,final fare was much higher than shown,money,0.0734,True
fe778819-2b55-4568-9a57-73995dca607b,rider,False,,,0.5412,captain ne zyada paise maange,tip,-0.0011,False
54f3aa35-4b3f-45e2-8fe5-2538e87d4755,rider,False,,,0.5807,we had an accident during the ride,safety,0.0156,False
215ba044-85d1-409d-a8dc-9f9e45748da0,rider,False,,,0.7194,we had an accident during the ride,safety,0.0274,True
d8805e2c-b9b5-47ae-bc90-f8348ab4a415,rider,False,,,0.6358,driver nashe mein tha,safety,0.0388,True
de524c8e-e0fc-4268-b1a6-530188594340,rider,False,,,0.673,final fare was much higher than shown,money,0.0417,True
7a1c2fba-1451-4a56-9aa0-bc167700673c,rider,False,,,0.5859,driver nashe mein tha,safety,-0.0398,False
988e40eb-f5a6-48d7-aa0d-d620f19a56d1,rider,False,,,0.4683,app forced me to add a tip to get a ride,tip,-0.1511,False
8763785e-d804-463b-9b6c-e0545d724ae0,rider,True,money,fraud,0.6795,final fare was much higher than shown,money,0.0527,True
1f1d6466-1738-43e1-a136-1e8494a06878,rider,False,,,0.4327,captain asked for a tip,tip,-0.1572,False
8abb343a-ed1b-423b-881f-9a3f5e97e09e,rider,False,,,0.4749,app forced me to add a tip to get a ride,tip,-0.2623,False
1ee10ae8-21c2-4e2a-a1d6-f606c543c438,rider,False,,,0.5325,captain asked for a tip,tip,-0.0939,False
b7bf9424-e1d7-4ce1-b83d-21b79c65697f,rider,False,,,0.5995,app forced me to add a tip to get a ride,tip,0.0463,True
4bc08aa4-51f4-4b55-b3bf-241a19a02cac,rider,False,,,0.5838,app forced me to add a tip to get a ride,tip,-0.1866,False
e8423f26-c600-4319-afb4-48fe2c846d20,rider,False,,,0.5923,driver nashe mein tha,safety,-0.1362,False
6236dd78-82f7-419c-9ed3-265204d15f2e,rider,False,,,0.6051,customer threatened and abused the captain,safety,0.0984,True
a0b4c9f2-8a5e-4d28-85d5-47d885304c7b,rider,False,,,0.4831,captain ne zyada paise maange,tip,-0.2348,False
c44de10c-a862-4ad5-a8ef-79d270c1bcea,rider,False,,,0.5251,driver nashe mein tha,safety,-0.2805,False
5374a78d-7386-4ca3-a44e-85ce267828d1,rider,False,,,0.5692,captain ne zyada paise maange,tip,-0.2342,False
02383bc3-49c1-4125-abe7-45c9ed9dde2f,rider,False,,,0.4799,captain asked for a tip,tip,-0.2342,False
8b5f75c0-69aa-4fac-8582-5df534142a18,rider,False,,,0.5947,driver nashe mein tha,safety,-0.0869,False
fbb3215f-5139-429b-8e1f-b237bfb7e014,rider,False,,,0.7002,driver nashe mein tha,safety,0.0978,True
ab810edf-8d28-4ef8-b8d9-2397b4e2890e,rider,False,,,0.5668,driver nashe mein tha,safety,-0.2837,False
5b78a3c5-d4f7-4b8a-81b4-04dd99f180d4,rider,False,,,0.593,I felt unsafe during the ride,safety,-0.2524,False
88e6d8f6-534a-4c3c-8a1f-1078e8b5e365,rider,True,money,wallet,0.57,money deducted from wallet without a ride,money,0.115,True
5ff865f4-3313-4c06-9834-0da51a556c4f,rider,False,,,0.544,captain ne zyada paise maange,tip,-0.2494,False
4b663fae-b5da-4bb1-a00e-ed07518e12bd,rider,False,,,0.4828,app forced me to add a tip to get a ride,tip,-0.255,False
557f113a-09ec-4c65-90bc-28b203672253,rider,True,money,scam,0.6332,charged a cancellation fee unfairly,money,0.1305,True
182c9421-adda-49e9-9872-935d71630ef1,rider,False,,,0.64,driver nashe mein tha,safety,-0.0335,False
019fbb57-8518-4106-95c7-f828332170a3,rider,False,,,0.452,driver nashe mein tha,safety,-0.3406,False
cb24ad1b-df4a-4b7f-abd4-7e81d33d0c51,rider,False,,,0.5707,final fare was much higher than shown,money,-0.3218,False
16c33319-880c-45bf-8e3a-50d1e62c25d8,rider,False,,,0.5615,driver nashe mein tha,safety,-0.3359,False
f61f89ff-4fe8-4ac3-bd05-22e82ad73284,rider,False,,,0.7221,final fare was much higher than shown,money,0.101,True
8700934d-578a-4a44-a442-4e6afc825885,rider,False,,,0.6394,the captain harassed me,safety,0.0899,True
806bc83b-6245-46f1-a920-fbdf39c354ce,rider,False,,,0.565,driver nashe mein tha,safety,-0.2309,False
91b5cd58-6618-44d8-bf54-0b3472f34a21,rider,False,,,0.5364,driver nashe mein tha,safety,-0.064,False
89b2422a-d2ee-45ff-9d9e-fb0155bba924,rider,False,,,0.5372,app forced me to add a tip to get a ride,tip,-0.3387,False
c4073127-2ded-4ee1-9a7c-53b540896a7a,rider,False,,,0.6043,app forced me to add a tip to get a ride,tip,-0.1,False
863d1e63-02b9-42ca-ab1b-31f24493b06b,rider,False,,,0.5142,app forced me to add a tip to get a ride,tip,-0.2416,False
bde05bf5-d748-4700-90ce-d025e5bb3e1f,rider,False,,,0.4395,paid but the ride never happened,money,0.031,True
103c526b-c433-46f8-aa60-fcb9d89e1905,rider,False,,,0.4619,captain ne zyada paise maange,tip,-0.2241,False
8f480652-0012-4299-849d-1a42435872d3,rider,False,,,0.6329,I felt unsafe during the ride,safety,0.0403,True
0f2a371a-e7d2-427d-9458-397e9d442d44,rider,False,,,0.4817,captain asked for a tip,tip,-0.3245,False
6e0c6c56-f7f8-4872-b5c3-3c85f82355e6,rider,False,,,0.6029,driver nashe mein tha,safety,0.0053,False
20474878-43bb-464c-8b01-8fcb145e725a,rider,False,,,0.552,driver nashe mein tha,safety,-0.2786,False
f34a2e84-78d5-44dd-bd2a-bdec1b5a4966,rider,True,tip,tip,0.6777,app forced me to add a tip to get a ride,tip,0.1281,True
07bb8c85-bcf5-43e9-a36e-75f34507f5b4,rider,False,,,0.6838,charged a cancellation fee unfairly,money,0.2258,True
a474245a-7402-479f-8f51-982116ed2c71,rider,False,,,0.6461,app forced me to add a tip to get a ride,tip,0.1006,True
b024255b-5a3f-4230-ab8e-d0f4ada8c7e5,rider,False,,,0.4459,charged a cancellation fee unfairly,money,0.0111,False
95895116-e368-4bec-93fd-01287a183ea3,rider,False,,,0.6068,app forced me to add a tip to get a ride,tip,-0.0386,False
8c233617-eb3f-4a97-837a-2f1695acbfa8,rider,False,,,0.5839,captain misbehaved and used abusive language,safety,0.0989,True
a0c92eb4-99e1-4457-ae12-3ab94b3b7fd0,rider,False,,,0.6799,app forced me to add a tip to get a ride,tip,0.1113,True
03267987-9778-4497-b9b2-74ad43ee0055,rider,False,,,0.5029,charged a cancellation fee unfairly,money,0.1554,True
cf381d68-947b-469f-b716-63e56ad0afd3,rider,True,money,extra money,0.6809,app forced me to add a tip to get a ride,tip,0.1318,True
1f3a12bb-aff5-4993-85ea-be7f018ac2a8,rider,False,,,0.5267,app forced me to add a tip to get a ride,tip,-0.1777,False
ad20c144-ec25-4bd1-8657-a9651a6444b4,rider,False,,,0.5471,captain asked for a tip,tip,0.015,False
05157b90-07d4-4475-93ad-4a9cc43bb2ad,rider,False,,,0.4527,captain ne zyada paise maange,tip,-0.0237,False
2e187108-e270-488a-ad96-1308cfb4de1c,rider,False,,,0.6455,final fare was much higher than shown,money,0.0588,True
c2df9f54-1e0f-4dda-a594-5f86a1fd6c0e,rider,False,,,0.6889,driver nashe mein tha,safety,0.0631,True
a428172b-92e5-4788-9818-bed2eeff831e,rider,False,,,0.5642,captain misbehaved and used abusive language,safety,-0.1658,False
b38a83d3-fbad-4228-aaca-eb096a58a3a1,rider,False,,,0.5751,money deducted from wallet without a ride,money,-0.0061,False
60c0edb1-8ea7-4402-9f39-a3275130d6dc,rider,True,money,extra money,0.7499,captain asked for a tip,tip,0.0515,True
1c98c74a-4cac-477a-8dfe-92a52a849e36,rider,False,,,0.5685,captain ne zyada paise maange,tip,-0.312,False
8fe9d821-c753-48ca-a5e0-15fb9618773d,rider,True,safety,accident,0.6571,captain was driving rashly and dangerously,safety,0.1375,True
953c8b61-2678-476c-92b0-52978cc6c0be,rider,False,,,0.5275,driver nashe mein tha,safety,-0.0408,False
b344f26a-ad34-4fbe-bbc8-f3bdf3617ee6,rider,True,money,extra amount,0.7084,final fare was much higher than shown,money,0.1338,True
0d8adc81-89d5-40f3-8602-f47c3e3350cb,rider,False,,,0.5074,captain asked for a tip,tip,-0.1137,False
1c3bae69-b7db-4a96-a612-8acc8488651d,rider,False,,,0.6533,app forced me to add a tip to get a ride,tip,0.1742,True
f24ffa0e-5a24-4de1-8907-4a84dc223d19,rider,False,,,0.5081,captain misbehaved and used abusive language,safety,-0.01,False
8893a513-226e-4b72-a772-9a6ba8c894de,rider,True,money,refund,0.66,refund not received,money,0.2128,True
8b8e3062-ef00-42c4-98c0-c4a899c154c9,rider,False,,,0.5712,app forced me to add a tip to get a ride,tip,-0.1296,False
bd7b53a0-66b3-4a5d-ad2c-490f4cff9970,rider,False,,,0.6545,final fare was much higher than shown,money,0.2385,True
efc7795d-2fb1-43fa-8cf9-9b9cf4513981,rider,False,,,0.7091,final fare was much higher than shown,money,0.1049,True
1d7097b0-c67a-4a3c-b8c2-e16a71186dce,rider,False,,,0.5443,the captain harassed me,safety,0.1183,True
dc6c1d98-5908-4be4-b0fd-429f7f0b99b0,rider,False,,,0.5968,driver nashe mein tha,safety,0.0188,False
fc4a0fde-9214-4d85-8664-443fea3e8ab2,rider,False,,,0.6394,paid but the ride never happened,money,0.2047,True
c606b44d-b67e-40c4-ba47-a18431ee2d0b,rider,False,,,0.5699,driver nashe mein tha,safety,-0.0896,False
c93aae56-34ef-4081-8703-6c6405239fc4,rider,True,money,refund;refundable,0.5473,charged a cancellation fee unfairly,money,0.0437,True
8683b6d7-83d2-427a-9d8d-1392cab6a5d5,rider,False,,,0.7186,final fare was much higher than shown,money,0.118,True
8f32869b-ab5f-4e98-9a5d-d35f5ba3536b,rider,False,,,0.5546,no helmet was given for the bike ride,safety,0.0336,True
d94d9ff6-b6a0-48b1-9e58-f4f44dc21a4d,rider,True,money,extra money,0.732,charged a cancellation fee unfairly,money,0.191,True
ba088ddb-a94e-4ba8-9327-d05c5591660e,rider,False,,,0.5347,captain ne zyada paise maange,tip,-0.1478,False
7c808051-9ede-4398-a020-8d3700dc8001,rider,False,,,0.5356,app forced me to add a tip to get a ride,tip,-0.1782,False
8780d903-17fa-4e21-985b-4a2dcabb4960,rider,False,,,0.6376,final fare was much higher than shown,money,0.093,True
467fbda6-6521-47c0-b857-7687ab782a65,rider,False,,,0.4962,captain asked for a tip,tip,-0.1953,False
ebfbc52d-09e9-4d77-8e40-a261ed6908ba,rider,False,,,0.5394,driver nashe mein tha,safety,-0.1618,False
7bece8ef-b716-4110-b88c-efb976ca98e8,rider,False,,,0.5358,captain ne zyada paise maange,tip,-0.2162,False
c45cc985-27f5-4dd9-9cf6-e6cb464fae85,rider,False,,,0.7522,driver nashe mein tha,safety,-0.1436,False
8d76480b-d267-4946-a4c5-2f9c7a95df11,rider,True,money,extra money,0.6462,app forced me to add a tip to get a ride,tip,0.0375,True
0c772c74-0e5f-4ba4-8ece-886ab4a709eb,rider,False,,,0.5928,driver nashe mein tha,safety,-0.042,False
b7706df0-8b66-4dd5-a246-ffe2d578d54c,rider,False,,,0.6535,I felt unsafe during the ride,safety,-0.132,False
304db79a-6698-4924-88d2-22dc3204e34d,rider,True,money,pesa,0.7056,captain demanded extra money in cash,tip,0.1426,True
35044b2a-2a5b-4f01-babc-2f8d01a87451,rider,False,,,0.5791,captain asked for a tip,tip,-0.0604,False
32fc5a4f-9d89-4c84-8b50-12b8fca59914,rider,True,money,extra amount,0.6688,I was charged extra money,money,0.1193,True
8ceaa57e-4408-450e-92a4-945d11733e64,rider,False,,,0.5785,paid but the ride never happened,money,0.0963,True
71ef0d1a-65ec-4aaa-aae0-98ec7ab70441,rider,False,,,0.5297,captain ne zyada paise maange,tip,-0.0031,False
e2018687-a1b4-4aa0-8c0e-a897c616198e,rider,True,money,fraud;scam,0.5632,charged a cancellation fee unfairly,money,0.0589,True
4f9a16e7-0c7d-4d61-9e71-99ce9342a17f,rider,False,,,0.4994,app forced me to add a tip to get a ride,tip,-0.074,False
91bef93a-8932-45f2-a62e-965d8880aa70,rider,False,,,0.5239,app forced me to add a tip to get a ride,tip,-0.1347,False
71b85526-cbcc-4bff-b91f-c695d4aba746,rider,False,,,0.5968,paid but the ride never happened,money,0.0752,True
6f3d47e1-60c4-4a42-baaa-ce4863abedc3,rider,False,,,0.575,final fare was much higher than shown,money,0.0287,True
d87c7a91-3e93-4881-b369-e6ba4861f29c,rider,False,,,0.5484,app forced me to add a tip to get a ride,tip,-0.0045,False
89b48b22-78d5-4f0d-be7d-117930fb4540,rider,False,,,0.496,app forced me to add a tip to get a ride,tip,-0.1849,False
2d337544-6fa2-4fff-a64b-73b3f77de7b5,rider,False,,,0.4812,driver nashe mein tha,safety,-0.0832,False
dbaad9b0-5e2a-47ce-b02c-e009d3309c4d,rider,False,,,0.5546,I felt unsafe during the ride,safety,0.0551,True
05018328-639c-4a7a-9da4-c7d203552945,rider,False,,,0.5466,driver nashe mein tha,safety,-0.1117,False
284b751f-ba93-46ae-9401-32c42bac2d86,rider,False,,,0.4671,captain asked for a tip,tip,-0.0538,False
234bcaa2-2399-48a2-92cd-d01cb092f685,rider,False,,,0.6185,driver nashe mein tha,safety,0.0072,False
d6400320-93a7-435d-9da8-1d54ea7bb163,rider,False,,,0.6289,app forced me to add a tip to get a ride,tip,-0.0381,False
143b18a8-e56a-40d6-b193-76128f80ff5f,rider,False,,,0.5306,captain ne zyada paise maange,tip,-0.2396,False
670fd272-b30e-4b14-b2dd-30e180474e34,rider,False,,,0.7365,captain misbehaved and used abusive language,safety,0.1539,True
d10d4830-4692-454d-9423-daaca384ad47,rider,False,,,0.6446,app forced me to add a tip to get a ride,tip,0.1134,True
fc280396-a0eb-41e6-b343-309b8ca7dd2b,rider,False,,,0.6783,driver nashe mein tha,safety,-0.3217,False
42afeda1-0f8a-471d-be5d-a8e6c552995c,rider,False,,,0.4903,captain ne zyada paise maange,tip,-0.219,False
e7738ac9-2019-4840-a6cf-dc12393e2292,rider,False,,,0.5844,my earnings or incentive were not paid,money,0.2396,True
7f176c77-7697-4950-b7cf-8bff2e82ad57,rider,False,,,0.5474,driver nashe mein tha,safety,-0.0757,False
207c7cda-6d9a-45d9-8adf-97adba546698,rider,False,,,0.6148,driver nashe mein tha,safety,0.0633,True
639e1c57-3536-438f-924f-2af4c0d40cb9,rider,False,,,0.5181,driver nashe mein tha,safety,-0.3125,False
d6795ad3-4376-4f3d-8585-e70e8d24e22e,rider,False,,,0.6422,app forced me to add a tip to get a ride,tip,0.0915,True
9f0d81f1-7d8b-43af-b1ab-25c8531b6b10,rider,False,,,0.6529,driver nashe mein tha,safety,0.1026,True
28ef65bb-e6eb-4c1a-a487-0883900bfa12,rider,False,,,0.7272,driver nashe mein tha,safety,-0.016,False
541efea2-aab6-462c-bcc9-6e82626fde91,rider,True,money,paisa,0.7649,captain ne zyada paise maange,tip,0.1099,True
e3a1f0dd-2223-4613-b359-865fb2f6b22f,rider,False,,,0.5733,captain ne zyada paise maange,tip,-0.0059,False
0ef9c528-9a7b-4a5f-961f-02457b32483d,rider,False,,,0.4995,money deducted from wallet without a ride,money,0.0307,True
9e07af78-c3cf-41e5-8380-4375eb5e9faa,rider,False,,,0.5033,driver nashe mein tha,safety,-0.1306,False
6fb85c0c-3f59-408b-a28a-063239d36e85,rider,False,,,0.5684,captain asked for a tip,tip,-0.2164,False
5b6addb1-b317-4695-9df9-9a64e3198b9a,rider,False,,,0.518,charged a cancellation fee unfairly,money,0.0484,True
71827bf5-9bf4-4a1a-b1b3-f992eee1e643,rider,False,,,0.6245,captain asked for a tip,tip,0.0391,True
857d43a9-4dbb-47f2-b381-5249fa119036,rider,False,,,0.6245,driver nashe mein tha,safety,0.0644,True
43da906a-98a6-42d0-96a8-3a602c8c9d43,rider,False,,,0.6941,final fare was much higher than shown,money,0.0799,True
1ae83656-682b-423c-a497-f9d97c154647,rider,False,,,0.5259,driver nashe mein tha,safety,-0.2238,False
18898bb3-1b86-47b2-a6b2-0daa2a56ca8b,rider,False,,,0.5204,captain asked for a tip,tip,-0.2375,False
6fb8038a-252c-4a88-8868-1491f8e7bbde,rider,False,,,0.8105,driver nashe mein tha,safety,-0.1895,False
bae77eda-84ea-455a-8b48-dd9b201382dd,rider,False,,,0.5637,captain asked for a tip,tip,-0.1468,False
3f5a01ad-c7f1-4d48-9767-a992af600fd0,rider,False,,,0.5424,captain asked for a tip,tip,-0.0958,False
acbd6b4e-c4d6-423d-84c5-cc7256649b66,rider,False,,,0.5379,no helmet was given for the bike ride,safety,0.0538,True
52015937-87e2-4f2c-b1f6-4cfdb2aac023,rider,False,,,0.5362,app forced me to add a tip to get a ride,tip,-0.2199,False
d30a91c1-0262-4991-af97-ed48ef5bf9c2,rider,False,,,0.601,app forced me to add a tip to get a ride,tip,0.0405,True
b65ba4ea-9488-435f-838e-b3b7e3cd5a78,rider,False,,,0.7254,driver nashe mein tha,safety,-0.1303,False
6ec901f3-01d9-4e6c-b1dc-ebce9486c668,rider,False,,,0.6122,captain ne zyada paise maange,tip,-0.1378,False
4120ea07-91ec-4ae6-a239-69c2bc19b7c3,rider,False,,,0.6884,driver nashe mein tha,safety,-0.2745,False
6342f35f-fe5a-443f-bdba-0fa50eca2bb6,rider,False,,,0.6899,app forced me to add a tip to get a ride,tip,0.1654,True
8989c34f-85d9-4b3b-b229-403aa2439acc,rider,False,,,0.5217,captain ne zyada paise maange,tip,-0.2039,False
840a0df9-bb78-45a0-9deb-082b9009bf30,rider,False,,,0.5429,captain asked for a tip,tip,-0.3122,False
7c18833b-089c-457c-a5c5-6f80709eae92,rider,False,,,0.6732,driver nashe mein tha,safety,0.0091,False
77a30571-e635-42db-a077-05084ce1559c,rider,False,,,0.4695,driver nashe mein tha,safety,-0.1761,False
10e0edd2-642a-41ee-9145-86a82b76b70d,rider,False,,,0.6449,app forced me to add a tip to get a ride,tip,0.0575,True
5f828d67-5ad2-425b-a3c3-ee6185a0bb2e,rider,False,,,0.5329,money deducted from wallet without a ride,money,0.0698,True
a979b5f6-10b5-44f4-984b-52640d5ac091,rider,False,,,0.5857,app forced me to add a tip to get a ride,tip,-0.0127,False
47cbb700-31db-41e7-83a6-bde6d29a0af5,rider,False,,,0.5542,captain ne zyada paise maange,tip,-0.1764,False
912b1c1a-f4f3-4eed-9caa-61852229baa3,rider,False,,,0.5678,driver nashe mein tha,safety,0.0534,True
3a88a72d-1b77-4e5c-b3af-8274000f168a,rider,False,,,0.4308,captain ne zyada paise maange,tip,-0.0921,False
1634459e-dc0a-46a3-9201-ea6d3aec09a1,rider,False,,,0.4349,refund not received,money,-0.0972,False
8b9ab7ac-74be-4f40-b710-985da0334e71,rider,True,money,extra amount,0.6354,app forced me to add a tip to get a ride,tip,0.0757,True
1e80382f-c765-4474-83a9-e6d1418fc4f3,rider,False,,,0.602,charged a cancellation fee unfairly,money,0.0752,True
cfacdcd8-0e61-4434-9f54-6e51e92eeb12,rider,False,,,0.4967,I felt unsafe during the ride,safety,0.0053,False
1855e582-1116-44f7-acfe-7f1b3262303c,rider,False,,,0.6897,I was charged extra money,money,0.2413,True
47aec28e-f2b0-4486-8595-668807d52a50,rider,False,,,0.6627,paid but the ride never happened,money,0.101,True
53577674-8e5d-40fd-8c36-dcead87a181e,rider,False,,,0.5256,paid but the ride never happened,money,0.123,True
d52adc77-95b7-4d65-95d7-1e528bed09d2,rider,False,,,0.4589,driver nashe mein tha,safety,-0.2603,False
7814829a-b454-4b1f-9cfd-a05b10bb5103,rider,False,,,0.5644,app forced me to add a tip to get a ride,tip,-0.0328,False
966612b3-83c4-4555-938f-96a60a29e81e,rider,False,,,0.5421,captain misbehaved and used abusive language,safety,-0.0226,False
48d4331d-06d5-4cbe-8814-9d4d36451877,rider,False,,,0.5752,money deducted from wallet without a ride,money,-0.0981,False
9fecda11-80c9-49de-b4e4-12bc49b3cb2f,rider,False,,,0.6395,app forced me to add a tip to get a ride,tip,0.0918,True
0770441e-d765-496c-acb7-2d5b94a47379,rider,False,,,0.773,driver nashe mein tha,safety,-0.1575,False
8b1212b6-4a2f-4273-ba35-91166f1a7cff,rider,False,,,0.5297,driver nashe mein tha,safety,-0.0219,False
2b4ecd59-a36c-4099-88bf-6d4460374259,rider,True,money,scam,0.6536,money deducted from wallet without a ride,money,0.1362,True
b67b1a6b-232b-47eb-b603-1476d1a0d3a5,rider,True,tip,tips,0.7124,app forced me to add a tip to get a ride,tip,0.1208,True
b997bd81-842a-4668-b22d-383bfa5ded82,rider,False,,,0.4495,driver nashe mein tha,safety,-0.1632,False
7c32fe81-683a-4a18-8a56-a92d4579af65,rider,False,,,0.5232,money deducted from wallet without a ride,money,-0.0178,False
ead9da62-a6cc-4e39-8413-80fc2f19b442,rider,False,,,0.4233,captain touched me inappropriately,safety,-0.0903,False
7ba4cfe6-c86d-4ccf-b369-729ed1cf4cc1,rider,False,,,0.5468,captain ne zyada paise maange,tip,-0.206,False
70d88dae-ec6b-416f-bd80-e5009f772395,rider,False,,,0.7282,final fare was much higher than shown,money,0.1721,True
20d31d5d-9952-473f-b3cb-6aac67abe02c,rider,True,money,fraud,0.614,customer threatened and abused the captain,safety,0.1385,True
be8ea60b-ca95-4942-9969-185d77cf8a55,rider,False,,,0.5711,driver nashe mein tha,safety,0.0378,True
933abe8e-08da-452a-8fdb-c917a8633b27,rider,True,tip,tips,0.7307,app forced me to add a tip to get a ride,tip,0.2025,True
45a9de73-83c8-4363-99ff-425b7a6fa30a,rider,False,,,0.5239,app forced me to add a tip to get a ride,tip,-0.1691,False
4273eee1-e1a0-478e-9603-a32da7be7a30,rider,False,,,0.6774,captain asked for a tip,tip,0.0822,True
1e6d7407-78e9-4472-8bd7-a31127692d05,rider,False,,,0.5674,captain ne zyada paise maange,tip,-0.1858,False
3f01d168-3d30-4704-bf22-88a820bfead0,rider,False,,,0.5246,I felt unsafe during the ride,safety,0.081,True
5cf6aaa3-5dcd-4dce-a9b2-4816eaa69738,rider,False,,,0.6204,final fare was much higher than shown,money,0.0068,False
b5dbb9e4-0b61-4983-9722-4852fa6e65fc,rider,True,money,overcharges,0.7509,final fare was much higher than shown,money,0.1995,True
f9873b78-0cfd-4510-98d5-4d5f1f06624d,rider,True,money,cancellation fee,0.6392,charged a cancellation fee unfairly,money,0.0966,True
51821e14-5b8a-4a45-8435-3b64f2e4f9f9,rider,False,,,0.676,driver nashe mein tha,safety,-0.1,False
7b65aa07-9904-4daf-82cc-3b3c57fc0f76,rider,False,,,0.5973,app forced me to add a tip to get a ride,tip,-0.0201,False
9c7006ce-34b0-4125-9111-0fb48488a54f,rider,False,,,0.4212,captain asked for a tip,tip,-0.2178,False
e03313eb-b2da-4e9e-a839-072d4ec5593f,rider,False,,,0.6748,app forced me to add a tip to get a ride,tip,0.1257,True
ca6443de-0fb9-4b00-bbb0-fbdaeb160deb,rider,False,,,0.6298,driver nashe mein tha,safety,-0.125,False
ddf5f7e1-c2c1-4f8f-9673-5e033b52e308,rider,False,,,0.5285,I was charged extra money,money,-0.2196,False
2e5fe607-e9e2-4ea7-a216-25c7606be8fc,rider,False,,,0.4967,captain asked for a tip,tip,-0.3928,False
444269b3-758a-4e7a-a185-6777aeac0f42,rider,False,,,0.4941,I felt unsafe during the ride,safety,-0.0873,False
515e774b-145a-4179-882c-7c3aef73e845,rider,False,,,0.6235,final fare was much higher than shown,money,0.0802,True
057e0270-3853-4ff0-849e-eb8ec16184e1,rider,False,,,0.5283,no helmet was given for the bike ride,safety,0.0659,True
95b2d32c-39a1-4178-9e0d-a161b39abfef,rider,False,,,0.4977,captain ne zyada paise maange,tip,-0.2385,False
4a810a3e-bb6b-4340-91f5-3c1ff756df8d,rider,True,money,more money,0.5754,final fare was much higher than shown,money,0.1515,True
e49ffecc-7756-4659-8897-4abdec75cae3,rider,False,,,0.5593,captain ne zyada paise maange,tip,-0.0182,False
b73110ff-f4e4-49b9-a9ce-3ef51d3c116b,rider,False,,,0.5257,captain ne zyada paise maange,tip,-0.1423,False
2614cba7-0788-4d37-a006-5a61cac2c940,rider,False,,,0.739,driver nashe mein tha,safety,0.0831,True
3884ca30-2f09-44d7-b8c9-12bef9d69dad,rider,True,money,extra amount,0.6856,final fare was much higher than shown,money,0.1665,True
eeaa1829-6f94-4774-b73a-d1e072ce6f46,rider,False,,,0.5733,captain ne zyada paise maange,tip,-0.0059,False
23e37dbc-1355-4c77-84d7-b83ac473f344,rider,False,,,0.8243,driver nashe mein tha,safety,0.0477,True
54f9e63d-f3e4-47bd-95ae-15ef7f6b9788,rider,False,,,0.5919,app forced me to add a tip to get a ride,tip,0.006,False
4475ccae-a260-498a-9cd1-3d1fda791548,rider,False,,,0.5254,captain ne zyada paise maange,tip,-0.2384,False
44940412-391e-48b6-ab15-463047f5673e,rider,False,,,0.5245,my earnings or incentive were not paid,money,0.1245,True
7f325769-8b0d-4bba-8aef-2e221954af54,rider,True,money,refund,0.6256,charged a cancellation fee unfairly,money,0.1178,True
c2e13efe-73f8-45ae-85d1-b430397cb16f,rider,False,,,0.6086,driver nashe mein tha,safety,-0.1252,False
79300e54-3a00-47df-af69-d8b025de8009,rider,True,money,extra money,0.719,final fare was much higher than shown,money,0.1038,True
bf213cb4-ee74-4e8b-b986-d7e4214712c5,rider,False,,,0.6082,I felt unsafe during the ride,safety,0.012,False
2687018e-64d5-4c87-bd16-ed8588bc7b5b,rider,False,,,0.7617,driver nashe mein tha,safety,-0.1436,False
705ff73e-0056-430e-aeef-5cca1d0d9d36,rider,False,,,0.4928,driver nashe mein tha,safety,-0.2336,False
3c08c46b-af50-404c-8f28-27d1153e5405,rider,False,,,0.4845,captain asked for a tip,tip,-0.1103,False
f317fd50-e82c-4310-bc4e-041c5703ebcb,rider,False,,,0.5781,driver nashe mein tha,safety,-0.1115,False
9e673785-1289-43c0-8e19-59f13f886c02,rider,False,,,0.4726,captain ne zyada paise maange,tip,-0.1553,False
2c4aa24e-0d70-4752-aa64-e82f0d0d8998,rider,False,,,0.566,driver nashe mein tha,safety,-0.1553,False
844aee71-3f52-4b93-bcb9-5ad9db13c77c,rider,False,,,0.7319,captain touched me inappropriately,safety,0.0654,True
4e5509e7-c736-4b73-819c-60043aca851a,rider,False,,,0.6232,driver nashe mein tha,safety,-0.1871,False
54b227ca-495e-4ccd-a74c-34bc4d0d5873,rider,False,,,0.6073,driver nashe mein tha,safety,-0.1573,False
a450c2f7-d91e-488e-a6e0-aada136db9a7,rider,False,,,0.7211,driver nashe mein tha,safety,-0.1435,False
30cb8baa-9f9d-4093-a33b-a72b516ec7d0,rider,False,,,0.5084,app forced me to add a tip to get a ride,tip,0.0167,False
4a721251-62dc-4390-9f2a-af25437a3eab,rider,False,,,0.4185,driver nashe mein tha,safety,-0.1578,False
3b32a1b6-822c-4d74-8ca3-a541b46b714f,rider,False,,,0.6526,final fare was much higher than shown,money,0.0881,True
165abcc9-004a-4601-bc17-641fce488493,rider,False,,,0.5042,driver nashe mein tha,safety,-0.2979,False
bceb305c-86fe-4134-a354-235876a344db,rider,False,,,0.5129,driver nashe mein tha,safety,-0.1153,False
19206532-9cc6-4409-9e4f-918477f98372,rider,False,,,0.5683,money deducted from wallet without a ride,money,-0.0348,False
0cb98a14-f695-48cc-8fc0-c22ee80a4a9f,rider,False,,,0.549,captain ne zyada paise maange,tip,-0.0494,False
ceff15c5-c171-4844-9a65-9ae4148048d0,rider,True,safety,accidents,0.5859,we had an accident during the ride,safety,0.0748,True
8c3392dd-a837-4110-bb6c-132ce606135f,rider,False,,,0.4336,app forced me to add a tip to get a ride,tip,-0.0584,False
c9b36b48-8160-4172-85f5-4c89db4f017b,rider,True,safety,dangerous,0.625,captain was driving rashly and dangerously,safety,0.1278,True
b10167be-8ab8-4f90-96ec-683ed2d4fb8a,rider,False,,,0.5701,captain ne zyada paise maange,tip,-0.1982,False
ae162b17-c7d4-4dca-b441-381eb3d3a9d2,rider,False,,,0.5465,money deducted from wallet without a ride,money,0.0765,True
7c756294-5c9a-433c-a563-90a8a3d8cd0e,rider,True,money,fraud,0.5636,app forced me to add a tip to get a ride,tip,0.0015,False
0a980b32-8ca2-4cf1-afb1-c1339f297083,rider,False,,,0.4561,captain touched me inappropriately,safety,0.0347,True
cbcc7bf8-c40b-447f-8821-30a90f4c9f04,rider,False,,,0.6178,money deducted from wallet without a ride,money,0.0354,True
1d9eb962-2fd7-4fe8-aee8-d289b2af1bf5,rider,False,,,0.631,driver nashe mein tha,safety,-0.1319,False
2dfc844b-c8a6-4980-98d4-47dfec8bfaf8,rider,True,safety,drunked,0.6805,driver was drunk,safety,0.1168,True
d1dc6991-baad-4944-baaf-b43da86da575,rider,False,,,0.4654,captain asked for a tip,tip,-0.1699,False
45cf9ec8-8bad-44f9-9f37-6f2814ac8326,rider,False,,,0.6342,captain asked for a tip,tip,-0.0061,False
dcb871b0-8ac0-41ce-b0f8-e3d0c251ea80,rider,False,,,0.5933,paid but the ride never happened,money,0.0739,True
fc58b439-9740-4efe-846e-842f0fded2f5,rider,True,money,extra money,0.6707,app forced me to add a tip to get a ride,tip,0.1256,True
ac7a9e96-c978-4d14-a1a4-27155f7a15d4,rider,False,,,0.624,app forced me to add a tip to get a ride,tip,0.1024,True
40a35ce8-78aa-4514-bf2b-11618df31c50,rider,False,,,0.6736,captain ne zyada paise maange,tip,-0.0142,False
3041daee-7191-4f35-a21a-ec31131a4cec,rider,True,money,deducted;wallet,0.5801,paid but the ride never happened,money,0.0117,False
8dfb3ec7-b418-41b8-9e92-69b82e36d822,rider,False,,,0.5219,driver nashe mein tha,safety,-0.1862,False
63459b0d-0727-4902-bcf9-6106162cca74,rider,False,,,0.7082,final fare was much higher than shown,money,0.1364,True
c53469da-5ec7-48b2-8cd3-f1b7534f3e58,rider,False,,,0.6297,final fare was much higher than shown,money,0.1114,True
2ea5c8b7-2879-43d6-9809-21885a1663f6,rider,False,,,0.4865,captain asked for a tip,tip,-0.2568,False
f8a22ec0-72cb-4ba4-a529-472534677fdf,rider,False,,,0.5927,app forced me to add a tip to get a ride,tip,-0.0916,False
5f77e094-d24d-43dd-af5b-fe1c25574e09,rider,False,,,0.6539,final fare was much higher than shown,money,0.0633,True
73c48086-412f-4b1c-8d51-054a0c4381d0,rider,False,,,0.4967,captain touched me inappropriately,safety,0.0803,True
9fa4510f-09f2-4d9a-9a8e-7acbcbc6f3bc,rider,False,,,0.5302,driver was drunk,safety,-0.1983,False
eab7f01e-8d5b-42ba-a121-331989046163,rider,False,,,0.6752,driver nashe mein tha,safety,-0.1962,False
09338b7a-cf83-4dd9-9d79-620d29d9ad73,rider,False,,,0.4701,driver nashe mein tha,safety,-0.3198,False
d8a2bb3b-9405-49c2-ba7f-27b928be3f66,rider,False,,,0.5707,driver nashe mein tha,safety,-0.1357,False
caf5abd8-752f-4eeb-a218-94972cebdd9f,rider,True,safety,accident,0.6642,we had an accident during the ride,safety,0.1295,True
d0c2db33-30ea-420a-8887-a734b0ce8e8b,rider,False,,,0.5449,no helmet was given for the bike ride,safety,-0.227,False
5c96cf13-13d3-4abd-93e7-7421a0e1519a,rider,False,,,0.5303,app forced me to add a tip to get a ride,tip,-0.1368,False
bfff1e23-1399-4011-81b1-8454770564c5,rider,False,,,0.7915,final fare was much higher than shown,money,0.3154,True
d87f791d-e506-4e6b-a01b-1e11aa1b0d27,rider,True,money,more money;overcharged;refunded,0.6367,final fare was much higher than shown,money,0.132,True
45b51195-e43b-44ef-b4cc-12f5e9e36145,rider,False,,,0.5702,driver nashe mein tha,safety,-0.0714,False
a9fe3e44-a658-4009-a012-0ab7ed5e641c,rider,False,,,0.5904,driver nashe mein tha,safety,-0.0577,False
793ab4ca-0a8e-4f4e-a0be-7e8abbcc1169,rider,False,,,0.6546,driver nashe mein tha,safety,-0.266,False
d2a634c7-b995-434c-9f91-60020d74b0a4,rider,False,,,0.6588,no helmet was given for the bike ride,safety,0.1479,True
38543409-5912-40a2-a689-d144718ad18d,rider,False,,,0.6625,final fare was much higher than shown,money,0.0106,False
311d14f3-1aba-4c2d-ade1-eab6abc3bbe1,rider,False,,,0.588,driver nashe mein tha,safety,-0.2049,False
8ae3817b-13b5-4566-b1bb-f0d926af3eb4,rider,False,,,0.5432,captain ne zyada paise maange,tip,-0.121,False
a6877c14-d168-48f1-a2ae-6e4d79a3c907,rider,False,,,0.5135,driver nashe mein tha,safety,-0.2494,False
5da467c3-f0d9-4e0f-9832-c9b224aaf8eb,rider,False,,,0.5614,captain ne zyada paise maange,tip,-0.216,False
63ed8e5e-dceb-4b46-bf39-d15469caf707,rider,False,,,0.6252,driver nashe mein tha,safety,-0.1459,False
de6b8fe0-5d7e-486d-891a-d0095c6812db,rider,False,,,0.6302,customer threatened and abused the captain,safety,0.0786,True
f3424786-9984-494c-a714-1c5131dd9019,rider,False,,,0.5383,driver nashe mein tha,safety,-0.0096,False
41fe4380-51d8-4c12-a36d-5a2ffa795dcc,rider,False,,,0.6282,final fare was much higher than shown,money,0.1431,True
7fd60209-c722-42ba-a88f-e61d0ead7842,rider,True,money,more money,0.6446,driver nashe mein tha,safety,0.1007,True
81b7e9f3-7f70-4115-8f34-d474ae3fd701,rider,True,money,more money,0.7647,final fare was much higher than shown,money,0.1409,True
7b5e0281-6840-4fc2-a494-253cfa7f35b2,rider,False,,,0.6256,captain demanded extra money in cash,tip,0.1233,True
36fa0c54-c2e0-40b4-97a5-f36031cbc5f7,rider,False,,,0.4013,captain asked for a tip,tip,-0.1513,False
fa3ae85d-5263-4832-9d78-e19fcb392335,rider,False,,,0.6628,money deducted from wallet without a ride,money,0.0278,True
7bb63a58-4a2c-4d46-8a98-3f737a96215d,rider,False,,,0.6429,driver nashe mein tha,safety,0.0065,False
76ba2320-5ba3-4ef9-ada8-652d9b3cc0eb,rider,True,money,extra money,0.6158,captain asked for a tip,tip,0.0973,True
5664eef8-6fc0-4ef6-91a8-3f86aee0489f,rider,False,,,0.6487,driver nashe mein tha,safety,-0.043,False
9de85c3b-e232-4b07-be8a-b80bc14e6e2b,rider,False,,,0.6792,app forced me to add a tip to get a ride,tip,0.126,True
8d2bf42a-d73a-4e2c-a557-4b60f685c3b0,rider,False,,,0.5458,driver nashe mein tha,safety,-0.1701,False
77be96bb-1421-442b-9b52-58a914ef0bbd,rider,True,money,extra money,0.6888,captain demanded extra money in cash,tip,0.1163,True
4a4f5c8f-c457-4ee0-82f8-188679e6992c,rider,False,,,0.7048,app forced me to add a tip to get a ride,tip,0.0846,True
5b68dece-b308-4d1f-8112-1a0b723c76d5,rider,False,,,0.4867,driver nashe mein tha,safety,-0.1376,False
17056c46-5c28-4e88-b646-33700016cb20,rider,True,money,overcharge,0.6521,final fare was much higher than shown,money,0.108,True
53060ea8-8f09-45cb-bd74-ca15bf3c7290,rider,False,,,0.562,captain ne zyada paise maange,tip,-0.1285,False
c8da27e9-9f1a-4270-beb0-8eb24cce223d,rider,False,,,0.6178,driver nashe mein tha,safety,-0.0583,False
0a295fe0-f59e-4b32-abf2-4c38fb62f181,rider,True,safety;money,abused;extra money,0.5795,app forced me to add a tip to get a ride,tip,0.1028,True
6be972ad-8535-46cc-9a20-8c56c94715dc,rider,False,,,0.6267,app forced me to add a tip to get a ride,tip,-0.1205,False
b2c77f10-ecc7-4104-a815-bd22fd623124,rider,False,,,0.7122,final fare was much higher than shown,money,0.1373,True
699c59b1-a384-49ee-93a3-408b405d56c1,rider,False,,,0.6017,customer threatened and abused the captain,safety,0.0241,True
27e43e07-e458-4ab0-ac18-43bfe1b50d2a,rider,True,safety,unsafe,0.6224,customer threatened and abused the captain,safety,0.0864,True
271f4150-189b-4de3-89da-945c443196a8,rider,True,money,refund,0.6777,I was charged extra money,money,0.2192,True
d7ed9a22-f299-46fe-b8b4-1813938c2101,rider,False,,,0.638,charged a cancellation fee unfairly,money,0.1193,True
522d417f-ef59-403c-8b96-733c850faf13,rider,False,,,0.7674,driver nashe mein tha,safety,0.0225,True
71047906-9673-4946-8cf3-fea964c2dbcc,rider,False,,,0.5802,captain misbehaved and used abusive language,safety,0.0745,True
923adb7f-56b4-4aef-a0a6-4d3c4a5dc02d,rider,False,,,0.433,app forced me to add a tip to get a ride,tip,-0.1191,False
842ef45a-22fd-4ee6-8c5c-18495528ba5b,rider,True,money,paisa,0.7336,driver nashe mein tha,safety,0.1097,True
9947249e-6a0c-46d2-9648-a3f6c8afe737,rider,False,,,0.5551,final fare was much higher than shown,money,-0.0684,False
1498c3d8-9fd4-4bd4-96bc-f4292b4b34aa,rider,False,,,0.6364,driver nashe mein tha,safety,-0.1731,False
89bfdbc6-e8a2-4b94-ae9f-c784f4836aee,rider,False,,,0.6266,app forced me to add a tip to get a ride,tip,-0.0574,False
5308c51d-c031-4792-8f72-d731be29c559,rider,False,,,0.5024,captain asked for a tip,tip,-0.0628,False
de65e17f-31d6-4589-bb4b-685ccf71bade,rider,False,,,0.5288,captain asked for a tip,tip,-0.1386,False
11b9f60f-f431-4683-92d9-cc2eb9c55b5a,rider,False,,,0.5341,driver nashe mein tha,safety,-0.1921,False
fe1e605e-0e3e-46c0-a9f8-ffa970df40d6,rider,False,,,0.5684,driver nashe mein tha,safety,0.0751,True
7715ba60-c2fd-4fc2-b011-4871fb5dc598,rider,False,,,0.5178,captain asked for a tip,tip,-0.0359,False
f3bba0a1-b32a-4cbf-8044-8021495c7f07,rider,True,money,more money,0.7471,final fare was much higher than shown,money,0.2295,True
5a1054e3-9f39-4140-8dc6-616eb7836ea5,rider,False,,,0.6154,driver nashe mein tha,safety,-0.116,False
dd50c570-f3c4-445b-8b77-ed9bddfdc349,rider,False,,,0.5665,driver nashe mein tha,safety,-0.0909,False
0f381179-1d6b-4137-8b06-2b007802fc90,rider,False,,,0.5297,refund not received,money,0.073,True
e3929a34-ae58-4aef-b735-da7c4c9d9d32,rider,True,money,refund,0.5985,I felt unsafe during the ride,safety,0.0887,True
545b568c-ff5a-49dc-82b6-7764929d3e28,rider,False,,,0.4839,captain asked for a tip,tip,-0.2173,False
9b46ad5f-7003-4058-90ed-d2a1f13c85a3,rider,False,,,0.693,I felt unsafe during the ride,safety,0.161,True
fa65791f-9ad9-4c60-8ed5-0960b4c8a91a,rider,False,,,0.5129,driver nashe mein tha,safety,-0.0892,False
5da27207-f475-4cef-9cc6-93adb777e362,rider,False,,,0.8105,driver nashe mein tha,safety,-0.1895,False
c1861b96-66b4-477d-b0fe-280a5fa3254f,rider,False,,,0.5508,I felt unsafe during the ride,safety,0.0369,True
302a794d-b4bd-4ae5-9abb-68bde3af9470,rider,False,,,0.5125,captain asked for a tip,tip,-0.3367,False
01c9337b-d37f-4a2a-8e6a-8f601a70b908,rider,True,money,scam,0.644,app forced me to add a tip to get a ride,tip,0.1338,True
40b836fb-0a3a-4fa1-9411-ad39f7f166ba,rider,False,,,0.5456,I felt unsafe during the ride,safety,0.0901,True
b5ed9658-9c64-41d0-9a5b-71f08df6f45a,rider,False,,,0.6496,app forced me to add a tip to get a ride,tip,0.1714,True
9533e857-3d33-4bae-83ec-8a4991005a31,rider,False,,,0.6125,driver nashe mein tha,safety,-0.0489,False
622f43d8-9b8b-46d8-8975-4920f2644fc7,rider,False,,,0.4407,charged a cancellation fee unfairly,money,-0.0351,False
b43127e6-1e9a-4901-9601-1eb7c23d1548,rider,False,,,0.5923,final fare was much higher than shown,money,0.0745,True
6f976126-fb22-4c19-9ce8-18c792e52a84,rider,False,,,0.684,app forced me to add a tip to get a ride,tip,0.111,True
4762f91a-50ad-4cd0-a1af-c3377088e0d8,rider,False,,,0.5998,driver nashe mein tha,safety,-0.1156,False
1a5d7c28-8a75-4355-afcc-2a953899af3b,rider,False,,,0.6461,no helmet was given for the bike ride,safety,-0.0086,False
50f0796c-5cd4-4f21-b01f-ed153007d31a,rider,False,,,0.5767,captain demanded extra money in cash,tip,0.0481,True
086ec734-3d5a-4edb-a6ff-1239ff51511c,rider,True,safety,accident;not safe,0.6724,no helmet was given for the bike ride,safety,0.1432,True
72e2bd75-5aa0-4bba-b790-36eb533e2cd3,rider,False,,,0.5754,driver nashe mein tha,safety,0.0424,True
9be107d6-9c73-41a1-bb91-5ea53ee5fb50,rider,False,,,0.6239,driver nashe mein tha,safety,-0.1054,False
d6d86017-f4b5-4865-b5a2-4ff0aecd655c,rider,True,safety,rash,0.679,app forced me to add a tip to get a ride,tip,0.0693,True
a61786df-9293-45d5-a929-ec228018bb4f,rider,False,,,0.6569,the captain harassed me,safety,0.0302,True
5190319e-6411-499c-9ec8-e1d5c91e7ae9,rider,False,,,0.544,captain ne zyada paise maange,tip,-0.2494,False
fe8f5a1f-60dc-4eb5-b30b-b96f0a67a17d,rider,False,,,0.5438,driver nashe mein tha,safety,-0.0195,False
e5023bd1-dc0e-44c8-a5e9-3ee6906b48bd,rider,False,,,0.5651,captain asked for a tip,tip,-0.2955,False
25c076e8-3175-4799-a4bd-2fa58bc727cb,rider,False,,,0.469,captain asked for a tip,tip,-0.1555,False
55ceeb25-946b-4cb7-83f6-c35600081faf,rider,True,money,cancellation charge,0.6965,charged a cancellation fee unfairly,money,0.2057,True
bcb5cb66-95ce-444e-882c-afb086be4bad,rider,False,,,0.6305,driver nashe mein tha,safety,-0.0136,False
8cac2fa3-d895-40cf-aa71-4b5cdfa17922,rider,False,,,0.5117,app forced me to add a tip to get a ride,tip,-0.0274,False
4b111935-5fda-42dc-9344-c827d964a602,rider,False,,,0.5813,no helmet was given for the bike ride,safety,-0.1154,False
9137374f-253b-4899-a28c-503d3a5ac6e7,rider,False,,,0.5923,driver nashe mein tha,safety,-0.1641,False
7c61ca52-e8dc-4c4c-a672-39211064edb9,rider,False,,,0.5358,refund not received,money,0.0465,True
a210e9eb-d77e-45fe-b5eb-4aac482041f0,rider,False,,,0.5794,app forced me to add a tip to get a ride,tip,-0.0182,False
53b333fd-046e-4bbe-aca8-5814fd2f8f1a,rider,False,,,0.4531,driver nashe mein tha,safety,-0.0939,False
57acf506-82e5-49d9-9311-6bc517e12357,rider,False,,,0.6675,app forced me to add a tip to get a ride,tip,0.1328,True
51179676-0bbe-4997-b117-b5610d565676,rider,False,,,0.5247,paid but the ride never happened,money,-0.0253,False
34628b36-2671-405b-9e0c-4cd398c50ac6,rider,False,,,0.611,paid but the ride never happened,money,0.0594,True
b72d4184-c832-40dc-a0c2-357c9c3c347b,rider,False,,,0.561,paid but the ride never happened,money,0.0886,True
94819edf-18f0-47bb-b639-523172a9b10b,rider,False,,,0.7435,final fare was much higher than shown,money,0.2766,True
4ddc614e-9729-4d8b-97d3-2046e0cefa92,rider,False,,,0.6458,captain touched me inappropriately,safety,0.0507,True
9767164c-19ec-4ca9-8a0c-9500065beb81,rider,False,,,0.6257,money deducted from wallet without a ride,money,0.0786,True
ca783df2-cf95-4b83-9957-afe4b08f38a7,rider,False,,,0.4663,captain misbehaved and used abusive language,safety,-0.125,False
da2a24ca-1051-453c-ab19-9d98355a6e27,rider,False,,,0.7529,driver nashe mein tha,safety,-0.131,False
7a8d0a65-8d04-413b-a04a-aa2b7dc2487b,rider,False,,,0.5805,captain asked for a tip,tip,-0.127,False
82ec7cf0-e495-43a6-9c5b-397d93c532c2,rider,False,,,0.4783,we had an accident during the ride,safety,-0.0248,False
95c384aa-f1eb-4794-bbfc-849e3a4d8464,rider,False,,,0.4724,driver nashe mein tha,safety,-0.1048,False
eb703916-3c96-40ef-895d-0fa005bb9c0e,rider,False,,,0.4888,driver nashe mein tha,safety,-0.1417,False
f747458f-efac-44e7-bd1c-1a76c8deae13,rider,False,,,0.5284,driver nashe mein tha,safety,-0.1732,False
daebdbe2-2f9c-4c3c-823d-937afe370c04,rider,False,,,0.6031,app forced me to add a tip to get a ride,tip,0.0418,True
919e4f3e-ca94-43c4-9315-4f7a1035e29d,rider,False,,,0.5838,driver nashe mein tha,safety,-0.086,False
bb853a29-3c8f-4dc0-9130-b2f0516db52e,rider,False,,,0.5213,charged a cancellation fee unfairly,money,0.0764,True
0e42ca66-e5f1-4d82-bc01-f56760927bcd,rider,False,,,0.7244,driver nashe mein tha,safety,-0.1255,False
333e37f5-2c5a-4e2c-a3d5-bcbcaec5223e,rider,False,,,0.5959,app forced me to add a tip to get a ride,tip,-0.0579,False
f782a932-1054-4172-92ae-f75b6c392447,rider,False,,,0.5928,app forced me to add a tip to get a ride,tip,-0.0903,False
1d483999-5b01-459f-b21a-5b071a67ce4c,rider,False,,,0.5482,charged a cancellation fee unfairly,money,0.1261,True
3535b287-aa9b-4f76-85a4-6a87ac3f34a4,rider,True,money,cheated;cheating,0.6285,captain misbehaved and used abusive language,safety,0.1008,True
e783004c-b74e-4a81-bf81-9025f573876d,rider,False,,,0.6413,driver nashe mein tha,safety,-0.1287,False
1546061d-35af-4d69-bcea-81e0afce9155,rider,False,,,0.5368,driver nashe mein tha,safety,-0.067,False
f0236517-fd13-44c1-98f7-011af4bd4e60,rider,True,money,refund,0.6646,paid but the ride never happened,money,0.0934,True
92c4021f-9c90-4293-8621-5377ea77e8cf,rider,False,,,0.4686,no helmet was given for the bike ride,safety,0.0185,False
7e991196-a39e-4e6f-a85d-e3e8c1ddb84f,rider,True,money,extra money;looted,0.6208,captain ne zyada paise maange,tip,-0.0255,False
1a2f56c2-0170-4b88-9886-ee1e34aeb402,rider,False,,,0.5741,captain misbehaved and used abusive language,safety,0.0827,True
e55550ec-0e7c-4684-8cf5-e5c352ba5ee7,rider,False,,,0.6337,app forced me to add a tip to get a ride,tip,0.1058,True
01d7d495-7b41-40dd-b644-6a8e88a97e77,rider,False,,,0.5781,captain ne zyada paise maange,tip,-0.1733,False
5022e80d-42dd-4b72-b249-e912755e474d,rider,False,,,0.6898,final fare was much higher than shown,money,0.1406,True
d82460df-4a55-4178-9c33-b91f0eb5f647,rider,True,safety,drunk,0.6427,driver was drunk,safety,0.0791,True
a1816a13-a2bf-4be7-89ee-887ac723ed76,rider,False,,,0.4769,app forced me to add a tip to get a ride,tip,0.0229,True
2759aeeb-35d2-4bc3-a475-5541dc72dcff,rider,False,,,0.5364,driver nashe mein tha,safety,-0.064,False
d31f25dd-44cf-4f17-a87f-16d10995c1a5,rider,False,,,0.6775,final fare was much higher than shown,money,0.1578,True
711390b8-e736-4865-b7ec-988fca90fbd1,rider,False,,,0.6275,refund not received,money,0.1495,True
23bb402f-d2b2-4c7c-98ad-660fbc2bbc4e,rider,False,,,0.6221,charged a cancellation fee unfairly,money,0.0871,True
f11738a8-2c14-403b-b8df-bba14c53de24,rider,False,,,0.6183,app forced me to add a tip to get a ride,tip,-0.0276,False
b6434927-dbf7-45b7-add2-e489e2c8c628,rider,False,,,0.5844,driver nashe mein tha,safety,0.1137,True
feafde42-a5ce-4329-a3ed-3d0c4c65e007,rider,False,,,0.5125,driver nashe mein tha,safety,-0.2546,False
79da8b8f-86f2-4a5a-aaec-b39d618e660e,rider,False,,,0.49,captain asked for a tip,tip,-0.2658,False
ecc432db-ec00-437f-936a-aa35f634cc8a,rider,False,,,0.5247,driver nashe mein tha,safety,-0.3653,False
a2e0cade-d28a-4891-a3ba-f23257ed5231,rider,True,safety,helmet,0.6782,no helmet was given for the bike ride,safety,0.0453,True
0990602a-27a4-4220-9efb-9ccfdbc34699,rider,False,,,0.5183,captain ne zyada paise maange,tip,0.0355,True
a71a93ff-bb44-4efd-a1c1-515f5cf7db31,rider,False,,,0.6825,driver nashe mein tha,safety,-0.1062,False
3d3f64e0-4ddb-48c2-bcff-760ec6e731b5,rider,False,,,0.5827,driver nashe mein tha,safety,-0.0194,False
eab574eb-061d-4022-bf61-9f498e169354,rider,False,,,0.6167,app forced me to add a tip to get a ride,tip,0.0537,True
acc0e75c-70d6-4272-bcdf-b2c6fe7b10b3,rider,False,,,0.5838,driver nashe mein tha,safety,-0.0227,False
169f21a0-8f10-45f9-ab3f-04fec48a8ff6,rider,False,,,0.6496,app forced me to add a tip to get a ride,tip,0.0862,True
dd62166d-5072-40d4-bcf8-a7902ab814c8,rider,True,safety,unsafe,0.6814,no helmet was given for the bike ride,safety,0.1356,True
a9f742bb-86d3-4e63-b907-0f2599bd808e,rider,False,,,0.7759,final fare was much higher than shown,money,0.0543,True
1997e3e5-4fbc-415a-bd1c-211b31a46879,rider,False,,,0.4912,driver nashe mein tha,safety,-0.232,False
674036b4-3c20-4742-9ba0-bf4b980a819e,rider,False,,,0.5717,app forced me to add a tip to get a ride,tip,-0.0844,False
2eeb32cb-b270-4b4f-b6d8-47abac038ab5,rider,False,,,0.5913,driver nashe mein tha,safety,-0.0082,False
99655780-c953-4112-80ee-4143fa96f237,rider,False,,,0.5663,driver nashe mein tha,safety,0.0055,False
fc129af0-4538-4e15-a269-58794179d3d0,rider,False,,,0.54,driver nashe mein tha,safety,-0.0656,False
3dea2268-5c69-48d0-bd94-0733a87f9236,rider,False,,,0.5217,captain ne zyada paise maange,tip,-0.2039,False
8efcec38-07ad-4bc7-8640-30b02637d2e2,rider,True,money,extra money,0.6248,final fare was much higher than shown,money,0.0643,True
0e45c56a-7ac3-43b7-9780-124e6af689e3,rider,False,,,0.6762,final fare was much higher than shown,money,0.0912,True
406496f6-2b1e-41c6-9fe8-aa1df22f19e0,rider,False,,,0.6124,charged a cancellation fee unfairly,money,0.0518,True
d89cec4a-8411-444c-9835-a62753f2d57e,rider,False,,,0.59,app forced me to add a tip to get a ride,tip,0.0292,True
89c04e8c-cc4a-4724-972b-e21eb67f4c21,rider,False,,,0.6935,final fare was much higher than shown,money,0.1141,True
b807aa07-3fa6-4fb0-83b6-3e5d94bddcb2,rider,False,,,0.6723,driver nashe mein tha,safety,-0.1927,False
b433bafe-70c4-4ec3-a062-4aaa46b772b8,rider,False,,,0.6481,final fare was much higher than shown,money,0.1559,True
51b6fc16-fc0d-45a1-802b-72a722938c9e,rider,False,,,0.5231,refund not received,money,0.0838,True
5dc859fb-2aff-460d-a32c-88d876510563,rider,False,,,0.4246,app forced me to add a tip to get a ride,tip,-0.1103,False
54736bf3-2cda-4d6a-93e9-25920badcf30,rider,False,,,0.5641,we had an accident during the ride,safety,0.047,True
2ac3b384-485e-4a46-908f-127b3edc23b0,rider,False,,,0.5694,captain ne zyada paise maange,tip,-0.2337,False
3a48527a-eeee-4cec-8686-6837961f0e1e,rider,False,,,0.6773,final fare was much higher than shown,money,0.1924,True
8b8939a9-21b4-437f-8531-399359858a71,rider,False,,,0.494,I felt unsafe during the ride,safety,0.0944,True
5dd71d49-20ae-4218-9383-547bad20899c,rider,False,,,0.6464,we had an accident during the ride,safety,-0.2019,False
65555ca4-29be-4441-9532-623795c39f4d,rider,False,,,0.4734,app forced me to add a tip to get a ride,tip,0.0201,False
b0ce3f20-ae4c-44ba-854d-048ac3d969d3,rider,False,,,0.5537,final fare was much higher than shown,money,-0.1315,False
ed01260e-49d0-4112-b3c2-2bd168c16843,rider,False,,,0.6751,paid but the ride never happened,money,0.1871,True
92f6a592-937c-4fef-b457-0a624d1d8c9c,rider,False,,,0.5654,app forced me to add a tip to get a ride,tip,-0.2511,False
ffefab65-65b7-4525-8aaf-c9c2efc7ce93,rider,True,money,refund,0.5791,customer threatened and abused the captain,safety,0.0759,True
51d75922-9d8a-4bbc-bde2-12d9fbef8c38,rider,False,,,0.5213,captain touched me inappropriately,safety,0.072,True
940ed096-a320-4b4e-b59b-1f7b3f8f4af3,rider,True,money,extra amount,0.6649,final fare was much higher than shown,money,0.1657,True
58420787-bd05-4189-996f-b56b45f928a2,rider,True,safety,accidents,0.5411,we had an accident during the ride,safety,0.0856,True
baaa10e3-8cd6-48e4-98a2-201672fe1f40,rider,False,,,0.5273,app forced me to add a tip to get a ride,tip,0.0251,True
8ad8569c-f53f-49a0-9286-916a50c6bca2,rider,False,,,0.6577,the captain harassed me,safety,0.1184,True
ee35f7c6-94b4-4c5d-a54b-edf5f0b121cd,rider,False,,,0.5968,driver nashe mein tha,safety,-0.0477,False
c9065a33-af80-4090-9a96-5ad6312d6efd,rider,False,,,0.6822,paid but the ride never happened,money,0.1404,True
e08d65ac-88ed-4aee-9abb-97e4a25ca15e,rider,False,,,0.6541,final fare was much higher than shown,money,0.0571,True
ee016781-4d4b-41b3-8237-1fba2b07a952,rider,False,,,0.6108,app forced me to add a tip to get a ride,tip,-0.0277,False
0d67fb7b-d935-49a6-a870-e932b2458b04,rider,True,safety,helmet,0.7084,no helmet was given for the bike ride,safety,0.1196,True
2e9cc3c2-d954-41ad-b575-bc8055bf154c,rider,False,,,0.5126,driver nashe mein tha,safety,-0.2288,False
dfd1c38c-ce09-4ad4-839b-bbcf0fa2a3b3,rider,True,money,extra money,0.5891,app forced me to add a tip to get a ride,tip,0.0237,True
bdf6d153-7475-41e2-aeac-32814223bbcb,rider,False,,,0.5118,app forced me to add a tip to get a ride,tip,-0.0559,False
fcebcfbe-c00f-447b-bd33-c6bf35778170,rider,False,,,0.5329,app forced me to add a tip to get a ride,tip,-0.2233,False
4b888252-9bd0-4ad4-9bfb-9e4bf1bf30fc,rider,False,,,0.5103,driver nashe mein tha,safety,-0.3888,False
fb615b55-394a-4c24-9534-ff916dc3246c,rider,False,,,0.5806,paid but the ride never happened,money,0.0711,True
998e921f-f635-4183-a39f-3fc25e30de5b,rider,False,,,0.5802,captain touched me inappropriately,safety,0.0606,True
1a524e9f-6f6c-436e-96c4-87eb52cc1929,rider,True,safety,not safe,0.5664,I felt unsafe during the ride,safety,0.0221,True
a694943c-8108-4401-b36c-feae9cc330d2,rider,False,,,0.6641,final fare was much higher than shown,money,0.0816,True
c9bbd1aa-7b1d-49e0-9a68-7866d9e69195,rider,False,,,0.5797,driver nashe mein tha,safety,-0.0769,False
2286c1c0-c203-4e17-b092-571209491b08,rider,False,,,0.6782,driver nashe mein tha,safety,0.0436,True
1204a991-ef18-4940-a4e5-9c86e1ef65f6,rider,False,,,0.5949,I felt unsafe during the ride,safety,0.0646,True
83bed81e-ea26-4b7b-9258-c2df32871d2b,rider,False,,,0.4898,app forced me to add a tip to get a ride,tip,-0.1671,False
f92df3f0-d0f6-4c02-a2fa-db6bf835898f,rider,False,,,0.5801,captain ne zyada paise maange,tip,-0.2774,False
e56b5115-08c2-4c75-a5e3-3ffbc5cbe974,rider,False,,,0.5288,no helmet was given for the bike ride,safety,0.0246,True
1c356226-fe46-4410-b17d-efd5d3913e78,rider,False,,,0.5042,driver nashe mein tha,safety,-0.1903,False
1afe70f1-4a10-4b13-a19a-ec9eb603a144,rider,False,,,0.5356,driver nashe mein tha,safety,-0.0869,False
41625a25-5162-460b-bf81-bba96c95042d,rider,False,,,0.5168,driver nashe mein tha,safety,-0.143,False
f7a45db3-fbe4-4807-9e8d-806c39073fd6,rider,False,,,0.6279,final fare was much higher than shown,money,0.1098,True
1f2364d4-62a9-4101-b263-640333b6fe32,rider,False,,,0.5394,driver nashe mein tha,safety,-0.1618,False
d3b29a3f-0dc4-4a66-b66d-18d7dc1978d6,rider,False,,,0.5718,app forced me to add a tip to get a ride,tip,0.015,False
3b081e8f-7eaa-40ec-93e3-392412f0b4c4,rider,False,,,0.5246,app forced me to add a tip to get a ride,tip,0.0637,True
94f7cb9a-147a-4777-9140-983a94511b5d,rider,False,,,0.6229,driver nashe mein tha,safety,-0.2087,False
d4872bd4-b918-4700-8fac-26b73d99a999,rider,False,,,0.5375,driver nashe mein tha,safety,0.0655,True
ecf92441-a78d-4fb2-8556-5d9d40b40e82,rider,False,,,0.6253,captain misbehaved and used abusive language,safety,0.1752,True
2584af82-bacb-434c-8587-41aa2705c557,rider,False,,,0.6266,captain misbehaved and used abusive language,safety,0.0661,True
d6814517-3174-4676-b8c8-28b64a903fee,rider,False,,,0.6307,money deducted from wallet without a ride,money,0.0799,True
d604763f-9853-4ee2-bdcb-2fec8c2501cf,rider,False,,,0.5096,refund not received,money,0.0281,True
91d980f0-ab00-4616-a409-4103923b7b04,rider,False,,,0.6851,final fare was much higher than shown,money,0.0796,True
d88666ba-1ab7-4e5f-8fb2-381ea21071e9,rider,False,,,0.5428,captain misbehaved and used abusive language,safety,-0.209,False
c55631c3-0e7d-4ede-889d-89975867de2d,rider,True,money,refund,0.6005,money deducted from wallet without a ride,money,0.1046,True
61a10b07-e5d3-476e-8211-c7d8c2bcb2d5,rider,False,,,0.5514,captain ne zyada paise maange,tip,-0.2435,False
621d2d3e-3ef7-4e4f-90c1-0aad49e39f5a,rider,False,,,0.4479,paid but the ride never happened,money,-0.0356,False
02e0b104-a692-484a-b11a-91e847e1821d,rider,False,,,0.5869,driver nashe mein tha,safety,-0.0121,False
3afbffd6-ed57-494f-a77a-f6dae4df693d,rider,False,,,0.5763,app forced me to add a tip to get a ride,tip,0.0595,True
7a71acf8-daf6-4e41-9979-e4bc18e5dbfb,rider,False,,,0.4613,charged a cancellation fee unfairly,money,-0.0607,False
211431d5-91d5-40ad-86f5-7e175e0e3909,rider,False,,,0.5621,captain asked for a tip,tip,-0.1914,False
52f01f19-36f1-431f-ad7d-99238a4c3092,rider,False,,,0.5006,I felt unsafe during the ride,safety,0.0992,True
a75a979a-20ee-4680-b11a-a10800ae6eeb,rider,False,,,0.4516,charged a cancellation fee unfairly,money,-0.0324,False
c8e3c924-09a8-416e-8afd-1658c2f75ead,rider,False,,,0.5497,driver nashe mein tha,safety,0.0161,False
a111f0b2-4fa3-48e7-b745-d690e64ab723,rider,True,money,more money,0.6856,app forced me to add a tip to get a ride,tip,0.0998,True
e5e1634a-06bd-4739-8e1e-454bbdfdfaab,rider,True,safety,accidentally,0.6263,charged a cancellation fee unfairly,money,0.0465,True
5c1815db-ab01-4db1-9435-485a21b6a65b,rider,True,money,scam,0.5298,charged a cancellation fee unfairly,money,0.0795,True
41a73499-9327-400c-a9f6-d7122c0cfd87,rider,False,,,0.623,app forced me to add a tip to get a ride,tip,0.1321,True
16ce2e22-4d9a-4256-9f72-ccaa14491b17,rider,False,,,0.5532,captain touched me inappropriately,safety,0.0319,True
35abef74-7428-4e8d-a899-bdc15c5597aa,rider,False,,,0.5363,charged a cancellation fee unfairly,money,0.0587,True
784bd92c-6756-4e89-a928-4ab0865e52d2,rider,False,,,0.5663,driver nashe mein tha,safety,0.0835,True
1627b0c4-5948-4d09-a555-1114b27a219f,rider,True,safety,abuse,0.6493,driver nashe mein tha,safety,0.0491,True
eb18c8d6-0507-4e79-90d6-141706f80fa3,rider,False,,,0.5622,driver nashe mein tha,safety,0.0745,True
3e53cb52-8e7a-421e-b182-1f77eb598349,rider,False,,,0.5608,app forced me to add a tip to get a ride,tip,-0.1556,False
2c00187c-0ae7-4ef5-8288-c11ff7b1d955,rider,False,,,0.6121,captain ne zyada paise maange,tip,0.0038,False
882b0b29-b150-4e97-b382-b8981ed070c7,rider,False,,,0.5902,captain misbehaved and used abusive language,safety,0.0296,True
c1bde159-0604-421e-b68d-1bf338805f74,rider,False,,,0.657,paid but the ride never happened,money,0.0412,True
2cc273a0-9cab-4f7a-9724-148bb6075362,rider,True,safety,harass,0.6103,driver nashe mein tha,safety,0.0767,True
0f627432-c329-4950-83d8-eebdecc4ba4b,rider,False,,,0.5582,no helmet was given for the bike ride,safety,0.0913,True
5b5de320-79fb-441b-8dc3-c0521c143b47,rider,False,,,0.6279,driver nashe mein tha,safety,0.0481,True
a6744198-d2fc-40d2-9dcd-f940a14d0414,rider,False,,,0.523,captain misbehaved and used abusive language,safety,-0.0223,False
a77ba6e8-67c6-428b-af2f-fc359bd27184,rider,False,,,0.7348,driver nashe mein tha,safety,0.0272,True
ceafc4aa-0e69-4f80-a6ce-89487a5769c0,rider,True,safety,unsafe,0.5483,captain was driving rashly and dangerously,safety,-0.014,False
966310a5-5ec8-4dfe-ba3e-cf3c19deebc4,rider,False,,,0.5847,captain ne zyada paise maange,tip,-0.2101,False
94c12c15-833b-4f1a-bba2-0d634834c1a3,rider,False,,,0.652,final fare was much higher than shown,money,-0.0184,False
a970b88a-f242-44c7-a817-e608b738ddc2,rider,False,,,0.5845,app forced me to add a tip to get a ride,tip,0.0545,True
cf7fda64-cd1d-4b89-8945-9dd6eab2ba3e,rider,False,,,0.6466,app forced me to add a tip to get a ride,tip,0.1215,True
7b141671-4e4d-4121-b607-3341dca82d1c,rider,False,,,0.5141,captain ne zyada paise maange,tip,-0.2125,False
c41d48ce-7a2a-4955-bb6b-88f5359b0727,rider,False,,,0.4671,money deducted from wallet without a ride,money,-0.0695,False
21f0bfd6-aa01-4c7d-8a02-d0956bd929fe,rider,False,,,0.556,I felt unsafe during the ride,safety,0.0828,True
b68be463-d17a-4c6a-aa39-a820a93951d4,rider,False,,,0.4691,charged a cancellation fee unfairly,money,-0.0304,False
13b38ef0-9ac0-4911-a621-1992221b396d,rider,False,,,0.5084,captain misbehaved and used abusive language,safety,0.137,True
c24fb6b9-15d5-4c8e-8e40-0de053f88041,rider,False,,,0.4869,driver nashe mein tha,safety,-0.226,False
d649129a-1c60-40b0-b8c9-44292eb66e82,rider,False,,,0.5125,driver nashe mein tha,safety,-0.2546,False
6d0b7482-7cc2-42f1-9a60-6ba535a81357,rider,False,,,0.6259,we had an accident during the ride,safety,0.0744,True
3eba538b-3cfa-456c-9eee-e3611bdb7fac,rider,False,,,0.5867,I felt unsafe during the ride,safety,0.008,False
bc52781d-9525-4b71-bd73-86b840e4a97f,rider,False,,,0.6129,driver nashe mein tha,safety,0.0227,True
5438f299-3842-49cf-b073-d23bde7bba86,rider,True,safety;money,threatened;extra money;refund,0.6733,I was charged extra money,money,0.1125,True
db45b287-85ad-4742-aa4e-2844f5578acb,rider,False,,,0.7832,driver nashe mein tha,safety,-0.1617,False
8ab9754c-f0b9-46fc-80e2-deab9a20d1e9,rider,False,,,0.5302,captain asked for a tip,tip,-0.2072,False
f015afa6-32ab-4162-89da-bb65f3a708b6,rider,False,,,0.7158,final fare was much higher than shown,money,0.068,True
aad42f55-fdc4-4ad8-bcb3-0ca4f958bca4,rider,False,,,0.6127,customer threatened and abused the captain,safety,0.0412,True
a51e0daf-f36c-4171-bf5b-e208abfece1d,rider,False,,,0.6029,captain ne zyada paise maange,tip,0.0716,True
ac9268a1-61c2-4f91-bb43-5681dd2c2ca9,rider,False,,,0.5782,driver nashe mein tha,safety,-0.1946,False
6a354769-4025-41b5-aaa9-fbc650795c20,rider,False,,,0.5311,driver nashe mein tha,safety,-0.2192,False
5db6f67c-e0be-4eb1-b022-127fdc5ebaf4,rider,False,,,0.6475,I was charged extra money,money,0.1009,True
700d85d3-bb25-4474-b6c4-3cc31deaf324,rider,False,,,0.5552,app forced me to add a tip to get a ride,tip,-0.1601,False
94ffec4f-afb7-42f8-9306-c9790eff3824,rider,False,,,0.743,driver nashe mein tha,safety,-0.1598,False
e9111ff9-864e-4125-8fb5-5fc7d9fecbab,rider,False,,,0.481,paid but the ride never happened,money,-0.1228,False
ff9ce2e8-2b35-4a05-b89b-e1859677e418,rider,False,,,0.6364,captain ne zyada paise maange,tip,0.0345,True
bce1cc68-a685-437b-9ba2-fb11dd671605,rider,False,,,0.7218,driver nashe mein tha,safety,-0.0656,False
c0d328a0-d198-48a6-b12b-47fb6dcd98c8,rider,True,money,cancellation fee,0.6504,charged a cancellation fee unfairly,money,0.0907,True
279ece51-af43-4590-bff6-070a544b654d,rider,False,,,0.5597,app forced me to add a tip to get a ride,tip,-0.1214,False
6b2e11cd-6e7a-4830-a5ae-7e9b120fd27b,rider,False,,,0.5889,driver nashe mein tha,safety,0.0587,True
594c09a1-7f95-4c35-809d-497a47d77404,rider,False,,,0.6489,app forced me to add a tip to get a ride,tip,0.1122,True
bbc5beb0-418c-444d-9d24-babb4b97da67,rider,False,,,0.4488,app forced me to add a tip to get a ride,tip,-0.0367,False
8d4cf997-a104-4d45-8f41-b181f56a1b88,rider,False,,,0.6191,driver nashe mein tha,safety,0.0344,True
457ca25e-668e-4221-a07a-f92f4e9cd3c9,rider,True,money,refunded,0.6527,charged a cancellation fee unfairly,money,0.0833,True
33e87841-da05-4a59-86bb-201a40bfff19,rider,True,money,extra money,0.6322,driver nashe mein tha,safety,0.0488,True
bd57251b-3975-4212-8fe1-8d138fa9862d,rider,True,safety,rash,0.6084,driver nashe mein tha,safety,0.0693,True
bb1b7dc4-707e-4d6d-8ccf-c410cfe6ecda,rider,False,,,0.7282,final fare was much higher than shown,money,0.1661,True
49ea7897-fc89-4748-9f03-33637b4befc0,rider,False,,,0.604,app forced me to add a tip to get a ride,tip,0.1002,True
c1d5f6e0-dbf5-4b4e-9f2b-1a0fc69d041f,rider,False,,,0.5448,captain asked for a tip,tip,-0.128,False
48c72cc5-cf20-483d-b32e-6112330a7c1e,rider,True,tip,tip;tips,0.6548,app forced me to add a tip to get a ride,tip,0.0948,True
1c94ae0f-cf39-4688-9575-e0d499560a5f,rider,False,,,0.6867,paid but the ride never happened,money,0.0882,True
092ccc2b-d460-4b9e-991c-bd2f6c1ada99,rider,False,,,0.4945,app forced me to add a tip to get a ride,tip,-0.1687,False
91680f3c-87e4-419e-8247-85cb2aac4a1b,rider,False,,,0.5977,final fare was much higher than shown,money,0.1215,True
cb2e5aa2-3bbe-494a-9ea4-3f22977e4f94,rider,True,safety,dangerous,0.5873,captain misbehaved and used abusive language,safety,0.1129,True
e5ce1488-e0b4-4dca-95f1-49e80ee6a594,rider,False,,,0.6725,the captain harassed me,safety,-0.0014,False
44194955-e945-45d0-b560-c2ed5aa01483,rider,False,,,0.5701,captain ne zyada paise maange,tip,-0.1982,False
edb68a5d-bc4c-4b96-836f-71e021e7b872,rider,False,,,0.4621,money deducted from wallet without a ride,money,0.1584,True
169f5518-597b-4ebc-9c12-578ceccc1f24,rider,True,money,extra money,0.5786,final fare was much higher than shown,money,0.0177,False
97bf2537-355e-42f8-86b3-906e1c3f345d,rider,False,,,0.6933,driver nashe mein tha,safety,-0.0935,False
1f2f245d-c0dc-4a19-b178-013bd58b9d66,rider,False,,,0.5394,driver nashe mein tha,safety,-0.1618,False
b5dc42ad-69a4-4d63-b869-a23c63d8d5a1,rider,True,money,paise,0.8069,captain ne zyada paise maange,tip,0.1565,True
de8d7963-099e-4b35-9272-f8deac4a2b04,rider,False,,,0.4818,money deducted from wallet without a ride,money,-0.1647,False
9d0b0ae1-c4cc-4ff0-9042-c654703b991a,rider,True,safety,accidents,0.6748,we had an accident during the ride,safety,0.1134,True
63b4e058-772b-46b8-8746-12c4b9a87d71,rider,False,,,0.5372,driver nashe mein tha,safety,-0.2238,False
4fc8b44f-724b-4fb7-9642-394fef67e511,rider,False,,,0.5702,driver nashe mein tha,safety,-0.1984,False
cab58759-ae16-4a22-b323-f34e3d2f7485,rider,False,,,0.6009,app forced me to add a tip to get a ride,tip,0.1071,True
3b78e1c9-27fe-4d07-8d7d-9b43ca4209b1,rider,False,,,0.4902,money deducted from wallet without a ride,money,-0.0063,False
486eee34-8066-4005-8635-77f0a162e47e,rider,False,,,0.5115,app forced me to add a tip to get a ride,tip,-0.0102,False
efde1bf1-50c8-4503-ae0e-22906acc4f7c,rider,False,,,0.5238,captain asked for a tip,tip,-0.3016,False
82fd790e-373c-4ae3-8815-72e49d32b7f2,rider,False,,,0.5736,app forced me to add a tip to get a ride,tip,0.0643,True
c867841b-072d-4c65-92d1-4b43544f62b0,rider,False,,,0.7522,driver nashe mein tha,safety,-0.1436,False
18654e1d-caca-4579-af26-db69567dad5c,rider,False,,,0.5376,final fare was much higher than shown,money,0.0441,True
b00c3508-2c23-4d16-a9d8-3263a699d6c3,rider,False,,,0.5627,driver nashe mein tha,safety,-0.1765,False
64ca7cf7-2081-4c9b-86cd-0a765a7d1344,rider,False,,,0.6501,captain was driving rashly and dangerously,safety,0.0555,True
f5d08f7c-bfbe-4fc8-96d4-5574282e4810,rider,False,,,0.5959,captain misbehaved and used abusive language,safety,-0.1421,False
da4660ae-f7a0-4006-ae4d-95889a20f602,rider,False,,,0.7268,captain ne zyada paise maange,tip,0.0096,False
492bbc55-5cb1-4f01-a440-f622c5a4be6e,rider,False,,,0.5006,app forced me to add a tip to get a ride,tip,-0.2315,False
9a853cd8-6f0e-49f9-bf23-c43461a46ddf,rider,False,,,0.651,customer threatened and abused the captain,safety,0.0704,True
863473e4-611a-4db6-a478-d6db22f6b13d,rider,False,,,0.5911,app forced me to add a tip to get a ride,tip,0.0127,False
f0201d5f-91a4-40bd-860e-3c7c3183b743,rider,False,,,0.5948,app forced me to add a tip to get a ride,tip,0.0355,True
8e134ce5-a961-4d86-9f5c-32434575570a,rider,False,,,0.6542,captain asked for a tip,tip,-0.1269,False
fb90061d-2024-4c44-b57e-cb3f1d6d8406,rider,False,,,0.5765,captain ne zyada paise maange,tip,-0.2934,False
246bf77d-7991-4c56-ab7e-ea61fe858ff5,rider,True,safety,harassment,0.6412,customer threatened and abused the captain,safety,0.0828,True
2755d674-403b-4af1-88c3-836852df4658,rider,True,money,scam,0.6061,captain asked for a tip,tip,0.0194,False
f2b6f632-c37f-4ee6-ab88-b34520f1f242,rider,False,,,0.4957,captain ne zyada paise maange,tip,-0.1482,False
cfc8fd30-0b90-4f12-8a2a-7a85b91ede9d,rider,False,,,0.5022,refund not received,money,0.0909,True
b6a0413d-633e-419e-9a39-81739e3421a0,rider,False,,,0.547,captain ne zyada paise maange,tip,-0.0881,False
9db1a019-d155-4fd1-b921-801970277256,rider,True,tip,tip,0.5988,app forced me to add a tip to get a ride,tip,0.124,True
1cfa48e8-216e-4cda-9be2-a45165b5e00c,rider,False,,,0.6162,charged a cancellation fee unfairly,money,0.0112,False
7f2e12b3-5663-4c4d-9b2c-2396c9fe6b6d,rider,False,,,0.6118,driver nashe mein tha,safety,-0.1449,False
d21e75b4-64ee-4ad7-88ef-200f34654617,rider,True,safety,unsafe,0.627,captain misbehaved and used abusive language,safety,0.1263,True
3d8c1139-917c-41ba-8351-a5bff3e51a6a,rider,False,,,0.6884,driver nashe mein tha,safety,-0.2745,False
308b501e-6865-4f06-bda3-71cd394ae8b1,rider,False,,,0.5326,app forced me to add a tip to get a ride,tip,-0.1074,False
77fc4759-d4b7-428e-ad07-516167347d18,rider,False,,,0.5951,money deducted from wallet without a ride,money,0.0878,True
d0a2ea7c-ffa3-4e7f-8f07-a9489c715366,rider,False,,,0.52,captain asked for a tip,tip,-0.2899,False
c42b82df-c344-4be3-a55f-490111419586,rider,False,,,0.5558,driver nashe mein tha,safety,-0.1638,False
bc8e6541-6b78-48bf-b456-f4cf8137235f,rider,False,,,0.5235,driver nashe mein tha,safety,0.0733,True
6205c245-bc8f-4f41-855a-b6c79af0659a,rider,False,,,0.6113,final fare was much higher than shown,money,0.0468,True
f830af78-5ef9-4aab-b3a1-ccac38ae6d26,rider,True,safety,helmets,0.5943,app forced me to add a tip to get a ride,tip,-0.0574,False
3c86cc3a-bd86-4acb-9345-18ce8870e5bf,rider,False,,,0.5142,app forced me to add a tip to get a ride,tip,-0.4131,False
5d181e8f-d5b6-4360-ab58-b4f48c8cc9e0,rider,False,,,0.5346,driver nashe mein tha,safety,-0.2407,False
54181c93-0949-45ee-93f0-387382465978,rider,False,,,0.5164,driver nashe mein tha,safety,0.0014,False
dc2dbe80-2d0c-49d2-8542-8e7e1197172b,rider,False,,,0.6483,we had an accident during the ride,safety,-0.1589,False
0d2c5bc8-d86a-44ec-bbc7-0537fc0424f1,rider,False,,,0.6229,driver nashe mein tha,safety,-0.0948,False
fba4fcd7-7d3e-4ee1-88b0-6b75958f763b,rider,False,,,0.5277,driver nashe mein tha,safety,-0.1494,False
95a8d563-0528-4265-bfcd-cd26340be4d4,rider,False,,,0.556,captain asked for a tip,tip,-0.0215,False
1556918c-e237-4aaf-bb5a-5b696d29bd5e,rider,False,,,0.5324,driver nashe mein tha,safety,-0.0384,False
05f4393d-3485-40df-b9fb-3e7a5d0e666e,rider,False,,,0.7617,driver nashe mein tha,safety,-0.1229,False
0b1e4b3a-1107-4f99-a9a6-ece9c9dc4c30,rider,False,,,0.4572,driver nashe mein tha,safety,-0.1186,False
60ed59af-412a-4cf2-bca5-3bf5c3b7a86c,rider,False,,,0.6053,the captain harassed me,safety,0.0709,True
8636eb11-6200-48d8-9113-95a060acf649,rider,False,,,0.5908,driver nashe mein tha,safety,-0.1329,False
4759355c-c4d7-4480-ae0e-e4ac8fd240b8,rider,False,,,0.4962,captain asked for a tip,tip,-0.1151,False
aac69b5b-f251-43be-925d-5dd188b90826,rider,False,,,0.5492,driver nashe mein tha,safety,0.0079,False
79ca7c5a-2f05-4aec-a33e-6cab7390810e,rider,False,,,0.4878,driver nashe mein tha,safety,-0.22,False
ed15e2a1-7566-4869-8ec0-ba55fdfd527a,rider,False,,,0.4936,money deducted from wallet without a ride,money,-0.0971,False
0450d385-a174-494e-9ebc-18c8e8250275,rider,True,money,fraud,0.6488,driver nashe mein tha,safety,0.1079,True
d45e76cc-5c15-456f-9692-16c38aa5649a,rider,False,,,0.5277,driver nashe mein tha,safety,-0.0599,False
61075550-5d0a-4308-b1ae-a7fa8636155a,rider,False,,,0.5254,captain asked for a tip,tip,-0.2345,False
6596871c-6191-45fc-8040-e30dc9290cc1,rider,True,money,extra money,0.655,app forced me to add a tip to get a ride,tip,0.0633,True
78fea6dd-9fe0-464d-8042-0b02008d94dc,rider,False,,,0.6007,driver nashe mein tha,safety,-0.0761,False
d9588bcc-4582-49de-a285-7dec3d758de1,rider,False,,,0.5677,driver nashe mein tha,safety,-0.1101,False
98142295-8331-43da-8494-a37fb9b4b2ec,rider,False,,,0.5293,final fare was much higher than shown,money,-0.199,False
8b2342cb-478b-414e-88da-d8336fc95d8a,rider,False,,,0.5994,app forced me to add a tip to get a ride,tip,-0.0283,False
8c2d830a-e88d-4988-ab25-44ca1c13b80a,rider,False,,,0.657,paid but the ride never happened,money,0.0962,True
3d64fce9-dc2f-48e0-9aa8-c1153b4b5744,rider,True,money,extra money,0.6193,money deducted from wallet without a ride,money,0.0445,True
b49202fc-b442-41ea-b968-6fd6b7aa9813,rider,False,,,0.5083,driver nashe mein tha,safety,-0.1554,False
e5188213-1e2d-4dee-9f6d-f7c77940c2d4,rider,True,safety,harassed;threating,0.6795,customer threatened and abused the captain,safety,0.1493,True
5b427fc2-501e-40f1-81ac-38e3fef65be2,rider,False,,,0.5132,customer threatened and abused the captain,safety,0.0023,False
401cadbd-e4c2-4161-8e10-a9b5431cefcf,rider,True,money,extra fare,0.6508,captain asked for a tip,tip,0.0682,True
77be0413-09a5-4af4-b766-9d2109d32a82,rider,False,,,0.5953,driver nashe mein tha,safety,-0.1335,False
144e3880-1a24-4c27-8da2-7835373c119b,rider,False,,,0.5688,driver nashe mein tha,safety,-0.2022,False
20f90529-1994-493d-b24f-813fc9ef0a4b,rider,False,,,0.6692,app forced me to add a tip to get a ride,tip,0.0842,True
0182be4f-c9f4-4d9a-8c71-3183ea4ee598,rider,False,,,0.6696,app forced me to add a tip to get a ride,tip,0.1016,True
5d0ee13b-a427-4775-b2a9-c17286672c93,rider,False,,,0.5506,driver nashe mein tha,safety,-0.0101,False
1b5d286d-a6c9-451b-94da-a51ead187d76,rider,False,,,0.5928,driver nashe mein tha,safety,-0.0313,False
a48d2f49-ec02-430e-9b60-32c1ad0defc8,rider,False,,,0.484,captain ne zyada paise maange,tip,-0.2363,False
9ae5a519-67a3-4c38-97f1-9dbebc4ddbcc,rider,False,,,0.5508,captain asked for a tip,tip,-0.2128,False
1f03f86d-6d56-4f7f-bd53-c970b990e192,rider,False,,,0.5254,captain asked for a tip,tip,-0.2345,False
a9aab14f-e8fc-4317-8304-042428513bb9,rider,False,,,0.54,captain ne zyada paise maange,tip,-0.2526,False
e6c9c48f-6896-48d0-a0e0-2c22442458c0,rider,False,,,0.5377,final fare was much higher than shown,money,-0.0251,False
3013c7eb-83c7-42ce-81a4-cb3be14089db,rider,False,,,0.5734,driver nashe mein tha,safety,0.0045,False
da8e8a27-cefc-45b8-b8a6-099fb6352fa3,rider,False,,,0.5108,app forced me to add a tip to get a ride,tip,-0.159,False
9f7e7c01-bf2f-42ea-9bab-be1323e03e45,rider,False,,,0.5895,captain ne zyada paise maange,tip,-0.0668,False
b9616626-5bb2-498d-9ea3-5d7cca4b2d83,rider,False,,,0.5484,driver nashe mein tha,safety,-0.1229,False
9d3ea5db-b213-4903-930b-8811002ac510,rider,False,,,0.5597,customer threatened and abused the captain,safety,0.0458,True
8644ffa0-3e6e-4555-880e-d1b4256e8202,rider,False,,,0.6183,final fare was much higher than shown,money,0.0341,True
9e8618eb-8fe3-48de-8baa-38f01ef86440,rider,False,,,0.6098,I was charged extra money,money,0.1357,True
0501be3d-d51e-43de-9fe3-bf47f8b9a219,rider,False,,,0.5554,captain asked for a tip,tip,-0.2532,False
4ff051e9-c366-4a91-9572-b50aaf2b2614,rider,False,,,0.5544,driver nashe mein tha,safety,-0.1768,False
7056b2cb-ffb2-4ba8-8ac1-ec95ebd75e2b,rider,False,,,0.5632,money deducted from wallet without a ride,money,0.0647,True
a2abd145-31e9-4835-99f5-9b9c38f1d9ef,rider,False,,,0.4272,driver nashe mein tha,safety,-0.13,False
82ae8dfa-f621-425a-b3fb-cea582076c97,rider,False,,,0.525,my earnings or incentive were not paid,money,0.0073,False
71126272-edec-4559-8a81-f32523e4b34b,rider,False,,,0.5717,captain asked for a tip,tip,-0.0215,False
160cc6ed-5093-451d-9216-c0e3ce0065b0,rider,False,,,0.5792,driver nashe mein tha,safety,-0.1569,False
9472aec3-657b-4b38-b1c2-552157b29e0a,rider,False,,,0.4843,driver nashe mein tha,safety,-0.0976,False
f299167c-a036-40a9-bdf6-9180da160aef,rider,True,money,deducted;refund,0.6695,money deducted from wallet without a ride,money,0.207,True
d7d0bad1-354f-4478-a74d-a08e8382be4c,rider,False,,,0.5858,driver nashe mein tha,safety,-0.0553,False
a83d9144-e8c5-4d02-8bda-444537e891cf,rider,False,,,0.5001,captain touched me inappropriately,safety,0.0739,True
e3bcddae-764f-4c9d-9c9f-0d02f673838c,rider,False,,,0.4685,captain demanded extra money in cash,tip,-0.0785,False
7e3ec2aa-4655-4edd-b1e2-ac467d867750,rider,False,,,0.5364,driver nashe mein tha,safety,-0.064,False
190833d0-ab14-446b-a485-904426ea3b26,rider,True,safety,helmet,0.6259,driver nashe mein tha,safety,0.0741,True
6f29ae52-634f-4eb1-8f7e-62b56d0d23de,rider,False,,,0.6586,captain asked for a tip,tip,0.028,True
54f186bf-6ac2-48c6-b5a4-ceaee84b2861,rider,False,,,0.5022,captain ne zyada paise maange,tip,-0.2179,False
6026af8b-6501-45c5-80bb-6afe370388ed,rider,False,,,0.4832,driver nashe mein tha,safety,-0.2538,False
81e9c225-ff26-4685-84da-8bff3e15c35d,rider,True,safety;money,unsafe;extra money,0.7,app forced me to add a tip to get a ride,tip,0.1607,True
90dc8951-b9ec-4ecb-bcec-748a2b4b4d3b,rider,False,,,0.4687,customer threatened and abused the captain,safety,0.0432,True
81554c8e-ac3d-48f8-ba2c-46e375ec71b0,rider,False,,,0.5952,refund not received,money,0.0285,True
2a6e9069-7a7f-4179-9105-f1be346fe323,rider,False,,,0.4225,driver was drunk,safety,0.0017,False
619e3500-57f6-4230-96e6-89f748fb45d0,rider,False,,,0.5254,driver nashe mein tha,safety,-0.1567,False
e7988c2f-de15-4efd-b743-f1e74ed541ab,rider,False,,,0.4842,captain asked for a tip,tip,-0.1229,False
992d7c47-8d9f-43e0-918e-bf59e42b1bb3,rider,False,,,0.7762,driver nashe mein tha,safety,0.0989,True
3863adcf-d97d-4bfe-9e9e-196f57f8df79,rider,False,,,0.5677,app forced me to add a tip to get a ride,tip,0.013,False
666b881a-baf6-4fa7-8d19-e98c5fff65ff,rider,False,,,0.5134,captain ne zyada paise maange,tip,-0.1831,False
1b51abd4-b78d-40d8-9355-0dd906018c48,rider,False,,,0.7573,final fare was much higher than shown,money,0.1895,True
9495bbbe-e051-4838-8799-838d4253eae8,rider,False,,,0.5486,refund not received,money,-0.1317,False
e9ee035c-8d61-4598-aa47-e899cf819176,rider,False,,,0.4766,captain asked for a tip,tip,-0.0883,False
5bf8ca8d-8706-404d-9f6f-c5a8c58ba044,rider,False,,,0.561,app forced me to add a tip to get a ride,tip,0.0211,False
f8d9d8ce-f7a8-4b33-8554-a9b9a51b0e0c,rider,False,,,0.5467,driver nashe mein tha,safety,0.0502,True
1645ce47-a0c1-483d-b4f0-324f0ac48feb,rider,False,,,0.5363,driver nashe mein tha,safety,-0.2458,False
b6e5437a-9b37-4a54-b007-27aa7ae8daac,rider,False,,,0.5742,app forced me to add a tip to get a ride,tip,0.0113,False
2bbef6c1-a07d-4876-a866-a144fd0a0ac1,rider,False,,,0.5331,captain asked for a tip,tip,-0.1243,False
7b131217-dbc4-4a4a-94c0-0ff1d9e98b3f,rider,True,safety,helmet,0.5871,I felt unsafe during the ride,safety,0.0325,True
fe3ca6b3-3be3-4a31-a0f5-862526d8b39f,rider,False,,,0.6769,driver nashe mein tha,safety,0.0927,True
2cd34da5-2438-410f-9d4a-f69e791acd0e,rider,False,,,0.5064,app forced me to add a tip to get a ride,tip,-0.2064,False
eb517c7a-f0d7-402c-b4d7-3e394a887735,rider,True,money,scam;wallet,0.5556,money deducted from wallet without a ride,money,0.0555,True
16412e29-b63a-4c82-849d-f78a2b5ad895,rider,False,,,0.4903,driver nashe mein tha,safety,-0.1209,False
e107c114-f147-4138-b108-b082422fdbf3,rider,False,,,0.542,driver nashe mein tha,safety,-0.1927,False
59e2702c-f872-49a2-a928-e7632474ed23,rider,False,,,0.4951,money deducted from wallet without a ride,money,0.0651,True
73c76c19-e54d-4a9c-95a9-56d25154b5e8,rider,True,money,fraud;penalty,0.6367,penalty deducted from captain earnings unfairly,money,0.075,True
a6310ba4-446d-4219-bdf1-68cffe58f098,rider,False,,,0.5519,driver nashe mein tha,safety,-0.1884,False
edb030a5-5aa7-4c2d-ad2e-12281e321c8c,rider,False,,,0.5331,app forced me to add a tip to get a ride,tip,-0.0302,False
2d717d07-3d08-4d68-a83e-27789b346cc0,rider,False,,,0.5116,driver nashe mein tha,safety,-0.0015,False
611229ee-f433-4315-a69b-809917d46bb3,rider,False,,,0.529,driver nashe mein tha,safety,-0.0824,False
42da04ca-da95-4f0a-9d2d-1a6e637f1f75,rider,False,,,0.5093,app forced me to add a tip to get a ride,tip,-0.2008,False
4152d2c3-c7ed-49a7-9ef6-47caacd5aa1c,rider,False,,,0.4154,app forced me to add a tip to get a ride,tip,-0.1975,False
38045604-1460-45e4-b50c-6c37834caf77,rider,False,,,0.5446,captain ne zyada paise maange,tip,-0.2232,False
ecb6f72f-d7b1-4dc2-8c24-96602ea89912,rider,False,,,0.5284,captain ne zyada paise maange,tip,-0.056,False
f39d604a-53b7-4bbb-b999-b3cdb4fe32fa,rider,False,,,0.6821,app forced me to add a tip to get a ride,tip,0.1633,True
fac2b6e4-9ccb-4713-9e82-3b9f86a15511,rider,False,,,0.533,captain ne zyada paise maange,tip,-0.2373,False
22b80c14-e76f-4ef3-aaa8-cbbee7fed4ec,rider,False,,,0.609,captain asked for a tip,tip,0.031,True
77bcd9c7-b3c4-4327-8737-5d026c3f83ba,rider,False,,,0.5224,driver nashe mein tha,safety,-0.1444,False
99d5a2f2-7eaf-46ef-9e6d-922a00d6ebdb,rider,False,,,0.6227,captain asked for a tip,tip,-0.0615,False
a2c2b5c8-2517-47a7-a430-e4ad4eb033e6,rider,False,,,0.5439,driver nashe mein tha,safety,-0.1014,False
577436ce-33bf-46ca-b3d4-a487231d33e0,rider,False,,,0.5399,driver nashe mein tha,safety,0.0002,False
4b0c8c74-4fd2-4ee3-8d9c-5fda842a25d9,rider,False,,,0.5733,captain ne zyada paise maange,tip,-0.0059,False
8eb4c1b2-7ad3-4f95-a8d0-2b133130d0e6,rider,False,,,0.5628,refund not received,money,0.0674,True
f72743cb-b17c-4e66-bfc6-e430b32542d6,rider,False,,,0.5949,I felt unsafe during the ride,safety,0.0155,False
bc335044-c097-4b0a-84e4-c321b1718f01,rider,False,,,0.4946,driver nashe mein tha,safety,-0.0664,False
74d183cd-d428-4182-9978-f993546114b5,rider,False,,,0.5992,captain ne zyada paise maange,tip,-0.08,False
e50f5b6f-3d2f-405d-be88-1dd1b3424add,rider,False,,,0.4583,money deducted from wallet without a ride,money,0.0524,True
eb719a08-cb06-49b0-b271-044af6b60723,rider,False,,,0.6935,driver nashe mein tha,safety,0.0904,True
df972ba9-12e1-4486-8543-1f08f2385af6,rider,False,,,0.5158,app forced me to add a tip to get a ride,tip,-0.2529,False
690ce5df-c839-41b7-86c0-dd0ac94e5a51,rider,False,,,0.5446,captain ne zyada paise maange,tip,-0.2232,False
a49dbe65-7a27-4704-9ff7-8d71accf2093,rider,False,,,0.5356,driver nashe mein tha,safety,-0.2217,False
9b2c1090-212e-4cb6-bdb9-985f57eceb55,rider,False,,,0.645,driver nashe mein tha,safety,-0.0153,False
c94efe44-59b0-4dab-b551-e7487e2f4a97,rider,False,,,0.6001,final fare was much higher than shown,money,0.0352,True
5e6e690d-72bf-406c-8ac4-8a5896aef647,rider,True,money,extra money,0.753,captain asked for a tip,tip,0.0497,True
09f25dad-7d43-4d31-8642-a85309664681,rider,False,,,0.6709,app forced me to add a tip to get a ride,tip,0.0884,True
4fa14572-6fe2-444c-b867-539cacf344ee,rider,False,,,0.636,driver nashe mein tha,safety,-0.1263,False
d26b8488-5d45-46af-95f3-63c34c6a4a81,rider,False,,,0.749,driver nashe mein tha,safety,-0.1605,False
69190310-b71b-4aa7-b47d-e7ee0072a650,rider,False,,,0.6109,driver nashe mein tha,safety,-0.048,False
d10f14c6-4749-4efa-b714-2285349eeb42,rider,False,,,0.5454,driver nashe mein tha,safety,-0.2396,False
2ee76461-2196-4683-a3a5-bd7a9d8d5df6,rider,True,money,paise,0.5613,captain ne zyada paise maange,tip,-0.0369,False
fcc28ac8-43d4-4fdd-b9da-548c0b1f6746,rider,True,money,extra fare,0.5963,app forced me to add a tip to get a ride,tip,-0.0175,False
0e888baf-763d-42af-936d-1305222cdc09,rider,False,,,0.5853,paid but the ride never happened,money,0.0804,True
98c1a9a7-4572-47bd-a9ec-862c7dbc915d,rider,False,,,0.5731,driver nashe mein tha,safety,-0.1386,False
072efe2c-994f-4056-bebe-a3934a281667,rider,True,money,fraud,0.6269,final fare was much higher than shown,money,0.0493,True
6df595b6-cfcd-491b-8e0c-c4d463f8a06a,rider,True,money,extra money;scam,0.6191,app forced me to add a tip to get a ride,tip,0.0534,True
006894e5-c9a5-4832-90d8-6dd853bd3dfa,rider,True,safety,helmets;rash,0.7,captain was driving rashly and dangerously,safety,0.1315,True
0f1e2670-3254-46f2-a727-a02c2b327184,rider,False,,,0.7522,driver nashe mein tha,safety,-0.1436,False
d81ab5d1-6184-4926-ace9-707a526e0f0a,rider,False,,,0.5354,captain ne zyada paise maange,tip,-0.1287,False
e39ede22-019f-4ee0-b8bd-23b9090994c4,rider,False,,,0.6012,I felt unsafe during the ride,safety,0.0638,True
97850184-3b12-40d6-a1d9-ff9efd1a365f,rider,False,,,0.5688,captain asked for a tip,tip,-0.0506,False
2b6d6e80-1443-43dc-a281-8062d1ddcdcd,rider,False,,,0.5944,app forced me to add a tip to get a ride,tip,0.0685,True
01ae6b61-60e7-4acd-81b5-74bb01b70f13,rider,False,,,0.5005,driver nashe mein tha,safety,-0.2258,False
2f36dc4e-e5c5-4121-bc5c-91b3889f65f3,rider,False,,,0.6211,I felt unsafe during the ride,safety,-0.0387,False
220f8e5e-ccab-4800-8a29-31aca93b3802,rider,False,,,0.5839,app forced me to add a tip to get a ride,tip,0.0231,True
5b422d20-7c11-44d7-b786-7a62e8fe0b19,rider,False,,,0.5505,driver nashe mein tha,safety,-0.1126,False
e6caf4d7-26fa-4d11-a414-1f3f71d80a15,rider,False,,,0.5553,app forced me to add a tip to get a ride,tip,-0.172,False
1b9d8e83-ded6-4393-9e04-d99bf0f07dfd,rider,False,,,0.5091,driver nashe mein tha,safety,-0.0821,False
ada9a651-db80-4f02-980b-c1748db84894,rider,False,,,0.6035,charged a cancellation fee unfairly,money,0.0578,True
3dd4ab83-48b6-4ace-b803-e526c8ba0d93,rider,False,,,0.5204,captain asked for a tip,tip,-0.2374,False
09122da2-25c6-4e72-bb9b-b3782c881256,rider,False,,,0.6494,app forced me to add a tip to get a ride,tip,0.1283,True
ec1eae68-0d78-44e8-84d5-848a907d8d4a,rider,False,,,0.5807,app forced me to add a tip to get a ride,tip,0.0605,True
23fd8425-4a50-4e36-9008-982d03e2e3c3,rider,False,,,0.6005,app forced me to add a tip to get a ride,tip,0.0738,True
3ef13681-3e17-4d19-a242-2ad07e5ad517,rider,False,,,0.6425,driver nashe mein tha,safety,-0.0731,False
1bb6793c-7d1a-4292-a077-c15967b6ca54,rider,False,,,0.4974,money deducted from wallet without a ride,money,0.0948,True
78b7f46a-f87c-4fb3-88a7-4deb604f0d52,rider,False,,,0.5174,the captain harassed me,safety,0.0066,False
493e3978-5594-404d-96f9-fd8fe50b7b83,rider,False,,,0.4889,app forced me to add a tip to get a ride,tip,-0.2294,False
6d7d46aa-1c0c-4c88-8052-105c8526ec6f,rider,False,,,0.7382,driver nashe mein tha,safety,-0.0534,False
575b2f2e-6bb8-45f0-a260-992bee28f262,rider,False,,,0.6501,final fare was much higher than shown,money,0.1117,True
d6f42d40-0b98-407f-bf12-601e48bf3b73,rider,False,,,0.5148,captain misbehaved and used abusive language,safety,0.077,True
1ef07ffa-d861-4656-be2d-73f5a57842a1,rider,False,,,0.5836,driver nashe mein tha,safety,-0.0385,False
2bad26e0-5b77-470e-b005-c3f63fe544b3,rider,False,,,0.7678,driver nashe mein tha,safety,-0.1309,False
e8166976-be16-4ffd-a0cf-3228cb8b879b,rider,True,money,cancellation fee,0.7391,charged a cancellation fee unfairly,money,0.2402,True
4a988897-8d12-445e-b7f8-7261aa1e6bc5,rider,True,money,extra money,0.6623,customer threatened and abused the captain,safety,0.1159,True
90dc8f9c-ceaf-469f-8197-d178a07f21f8,rider,True,tip,tips,0.6593,app forced me to add a tip to get a ride,tip,0.0966,True
112cc771-d9ce-4e0a-a368-223bbd9ecbc8,rider,True,safety,helmet;helmets,0.6678,I felt unsafe during the ride,safety,0.1073,True
a00e7f5b-8297-4c6f-ba8b-1304e7946215,rider,False,,,0.6426,driver nashe mein tha,safety,-0.0301,False
fb8c8103-8311-4284-9d51-3e729a2b5fca,rider,False,,,0.5998,driver nashe mein tha,safety,-0.1077,False
8bc5421d-b48c-4ab6-a9d4-e1c9d609b1ed,rider,False,,,0.7365,final fare was much higher than shown,money,0.1623,True
627019ac-df38-414d-bc71-b1e1593a7bd7,rider,False,,,0.5795,no helmet was given for the bike ride,safety,0.0294,True
07eeb701-2456-41d1-8d66-48c41b668bc4,rider,False,,,0.5407,I felt unsafe during the ride,safety,0.1095,True
8eb949be-cc5a-4acd-9653-518ebeedcf5a,rider,False,,,0.6002,driver nashe mein tha,safety,-0.1575,False
8b0b457c-5103-48a4-8855-3c132ee8d7fe,rider,False,,,0.55,captain asked for a tip,tip,-0.2189,False
ef39f91a-308b-451b-8c94-aed495ce8753,rider,False,,,0.573,paid but the ride never happened,money,0.0523,True
9ebbb720-2182-4f23-b25f-c3fc2abfd8e5,rider,False,,,0.5789,driver nashe mein tha,safety,-0.1579,False
34104f6e-209c-4f2c-b959-5cb426d4f77b,rider,True,money,fraud,0.5888,charged a cancellation fee unfairly,money,0.1099,True
66fe445a-5981-4193-83a6-6d89d2911b3c,rider,False,,,0.5254,captain asked for a tip,tip,-0.2345,False
f9ee1bca-fe14-4ef3-ad12-fbf54b61383e,rider,False,,,0.5887,driver nashe mein tha,safety,0.0091,False
f389206d-e968-43ad-9bce-d48c33d590f9,rider,False,,,0.641,final fare was much higher than shown,money,-0.0829,False
9410b179-2b94-4ae5-9a30-4863e4525d57,rider,True,safety,harassment,0.664,the captain harassed me,safety,0.1028,True
bd706577-ec69-47ce-b770-21a057fdb9d6,rider,False,,,0.5702,captain misbehaved and used abusive language,safety,-0.176,False
9b93a60e-12db-4bc0-afe3-e9e5759f50e0,rider,False,,,0.6913,I was charged extra money,money,0.1479,True
3fcded32-4ebf-4dd8-9df7-bd43899aca06,rider,False,,,0.633,final fare was much higher than shown,money,0.0285,True
024b5503-c7a7-4bff-bffa-3a0ff6be2908,rider,False,,,0.6042,refund not received,money,0.1744,True
0b76ea8d-5648-4ee9-9f20-b010078e8142,rider,False,,,0.5699,captain ne zyada paise maange,tip,0.0415,True
560119b5-3ac3-430f-a409-879210342244,rider,False,,,0.5298,driver nashe mein tha,safety,-0.4702,False
792447da-7b3f-4b54-a3d3-a6cb8d564841,rider,False,,,0.5326,driver nashe mein tha,safety,-0.0535,False
1d3e6985-a4a2-4b75-80fc-9109073de896,rider,False,,,0.5074,app forced me to add a tip to get a ride,tip,-0.1945,False
15f69938-30e8-4662-8023-618a7f433268,rider,False,,,0.5733,captain ne zyada paise maange,tip,-0.0059,False
3e611ee0-8f84-44f3-b9eb-aea22c4f4307,rider,False,,,0.5414,driver nashe mein tha,safety,-0.1506,False
4790002e-0db7-4d94-a97f-ec2b8ff27529,rider,False,,,0.6216,charged a cancellation fee unfairly,money,-0.0034,False
aa59323d-a4d7-4877-be85-8fe34b513819,rider,False,,,0.4682,captain touched me inappropriately,safety,0.0535,True
36a5f573-6cf6-4f9f-9af5-c9b4f830c086,rider,False,,,0.5324,penalty deducted from captain earnings unfairly,money,-0.0105,False
4424244a-82f8-413e-b878-5424a0858034,rider,False,,,0.5631,customer threatened and abused the captain,safety,0.0553,True
89ef462b-cf6f-4edd-86c3-e66780080966,rider,False,,,0.5349,customer threatened and abused the captain,safety,0.0124,False
64daa4ab-65b4-490f-b7eb-9d5f489184c0,rider,False,,,0.5755,money deducted from wallet without a ride,money,0.0516,True
4007a946-08fd-466b-aaab-62823ffd123b,rider,False,,,0.6254,driver nashe mein tha,safety,-0.1368,False
583b31f6-d376-436b-baed-b9b7c0579698,rider,False,,,0.5633,driver nashe mein tha,safety,-0.1733,False
68ab05ad-2d96-45dd-8fa9-cd6d323eaa59,rider,True,money,paisa;paise,0.6536,app forced me to add a tip to get a ride,tip,0.0494,True
cc35aaa1-b5a0-4c56-9af3-ecd0fab8695d,rider,False,,,0.6757,driver nashe mein tha,safety,-0.0085,False
644c817b-b017-4c6a-b554-cc37906727f9,rider,False,,,0.7556,driver nashe mein tha,safety,-0.0387,False
e14896ff-66b8-4c41-99aa-83d981d3a361,rider,False,,,0.5837,captain ne zyada paise maange,tip,0.0051,False
9148596f-5022-41df-b32b-dc343dcfeebc,rider,False,,,0.4812,app forced me to add a tip to get a ride,tip,-0.2501,False
2ae96358-752f-4e07-95ed-2f90bee2ea49,rider,False,,,0.56,charged a cancellation fee unfairly,money,0.1096,True
09f8740d-90f9-4e33-8119-d44c8d698c38,rider,True,safety,helmet,0.7313,I felt unsafe during the ride,safety,0.1671,True
37b8459b-417e-490d-acda-e80a1914f5b5,rider,False,,,0.6686,I was charged extra money,money,0.1121,True
87d1d58c-c325-4692-a019-7ef86ef6d4a9,rider,False,,,0.5852,driver nashe mein tha,safety,-0.181,False
f85be88b-eadf-4863-9e98-da18753eba1b,rider,False,,,0.5179,driver nashe mein tha,safety,-0.1121,False
bef74512-0563-4f87-874a-feef786904d8,rider,False,,,0.4939,we had an accident during the ride,safety,-0.1261,False
586807e2-2904-4527-b1a8-31d56479b196,rider,False,,,0.6205,driver nashe mein tha,safety,0.0031,False
534e5984-af32-4c42-9725-3ead2e5f07e4,rider,True,money,paise,0.6651,app forced me to add a tip to get a ride,tip,-0.0458,False
b0663173-f24a-4dd6-8ed9-5d232d415d49,rider,False,,,0.6438,driver nashe mein tha,safety,0.0426,True
a2071e05-0513-4fa6-947f-ecb9c4775633,rider,False,,,0.5614,driver nashe mein tha,safety,-0.1517,False
1070ba3f-313e-4ec9-aa88-2ab427c12c1f,rider,False,,,0.8064,driver nashe mein tha,safety,-0.0757,False
0d569bd6-af9c-485a-9732-285e89e0eef5,rider,False,,,0.5576,app forced me to add a tip to get a ride,tip,0.0442,True
ddbf52bb-6270-4283-9674-c6dfe768477e,rider,False,,,0.4896,captain asked for a tip,tip,-0.2164,False
c08a5c21-3723-4449-a9e0-238403add32b,rider,True,money,more money,0.7274,captain demanded extra money in cash,tip,0.1473,True
41f6087c-e936-468c-81e8-3520a5e95bdd,rider,False,,,0.6367,driver nashe mein tha,safety,-0.129,False
935cd7a4-d9f1-45da-a6d7-fe875ae18856,rider,False,,,0.4648,captain ne zyada paise maange,tip,-0.2779,False
f36b787a-dfe4-40f6-89ee-48c9e123d3b3,rider,False,,,0.57,customer threatened and abused the captain,safety,0.0921,True
bc28bfeb-c68f-4b6c-8b1f-345041ace084,rider,False,,,0.5471,driver nashe mein tha,safety,-0.2265,False
e3969716-bdd3-4d11-b969-fa17141c01ad,rider,False,,,0.5257,refund not received,money,0.0471,True
9dcac721-2ca5-4ae5-9836-7424cc9e2642,rider,False,,,0.4575,paid but the ride never happened,money,-0.0105,False
9320677c-def9-4508-99a8-750a9415c685,rider,False,,,0.6163,captain ne zyada paise maange,tip,0.0072,False
f6feaf1d-3c43-44e4-be02-089f34980239,rider,False,,,0.462,driver nashe mein tha,safety,-0.2043,False
57d60eb8-7e48-4c0b-9be5-6798286f5353,rider,False,,,0.5568,captain ne zyada paise maange,tip,-0.1124,False
e4b8f6c9-bd7b-4abc-8fd0-5da973fdef7c,rider,False,,,0.5665,captain ne zyada paise maange,tip,-0.035,False
fac03542-e4bc-468e-9653-047a16237150,rider,False,,,0.6928,driver nashe mein tha,safety,-0.1555,False
b52dc9ab-6dd9-4366-9cba-41ff8a84c719,rider,True,money,extra amount,0.6504,app forced me to add a tip to get a ride,tip,0.1072,True
97a631ea-5209-4ff1-a938-7aca5b977506,rider,False,,,0.5632,driver nashe mein tha,safety,-0.1427,False
6eabebe1-4a05-48a8-a0f9-514e478acbad,rider,False,,,0.7053,captain was driving rashly and dangerously,safety,-0.0468,False
50c2f440-af12-4c87-9ee6-892d859433aa,rider,False,,,0.4623,charged a cancellation fee unfairly,money,0.0167,False
470b8056-feb9-48af-a5a0-20aa42f79288,rider,False,,,0.5927,captain demanded extra money in cash,tip,0.07,True
ccacdfe3-40f0-403e-8ee4-4b8ea7421dd3,rider,False,,,0.5909,captain asked for a tip,tip,-0.0171,False
ef0e3ff3-4069-4720-aa92-c617aa287e9f,rider,True,money,cancellation fee;deduct;extra money,0.6631,charged a cancellation fee unfairly,money,0.0986,True
aa950646-f415-4b1c-b611-9f78b4406e7c,rider,False,,,0.5647,captain ne zyada paise maange,tip,-0.0817,False
16d58191-a2a1-49a3-b0ff-97f0716bfc4c,rider,False,,,0.5809,captain touched me inappropriately,safety,0.0533,True
7f4c7864-3bf2-4140-abbb-43fb59dc06a6,rider,False,,,0.4403,captain ne zyada paise maange,tip,-0.1197,False
a1b06a80-7d83-4a39-add3-1af9c21ebc2f,rider,False,,,0.7102,captain misbehaved and used abusive language,safety,0.1305,True
34832b89-f4ca-4e63-a03c-1bb8b5668db7,rider,False,,,0.6212,captain ne zyada paise maange,tip,0.0208,False
974c22d2-7f6e-4fd1-8f69-94abd3f0eb6a,rider,False,,,0.5373,money deducted from wallet without a ride,money,-0.0762,False
4f8bec55-850d-4846-8423-61a088a4617f,rider,False,,,0.5849,app forced me to add a tip to get a ride,tip,-0.0271,False
b0ff41cf-8d92-4f81-a33e-04d13dd0d3c1,rider,False,,,0.6176,final fare was much higher than shown,money,-0.1186,False
57c3871d-bb40-4d7b-8cbe-5638efc0bf23,rider,True,money,double charged;fraud,0.5812,customer threatened and abused the captain,safety,0.0796,True
1b9988c7-3715-4d60-9cb4-e07a7bffbbdf,rider,False,,,0.645,paid but the ride never happened,money,0.0275,True
ddf1002d-4ac8-4932-9181-78c7ed8cea7c,rider,False,,,0.6,driver nashe mein tha,safety,-0.0057,False
69a49e76-33b0-4dfb-af0a-4fd7ec7306a8,rider,False,,,0.5504,app forced me to add a tip to get a ride,tip,0.0047,False
4db41ff4-6311-4a6f-961e-e5e34c731cf3,rider,False,,,0.6118,final fare was much higher than shown,money,-0.0819,False
77aecdba-aa33-4e92-9706-68a93e667bab,rider,False,,,0.6231,driver nashe mein tha,safety,-0.1958,False
2e5a9b30-c71d-41b4-8d94-4127e9ac1734,rider,False,,,0.7451,driver nashe mein tha,safety,-0.0978,False
b8863b6e-23f9-46f4-8f50-9c821f3f79bd,rider,False,,,0.5215,my earnings or incentive were not paid,money,0.1194,True
3a68e7bb-f230-40f6-a247-bdb0a963c44d,rider,False,,,0.5067,captain asked for a tip,tip,-0.1304,False
fc2ebc31-55ab-4861-aec3-ed3fda6692f1,rider,False,,,0.8837,charged a cancellation fee unfairly,money,0.4141,True
bd2e714d-dd48-4d5d-8915-6f6830f30b47,rider,False,,,0.6085,driver nashe mein tha,safety,-0.008,False
528f16f5-0d14-40b5-91be-03663d752f3b,rider,False,,,0.6292,app forced me to add a tip to get a ride,tip,0.0565,True
8f659a8f-07db-44f7-92c8-58b0c0998bdd,rider,False,,,0.5091,I felt unsafe during the ride,safety,-0.061,False
0c5791c3-764e-49cd-8125-b10b5bf57c88,rider,False,,,0.508,driver nashe mein tha,safety,-0.1497,False
70d4765c-e218-40ca-a2fd-432aad500515,rider,False,,,0.598,captain ne zyada paise maange,tip,-0.0438,False
927bde52-f778-4981-9b11-e9f666953694,rider,False,,,0.4928,app forced me to add a tip to get a ride,tip,-0.1528,False
d013412f-f82e-4d4c-b71c-806fe4127395,rider,False,,,0.5235,driver nashe mein tha,safety,-0.3168,False
fd424334-d78d-4ad0-b76a-379607ffd9a6,rider,False,,,0.6203,driver nashe mein tha,safety,-0.2769,False
1c78a738-f720-4364-b1aa-47ca34eb6ebb,rider,False,,,0.5283,driver nashe mein tha,safety,-0.0746,False
cf0bbca6-2958-418a-baa7-5cb0f16d01dc,rider,False,,,0.5709,charged a cancellation fee unfairly,money,0.1378,True
361ce29e-13cb-48c6-aa81-c3eb7222e676,rider,False,,,0.5645,driver nashe mein tha,safety,-0.0538,False
fdf92c2f-7a55-40c2-a228-e65914a71977,rider,False,,,0.5795,driver nashe mein tha,safety,-0.1293,False
132586ff-0846-47b5-b1c0-562db5b44895,rider,False,,,0.5398,driver nashe mein tha,safety,0.0433,True
737ec66c-8b52-4ab7-bcc0-72ed237275f3,rider,False,,,0.5815,captain asked for a tip,tip,0.0156,False
098b0e1c-03d4-43f2-85bf-3aa7cc35510f,rider,False,,,0.6114,charged a cancellation fee unfairly,money,0.0393,True
bdfe6357-ab21-411c-a8e8-20bd0d0197a9,rider,False,,,0.5,driver nashe mein tha,safety,-0.0447,False
d7e7e1c0-4ab5-400d-971f-694d024f5003,rider,False,,,0.5382,captain ne zyada paise maange,tip,-0.2501,False
48c238a7-67a8-4c87-9be2-5b07f6605fdc,rider,False,,,0.6715,driver nashe mein tha,safety,0.0633,True
400279e8-41e4-4279-8e3a-a4a70352a55b,rider,False,,,0.5854,app forced me to add a tip to get a ride,tip,0.0414,True
f9b2a102-2a34-4ad7-b141-9485e9a576fb,rider,False,,,0.6086,driver nashe mein tha,safety,0.0544,True
0edaabb5-70ce-4de9-bfd2-92f5d463b081,rider,False,,,0.6131,final fare was much higher than shown,money,0.1076,True
7a5595b1-c945-4001-897a-7d12d13384b9,rider,False,,,0.4962,app forced me to add a tip to get a ride,tip,-0.0542,False
adeb7b16-8bac-460d-b0c9-77ddd1fb779a,rider,False,,,0.6088,final fare was much higher than shown,money,-0.0792,False
ddd70c53-9138-4e3c-94cd-c6e6962ac8ae,rider,False,,,0.5393,driver nashe mein tha,safety,-0.1068,False
bcb85a76-2fae-4ff5-9479-e75d17e1276c,rider,False,,,0.5313,app forced me to add a tip to get a ride,tip,0.0539,True
903c1543-2729-419d-ab4d-d6050e305a72,rider,False,,,0.6574,driver nashe mein tha,safety,-0.0704,False
759bf423-6a85-40bf-bc1b-9be9ae3a0ac7,rider,True,money,fraud,0.5551,charged a cancellation fee unfairly,money,0.0716,True
f4e2d2ab-5eb2-4fba-bb80-be418ae2709a,rider,False,,,0.7051,final fare was much higher than shown,money,0.0881,True
653e1413-3db9-4217-8b5f-90c62344b3d9,rider,False,,,0.4526,captain asked for a tip,tip,-0.1083,False
d9aca7ad-eba4-40bc-93e8-d24795a00c4e,rider,False,,,0.7424,captain misbehaved and used abusive language,safety,0.1012,True
b2881600-534c-4532-a82e-5ca0649acaf7,rider,False,,,0.5162,captain misbehaved and used abusive language,safety,0.0119,False
5b21b97b-e070-4d44-b5d8-5b62a098387a,rider,False,,,0.5356,my earnings or incentive were not paid,money,0.011,False
c09aa3a4-cfec-4e07-ac6f-e74fc66ec990,rider,False,,,0.4347,money deducted from wallet without a ride,money,0.0425,True
3d9610c9-02c8-42be-b1aa-4e000a8c93fb,rider,False,,,0.6601,captain ne zyada paise maange,tip,-0.1141,False
6fcbbbd7-ceb3-49e5-9b1a-550ace8968b9,rider,False,,,0.5014,we had an accident during the ride,safety,0.0274,True
7f1652d7-a6b5-4e5c-bd3d-dcb155fd028e,rider,False,,,0.5012,I felt unsafe during the ride,safety,-0.0515,False
1c47423b-19e8-4d6d-b2bf-b2f0dfb4e92a,rider,False,,,0.605,app forced me to add a tip to get a ride,tip,-0.1653,False
d5e72241-0f39-42ad-9a4b-4eec77284fa7,rider,False,,,0.5833,captain ne zyada paise maange,tip,0.057,True
f0b5bb59-6449-4019-936b-081dd9d2b5cf,rider,False,,,0.5529,driver nashe mein tha,safety,0.0941,True
02bd7d8f-5fc3-4f04-9aa5-3cafa2d2d782,rider,False,,,0.4922,money deducted from wallet without a ride,money,-0.208,False
c99838ba-6686-4b84-8c77-fca26000ab30,rider,False,,,0.5027,captain ne zyada paise maange,tip,-0.2106,False
518d2487-3d3a-4b76-ae1d-c2eae9db24a9,rider,False,,,0.5226,driver nashe mein tha,safety,-0.0237,False
7134e36f-47be-4a33-9f6d-a57d6cffbd3f,rider,False,,,0.6589,driver nashe mein tha,safety,-0.3022,False
202a39c0-20a4-49bd-8f3f-e54cf6150a2b,rider,False,,,0.5263,my earnings or incentive were not paid,money,0.1539,True
e060e0d6-06ca-4158-b8f2-878324e26c6d,rider,False,,,0.6267,I felt unsafe during the ride,safety,0.0608,True
7f56dfde-0ecd-4220-a6f7-e5723eebc53e,rider,False,,,0.5502,app forced me to add a tip to get a ride,tip,-0.1364,False
0a3eca76-717e-4399-b3a3-49bd85902496,rider,True,money,extra money,0.6322,final fare was much higher than shown,money,0.0391,True
c0998bb2-e57b-4cd2-9753-37035d61604d,rider,False,,,0.5532,I felt unsafe during the ride,safety,-0.047,False
966f2407-9de2-41bf-9c78-a0c068fcf299,rider,False,,,0.6884,driver nashe mein tha,safety,-0.2745,False
442a525b-1479-4103-a85f-70e68c38bb2c,rider,False,,,0.4655,money deducted from wallet without a ride,money,0.0458,True
116c69f3-0bd9-46bd-bd9f-a5b346846409,rider,False,,,0.5734,driver nashe mein tha,safety,-0.0583,False
7f2d7842-fbd7-410a-ba41-7a0ce4057e75,rider,False,,,0.6709,we had an accident during the ride,safety,-0.1618,False
0c3ec882-281e-4fba-aaa6-92762708c524,rider,False,,,0.6146,captain asked for a tip,tip,-0.1661,False
b3e70e13-c0c2-4f6e-ba0d-ac163d6b10ee,rider,True,safety,accident,0.7628,no helmet was given for the bike ride,safety,0.1886,True
da4ff8c7-bcf7-4c41-a06e-ff774f5efd20,rider,False,,,0.6431,driver nashe mein tha,safety,-0.1289,False
7d6679da-6dc4-4f62-8fe2-ce04ba77a93b,rider,False,,,0.6351,driver nashe mein tha,safety,0.0554,True
2609401a-e468-4379-915d-f9624345e2c5,rider,True,money,extra money,0.6096,app forced me to add a tip to get a ride,tip,0.0736,True
12373249-f4b4-4f5e-9a06-34a7be096975,rider,False,,,0.6155,app forced me to add a tip to get a ride,tip,0.0904,True
f483538b-8687-4095-ad59-46a09f9f9b17,rider,False,,,0.5126,driver nashe mein tha,safety,-0.2433,False
a5d92831-5769-44fb-8bc5-0cf7ea252917,rider,False,,,0.624,charged a cancellation fee unfairly,money,0.1003,True
1286b9e3-5c98-4ab7-a534-f47f6b4037d7,rider,False,,,0.4947,driver nashe mein tha,safety,-0.3001,False
90b8e06c-05bb-430d-af97-68836b88121a,rider,False,,,0.6265,final fare was much higher than shown,money,0.1331,True
eac44b92-1515-41dd-934c-25723218ef09,rider,False,,,0.5173,captain asked for a tip,tip,-0.0999,False
553f5185-54fb-49ec-96e4-279f68eec76c,rider,False,,,0.6371,driver nashe mein tha,safety,0.0813,True
1b6bdc8e-09cc-4cc7-921c-1f92496499c5,rider,False,,,0.6635,driver nashe mein tha,safety,-0.0434,False
c5382b23-dafa-47f7-abba-33d84868f685,rider,True,money,refund,0.6106,charged a cancellation fee unfairly,money,0.088,True
f298a23d-6225-4fc9-81f2-8c335995a764,rider,False,,,0.5375,captain demanded extra money in cash,tip,0.0936,True
431463f6-3dab-4824-8ef1-244d14ba7931,rider,False,,,0.733,final fare was much higher than shown,money,0.1284,True
26e6690d-323b-46e1-a80e-8a45015473b6,rider,False,,,0.5022,driver nashe mein tha,safety,-0.2442,False
37875d22-ec7a-4a18-a413-9d08ebed522a,rider,False,,,0.6114,app forced me to add a tip to get a ride,tip,-0.1126,False
ebdb6a8a-00c0-4750-b00b-087c64b89942,rider,False,,,0.5405,app forced me to add a tip to get a ride,tip,-0.2125,False
266c3c12-e6f8-4b24-9aad-f7886db02657,rider,False,,,0.5577,driver nashe mein tha,safety,0.0602,True
92509164-5b25-4ee3-9ed1-b01e23e0d223,rider,False,,,0.6409,driver nashe mein tha,safety,-0.0065,False
d2c2af9a-e26e-4dae-a97d-d5513e4819a4,rider,False,,,0.536,money deducted from wallet without a ride,money,0.0508,True
cde69522-e132-4817-9dd6-deef09322639,rider,False,,,0.4959,final fare was much higher than shown,money,-0.2366,False
3abdb2cf-d6e3-4b1e-a672-5613b3d68659,rider,False,,,0.7453,captain asked for a tip,tip,0.0701,True
6128e948-8858-4b13-ae11-74b46e0c5164,rider,True,money,cheated,0.5521,charged a cancellation fee unfairly,money,0.0641,True
d197745f-5fbb-479b-ad32-548703764bf6,rider,False,,,0.5756,I felt unsafe during the ride,safety,0.116,True
5cf02762-805e-47a0-b0a3-ee58c20cfdfd,rider,False,,,0.5567,driver nashe mein tha,safety,-0.066,False
cf1b5995-673a-447b-90f8-526d7fa6f2e4,rider,True,safety;money,harassment;extra money,0.7332,the captain harassed me,safety,0.1065,True
426d0336-83ff-4ef7-9199-78b725a3e283,rider,False,,,0.4849,captain ne zyada paise maange,tip,-0.2641,False
44b16ebe-fbcc-411b-9c1c-feadd2a630dd,rider,False,,,0.6339,driver nashe mein tha,safety,0.0281,True
403665ec-953e-44e7-800e-0bc73b92c687,rider,True,safety;money,unsafe;fraudulent,0.5952,captain was driving rashly and dangerously,safety,0.1274,True
45731d57-cdd3-4ace-8d7b-acd866dc6915,rider,False,,,0.5374,penalty deducted from captain earnings unfairly,money,-0.0123,False
37ce7acc-e648-4103-8b42-4ba1b092942b,rider,False,,,0.5137,money deducted from wallet without a ride,money,-0.0269,False
5c7c5691-e5ff-4c4e-b021-208745e178d7,rider,False,,,0.556,captain ne zyada paise maange,tip,-0.3786,False
e37defdc-0b9f-4f81-9e7c-c1406cc0095d,rider,False,,,0.7088,driver nashe mein tha,safety,-0.1356,False
2e54091a-8e2b-43ec-86c7-ee814880b261,rider,False,,,0.614,paid but the ride never happened,money,0.0812,True
bf29a1a0-2635-49eb-84bb-b00edb5eeb8c,rider,False,,,0.4681,driver nashe mein tha,safety,-0.2038,False
e9c41ba8-7369-4156-bb86-e73bb0ad5440,rider,True,money,scam,0.6456,charged a cancellation fee unfairly,money,0.1437,True
1bf583fc-7c08-4f72-9cba-6b6c45768019,rider,False,,,0.6884,driver nashe mein tha,safety,-0.2745,False
2669f42b-31f9-434d-95d2-b8af58a307ba,rider,False,,,0.701,captain misbehaved and used abusive language,safety,0.1154,True
1e913148-5d8a-49d2-b93d-98beead9640f,rider,False,,,0.6495,app forced me to add a tip to get a ride,tip,0.0663,True
b58f0381-dd6b-4719-966f-e1da15d5269f,rider,False,,,0.7117,driver nashe mein tha,safety,-0.0191,False
ba76ad9b-6c8e-4e75-814e-ad23f600d0b1,rider,False,,,0.453,captain touched me inappropriately,safety,-0.0325,False
d504061e-6d3c-4d63-818b-c6cabfd55725,rider,False,,,0.4793,captain asked for a tip,tip,-0.1678,False
31e12901-d271-4a2a-926d-6d19dcc55cff,rider,False,,,0.5775,final fare was much higher than shown,money,0.0502,True
877f8af8-b19e-4687-b003-07b77c95b4e4,rider,True,safety;money,threatening;extra money,0.6643,final fare was much higher than shown,money,0.1225,True
c40e2a27-e6f8-4387-9f69-11fcb7ed0495,rider,False,,,0.7649,captain misbehaved and used abusive language,safety,0.1084,True
d3b7a234-ff2e-4d85-b745-5bfa45ed7730,rider,False,,,0.4758,I was charged extra money,money,-0.1633,False
7b5e0c06-ab0a-430c-9bc8-9d668097ebb1,rider,False,,,0.5511,driver nashe mein tha,safety,-0.0265,False
f4494029-8d54-4bed-8d89-6004a93eb722,rider,False,,,0.4977,driver nashe mein tha,safety,-0.0362,False
d7295be7-0e95-4587-bdd5-39639c972f9a,rider,False,,,0.4494,captain ne zyada paise maange,tip,-0.1875,False
86c92fcc-5e3c-45d0-a995-9f01e956226f,rider,False,,,0.6935,captain ne zyada paise maange,tip,-0.0534,False
dd204995-611d-46f7-a61a-3f80a4f069ea,rider,True,money,more money,0.6989,I was charged extra money,money,0.1843,True
b8165c25-b62f-4367-94e9-f81bb6e0587d,rider,False,,,0.4238,captain touched me inappropriately,safety,-0.101,False
0b5a8538-f8fc-4bb6-a1a7-3610d416da56,rider,False,,,0.5446,captain ne zyada paise maange,tip,-0.2232,False
e9cbb3fb-3f31-41de-80b4-a626ca27962b,rider,False,,,0.6491,driver nashe mein tha,safety,-0.0047,False
86c00377-857c-47fb-a43a-283b0135f19d,rider,False,,,0.6189,driver nashe mein tha,safety,0.0582,True
56700c09-f582-407c-ac60-820332a51845,rider,False,,,0.5314,driver nashe mein tha,safety,-0.012,False
7defd6bb-e3b9-458c-ab8f-456a3895004e,rider,False,,,0.7072,driver nashe mein tha,safety,-0.0997,False
3a8d38a3-77ad-4ec2-bdc0-b2c4f457ba28,rider,False,,,0.8089,driver nashe mein tha,safety,0.0242,True
baf64284-996d-4a9e-93c5-2b9ccf7f3b7b,rider,False,,,0.6254,captain misbehaved and used abusive language,safety,0.0327,True
99e78546-d5e6-47d7-9581-2fb5e8f5db92,rider,False,,,0.5299,money deducted from wallet without a ride,money,0.0256,True
0547132b-6255-42f6-bfd8-d3cbc6deadbe,rider,False,,,0.5903,driver nashe mein tha,safety,-0.1468,False
a8ac53d4-8d95-46c8-b946-36d64537b7e6,rider,False,,,0.5439,driver nashe mein tha,safety,-0.3229,False
8ff9f21c-1b20-40b8-99bd-591c6415d7f1,rider,False,,,0.4879,captain asked for a tip,tip,-0.1717,False
3e4a7b1f-03c6-4c47-90bb-fd27ba545b42,rider,False,,,0.5655,money deducted from wallet without a ride,money,-0.0161,False
c83deadc-7cd7-493b-b20e-fde987a9ff82,rider,False,,,0.5641,captain asked for a tip,tip,-0.3112,False
a380102a-279b-4da7-ba36-d91b3dfd32e9,rider,True,money,scam,0.5416,charged a cancellation fee unfairly,money,0.0237,True
61af6584-9b53-4f8d-a3d0-191a00d4bf88,rider,False,,,0.5886,driver nashe mein tha,safety,0.0617,True
31d74f1a-e3c9-495b-b7a4-8b9a4a7ea897,rider,False,,,0.7567,driver nashe mein tha,safety,-0.0827,False
cc2e9207-bb67-4750-a0d2-923b3d4edd3a,rider,False,,,0.5258,captain asked for a tip,tip,-0.3944,False
56f2c363-9b43-478b-b310-b0ea3fb36a7c,rider,False,,,0.5981,captain ne zyada paise maange,tip,-0.2962,False
d2af5cc3-8354-4e8f-9f43-e9965573dbe7,rider,False,,,0.5466,driver nashe mein tha,safety,-0.1193,False
3a0d6432-e1a3-4bfb-b047-ea92418cee99,rider,False,,,0.5629,final fare was much higher than shown,money,-0.0203,False
c54a564a-d6ad-44d3-b9eb-60f368ab3d42,rider,False,,,0.6717,app forced me to add a tip to get a ride,tip,0.0073,False
4a0447d1-a9a3-4adb-ab6e-4a51604fb495,rider,False,,,0.5553,captain ne zyada paise maange,tip,-0.2211,False
8a027dbb-ed7d-4e74-b045-403580e3487f,rider,False,,,0.5585,app forced me to add a tip to get a ride,tip,-0.0468,False
df09b677-6995-4a8e-8b9b-41faabdb4018,rider,False,,,0.6043,driver nashe mein tha,safety,0.0679,True
06ccc107-9c62-41d8-b28e-05e20dd3930a,rider,False,,,0.6022,driver nashe mein tha,safety,-0.1669,False
7924f37d-68c3-45bf-82af-771a793222e4,rider,True,money,extra charge,0.6917,I was charged extra money,money,0.1325,True
a5255754-3494-47ee-a7c5-f0803727fadc,rider,False,,,0.5107,app forced me to add a tip to get a ride,tip,-0.2178,False
8218b9a5-385b-48a6-8ab1-7ffd46c6df67,rider,False,,,0.4313,driver nashe mein tha,safety,-0.2696,False
c19a3f58-07e6-4f5f-b133-b41735400d79,rider,False,,,0.7932,driver nashe mein tha,safety,-0.0551,False
0fb07417-3f81-49bd-883a-6ac87afba9b5,rider,True,safety,helmets,0.5659,captain asked for a tip,tip,0.0009,False
6b0f868d-76b5-4903-9701-84b7c22260cd,rider,False,,,0.5673,captain asked for a tip,tip,-0.1288,False
24ad5e4e-370a-4f07-b96f-5ecb0a8e98eb,rider,False,,,0.7495,final fare was much higher than shown,money,0.2341,True
b00a5c17-6e43-4354-a2c4-abe33326dec6,rider,False,,,0.5839,I felt unsafe during the ride,safety,0.0068,False
ba0c973f-6290-4b47-a040-2c913a1f529f,rider,False,,,0.5733,captain ne zyada paise maange,tip,-0.0059,False
aea09c2b-4753-4196-aa50-c1dc6170f647,rider,False,,,0.6484,final fare was much higher than shown,money,0.0572,True
835c6838-29fe-47da-8142-d6fe91cbe5a5,rider,True,money,extra amount,0.6713,final fare was much higher than shown,money,0.1215,True
3552f6db-7dd2-4e6b-b691-20b4434aa234,rider,False,,,0.594,app forced me to add a tip to get a ride,tip,0.0254,True
725411f9-e43e-4440-a19b-e6e64ca774cb,rider,False,,,0.5674,driver nashe mein tha,safety,-0.2403,False
35617e9d-fd43-4748-8381-92f777dd3173,rider,False,,,0.4314,penalty deducted from captain earnings unfairly,money,-0.076,False
eef52b12-10c1-4d91-988f-d913df41159c,rider,False,,,0.5868,final fare was much higher than shown,money,-0.0981,False
818ed05e-d205-4966-8e83-528bf9395570,rider,False,,,0.6114,charged a cancellation fee unfairly,money,0.0621,True
b3281519-7fc1-46d0-85ab-ef83e682bdd1,rider,False,,,0.5309,app forced me to add a tip to get a ride,tip,-0.185,False
