review_id,app,month,at,rating,app_version,n_words,text
cfddf177-5fea-4588-b8b2-875080b1253f,captain,2026-03,2026-03-02T18:09:14+05:30,5,5.63.0,5,Nice 👍 You have to sir 😄
60e058fa-3016-43c1-be91-6589302a1f73,captain,2026-03,2026-03-03T12:56:37+05:30,5,,4,get verified super app
03554f86-cc9a-42ac-861c-ce8e51087346,captain,2026-03,2026-03-03T13:53:16+05:30,5,5.65.0,2,good aap
d303ef69-2708-443b-aa6a-aafb7014e4da,captain,2026-03,2026-03-03T18:09:35+05:30,1,5.65.0,43,work kiyato payament ka issue hai withdraw kiyato 24 hours bolega maine bank isssue 1 Bar nahi 2 bar boleto chalega isame month me 5or 7 bar aise hi bolega app me withdraw ki problem hai emergency me hamara paisa hamko nahi doga bank problem bolege app
939d5098-f4fa-40bb-b14d-39a4a910bb68,captain,2026-03,2026-03-03T20:40:15+05:30,1,5.65.0,24,"this app is not open i using past 1 year after not using but I still now use this but not working, waste of time"
e9babc19-3388-4c5a-ba5e-5bf0f741ef30,captain,2026-03,2026-03-04T03:46:16+05:30,5,5.65.0,3,ok not happy
d5805299-3035-4e6b-a331-3db41d074457,captain,2026-03,2026-03-04T09:56:40+05:30,1,5.65.0,72,"why am I being penalized for an order that I didn't cancel??? even the one that I cancelled are because the customer did not pick up the call!!!!!!!!!!The other thing is that, the commission is too much, after the commission is deducted, the money earnt hardly covers the fuel expenses. out of 6 trips, I earn around 270 but it consumes around 3 litres of petrol, so there's no penny left for my labour."
263069d2-ee17-4415-91dd-3787655cc825,captain,2026-03,2026-03-04T22:03:18+05:30,5,5.65.0,1,supper 👌
428cf777-8bb3-41be-a3c3-6c468456e00b,captain,2026-03,2026-03-04T22:27:44+05:30,1,5.65.0,2,ghatiya service
8bd2827a-f208-4209-8f9b-db60e5891558,captain,2026-03,2026-03-05T06:00:49+05:30,1,5.65.0,4,very 3rd class app
0df9bc76-16ee-4f96-9fe9-633707f7220d,captain,2026-03,2026-03-05T15:57:35+05:30,5,5.65.0,3,good for drivers
0842d494-8c61-4aab-9a04-c3f7148acafd,captain,2026-03,2026-03-06T17:22:27+05:30,1,5.65.0,4,very bad lower earning
c4193a7d-1d6f-411b-bab2-90f5ccc49bbc,captain,2026-03,2026-03-07T11:48:37+05:30,1,5.65.0,12,most horrible app and map is worst management is badmneed to update
445cc9ea-eb7b-4d80-9d2b-db2f3fb09267,captain,2026-03,2026-03-10T19:46:57+05:30,4,5.66.1,54,Good experience..using from 2 months...please reduce the calling sound while order is called and the vibration . And also today there was no customer in pick up and after 10min of waiting he messaged me wrong number and no mistake from my side.....point became minus one ....this is not fair please update this
811e583e-4422-46f9-a8c1-b550f3bba742,captain,2026-03,2026-03-11T13:59:01+05:30,5,5.66.1,2,super hdd
2fbd24a4-5621-4386-a726-37a418c46272,captain,2026-03,2026-03-11T16:57:47+05:30,1,5.66.1,32,this is waste app 🤮 because it was telling u r DL request is under verification please wait 24 hours this not giving any response still 4 days over now also giving same that type
a91e1fed-1185-4fb3-8d29-6465dc908b51,captain,2026-03,2026-03-11T23:38:34+05:30,1,5.66.1,7,not give government fare rapido became theft
c810d9f6-89f5-4904-bdda-6dca2d7447fb,captain,2026-03,2026-03-11T23:52:01+05:30,1,5.57.0,67,Customer care has no manner to talk to the captain it means they receive poor training. as per customer care the captain can take 30- 50 min for riding 2km. It's very pathetic. they have to know the customer is not a fool to pay. They are under the impression that the map shows the correct but it's false. i am very disappointed in the application and customer care.
0d49dfcc-6663-4c9a-a444-54f5ec7beb9c,captain,2026-03,2026-03-13T11:09:23+05:30,5,5.66.1,4,better for income doury
06da685c-78b0-4bfb-84d9-cd8ac0184937,captain,2026-03,2026-03-13T13:43:01+05:30,1,5.63.0,28,tum logo ko ride accept nahi karni hoti toh account kyu banvate ho tumhare liye ham thodi kamate hai ki 50rs add kare or tum hame lekar jao
0452fe0c-a758-4a6c-b9e5-b88dc7a77819,captain,2026-03,2026-03-17T07:18:23+05:30,1,5.67.0,101,this is a very cheap app very bad app company was not supported a rider. bhai bekar rahe hai ya aap ise koi bhi download na Karen Na Koi se chalayen Hai rider ko support nhi karti hai aur nahin rider ki koi help Karti Hai commission lene ke liye theek hai aur GST lene ke liye theek hai ek commission aur GST to Kat leti Hai aur rider ki help ki madad aati hai to bol deti hai ki aapki headache hai yah hai vah hai. rider ismein Puri tara unsafe hai . inko sirf apni commission se matlab Hai bs.
b2e1eee1-57f9-43fa-9a54-cb1fde445659,captain,2026-03,2026-03-18T10:59:48+05:30,1,5.67.0,31,"बकवास ! रेपीडो टॅक्सी गर्वमेट का रेट चालू करो? लोकेशन गलत, किलोमीटर का गलत दिखाता है?"
8c551896-1f97-44c1-9b7c-06d85aa49e53,captain,2026-03,2026-03-18T11:32:51+05:30,5,5.67.0,8,rapido best captain app rapido income best app
7be7cdf3-90ad-48c1-8e28-4560d1c5ad27,captain,2026-03,2026-03-19T14:27:26+05:30,1,5.67.0,5,worst delivery app in India...
8b53eb13-c357-4bd8-94de-a6d8b7b0d700,captain,2026-03,2026-03-19T17:06:20+05:30,5,5.67.0,3,beautiful earning platform
c4c03016-d946-46ec-b3de-ff0ec7471664,captain,2026-03,2026-03-19T20:56:00+05:30,1,,5,very low rate for drivers
a6c2a292-bccb-43aa-97a4-af8e2ffd70da,captain,2026-03,2026-03-19T21:14:35+05:30,5,,7,very nice 👍 good ride warking drawing dr.
9b59e4e8-e108-4dc2-8199-2f0b52605b1a,captain,2026-03,2026-03-20T11:23:14+05:30,5,5.67.0,4,Good 👍 earning money 💰 opercnity
80c43149-eebd-4e84-a78d-f6f0b46446cf,captain,2026-03,2026-03-21T06:55:12+05:30,1,,22,Very Worst App pays a minimum amount to riders no support from rapido staff no security for riders unnecessary deduction from wallet.
52283d39-bd1d-4011-a291-5edfdbec3bab,captain,2026-03,2026-03-21T11:57:24+05:30,5,5.67.0,2,supper nice
de47de9e-fc1c-40b1-a47e-fb838c77083f,captain,2026-03,2026-03-21T16:47:36+05:30,1,,96,"Why don't you give the customer the same value as a rider? Does that mean a rider is a loser? Does that mean you don't have feelings? Does that mean you are the only one doing the job? The customer did not respond to the call. The verification call would go out and then the ride would be canceled. Then when the customer was told to cancel the ride, why didn't the rider get a verification call? You took it as an opportunity and asked the rider to cancel it yourself, giving them a bad mark."
fa0ddf9c-aeed-41e9-9574-0c1d3dfe69c9,captain,2026-03,2026-03-23T09:23:01+05:30,5,5.63.0,9,"daily erning but charge very much, charge less please 🥺"
f24bad29-1210-43f0-aa68-6c68b72eb620,captain,2026-03,2026-03-23T11:42:30+05:30,1,,4,rapido commission chor he
405f7462-ad86-43ea-bd7b-dcca80d620d1,captain,2026-03,2026-03-24T11:51:43+05:30,1,,119,बहुत गलत पॉलिसी है जब captain location पर पहुंच जाता है उसके बाद me customer ride cancel karta है ज्यादा लोगों को बैठाने से मना करने पर ride cancel karta है तो उसका पैसा नहीं मिलता है जबकि rider location पर पहुंच गया हो तो पैसा मिलना चाहिए पॉलिसी change करना चाहिए 7 km पर किलोमीटर सिर्फ drop location का मिलता है pic up का कुछ नहीं मिलता है बेरोजगारी का फायदा rapido ही उठा रहा है सीईओ को कुछ करना चाहिए
6ea51cae-7303-45b1-ad1c-0e6806b28fa0,captain,2026-03,2026-03-25T17:49:08+05:30,5,5.68.1,3,truly good awesome
43fc3407-4fb4-46bc-9c7c-385c2b46faa5,captain,2026-03,2026-03-25T21:43:34+05:30,1,,2,fraud company
7cddaaa1-0695-4ba2-99d8-a0baf5f54de7,captain,2026-03,2026-03-25T23:12:22+05:30,1,5.68.1,19,fair update hone ka time 11pm karke galat kiya gya or 50rs tak ki koi ride nhi honi chahiye
f6b353ea-9b7b-44fd-a46c-a329d9c40cec,captain,2026-03,2026-03-28T17:21:28+05:30,3,5.69.0,50,"Some arrangement should be made so that a small amount of assistance is provided from Rapido to their captain. The application for credit was showing in the story, but when I inquired about it, the customer care did not have any information and then it was removed from the story."
11fd40c0-a6c9-48f6-86d6-06d4d8e9c1ca,captain,2026-03,2026-03-29T07:10:15+05:30,3,5.69.0,23,some time customer canceling in the pick up and some body playing my star point going down and distance calculation also big issue
0065dc49-4c68-4119-b6e5-009329de1fc2,captain,2026-03,2026-03-29T08:58:48+05:30,1,,4,not a safe rapido
f7f67f0a-4831-4b4e-93ef-a7b9817e4da9,captain,2026-03,2026-03-29T16:34:33+05:30,1,5.68.1,9,document verification processing is poor lots or Westing time
ef04d272-1a45-420b-8c40-fde106dc4450,captain,2026-03,2026-03-29T20:14:20+05:30,1,5.3.6,17,petrol service charges dine din badhche ar rapido company dine din rate ka kom korche baler kaj
8b389e37-171b-4910-9fb6-01c61f88c988,captain,2026-03,2026-03-30T09:40:17+05:30,3,5.69.0,50,"I am trying to login to my profile from my new phone but it shows as the maximum device limit Exceeded, even though i signed out from my devices i used previously but showing the same and asking to use the device you logged in with last time. please assist."
cb180212-63ac-4f7d-81e7-04c8f39f7b32,captain,2026-03,2026-03-30T16:34:39+05:30,5,5.68.1,1,exllint
5f697592-4292-43ad-ac1e-d0f24b70bf0d,captain,2026-03,2026-03-30T16:39:54+05:30,5,5.68.1,2,good Parfom
b65f1951-0168-4f5a-bef4-20af6d4bd4c0,captain,2026-04,2026-04-03T00:43:15+05:30,5,5.69.0,2,beri nais
65ebd73e-7c2d-478b-b4f3-dcc900834fd7,captain,2026-04,2026-04-04T16:45:39+05:30,4,5.69.0,13,Getting ads in between n getting stuckup slow in opening n running also
32422937-da6d-433a-9452-1a5c1856d3ea,captain,2026-04,2026-04-04T20:07:29+05:30,5,5.69.0,4,earning ka best option
44876c79-241b-464b-a1b7-a813fbb7f26f,captain,2026-04,2026-04-05T00:59:58+05:30,2,,59,"Map is so bad, always takes the worst route possible and also has so much Delay. Not able to know which direction in the beginning unless you start moving. This is really a serious issue. Please make it to directly open in Google Maps app. And also I'm never getting cancellation charges when the customer is cancelling the order"
7158acfb-50e9-474e-8e05-c354cefce90a,captain,2026-04,2026-04-05T04:15:56+05:30,5,5.69.0,2,help senter 😔
7e77a1df-7ffc-4086-9ad1-819720428e13,captain,2026-04,2026-04-06T01:13:30+05:30,5,5.67.0,4,net nahi chal raha
d83b0c37-2f38-466d-a322-4736d24e8d64,captain,2026-04,2026-04-06T11:20:42+05:30,1,5.69.0,13,paise transfer me bahot problem aa ti he aur earning bahot kam he
3b444dc4-f514-4860-97e3-bdd64172cc04,captain,2026-04,2026-04-06T11:48:47+05:30,1,5.69.0,15,Aaj app me ride end karne ke baad payment scree back nhi ho rha hai
c4a33c5d-f9e8-4e46-b6fc-05822534f10d,captain,2026-04,2026-04-06T11:55:10+05:30,1,5.70.0,1,fraudsterss.
9d34b3ed-15b6-4dec-bb5e-8f57432d846a,captain,2026-04,2026-04-06T13:13:01+05:30,2,,5,worst app properly not working
40bef2fb-3800-4f9f-b974-a2ec89a24591,captain,2026-04,2026-04-06T14:00:54+05:30,1,,2,not working
f8f47f45-cc80-465b-bf41-19804c027d72,captain,2026-04,2026-04-06T14:46:43+05:30,1,,4,no help and support
9ce12bdd-9a36-44b5-83c1-c788a7a8e750,captain,2026-04,2026-04-06T15:21:00+05:30,1,5.70.0,24,"I have already received payment in upi app, but unable to complete payment in app by clicking cash collected. The dialogue comes: ""Payment Failed"""
03cef4ee-c6f0-4450-b0de-36beaac1f7d2,captain,2026-04,2026-04-06T19:48:24+05:30,5,5.70.0,2,deepak Good 👍
e53eebf7-b871-44bd-85f8-d084977e7da0,captain,2026-04,2026-04-08T16:34:06+05:30,1,5.70.0,3,bad 😔😞😡 zero Star 😡
d29ab8ee-e888-406a-ba0b-4df1e96d5d90,captain,2026-04,2026-04-09T18:52:57+05:30,4,5.70.0,20,యాప్ లో సమస్య ఉంది అప్పుడప్పుడు సరిగ్గా పని చేయట్లేదు
1fab130e-896a-4da6-9e5d-ff69c5feb9d6,captain,2026-04,2026-04-09T18:55:40+05:30,1,5.70.0,5,app is not working properly
0f6a3b91-266f-46f5-a49e-1dd38d9f8ea2,captain,2026-04,2026-04-09T19:07:48+05:30,1,5.70.0,2,not working
9b80d87f-cb87-4a57-b0fa-eacc910b7c13,captain,2026-04,2026-04-10T07:18:53+05:30,5,,19,main open nahin kar pa raha hun login nahin kar pa raha hun Mera app chalu kar dijiye please
80cd29ee-1822-40a2-be68-da2569eac74d,captain,2026-04,2026-04-10T09:28:29+05:30,5,5.70.0,7,your GPR is location this very lost
f19fa592-b7a1-44b7-a7a9-16ebf6643a98,captain,2026-04,2026-04-10T16:33:17+05:30,5,5.70.0,3,jordar app he
97318450-ff56-4a2c-91d4-5a49dfda3ab3,captain,2026-04,2026-04-11T19:57:39+05:30,5,5.71.0,4,Nice app best earning
6b201ae8-1a19-40aa-aafd-00358d60ae00,captain,2026-04,2026-04-11T20:42:42+05:30,1,5.70.0,3,vary bad app
83be8616-9a8a-48fd-8bf1-6ddaffde51b0,captain,2026-04,2026-04-14T19:48:47+05:30,1,5.71.0,17,"Latest update consumed more data, rapido app eats 3gp data per day. please fix this issue asap"
dbd63722-baed-428e-b59b-0a2e5bacfa90,captain,2026-04,2026-04-15T15:48:19+05:30,1,5.60.1,95,టు ఇయర్స్ మై రైడ్ సబ్ స్టేషన్ ఫీజ్ కిలోమీటర్ 3rs ఇ సిస్టెంట్ రేటింగ్ బైక్ టాక్సీ ₹5 కిలోమీటర్ 234 కిలోమీటర్స్ పికప్ లొకేషన్ నో పెయిడ్ పెట్రోల్ 50% సబ్ సెక్షన్ 50% 100k.m paid 500rs vastadi కమిషన్ జిఎస్టి 35/₹పర్సంటేజ్ మైనస్ ఓన్లీ డ్రాపింగ్ లోకేషన్ పెయిడ్ మానీ మై పర్సనల్ ఎక్స్పీరియన్స్
948fe38f-7e82-4092-8a02-d4936b5062d3,captain,2026-04,2026-04-16T18:10:05+05:30,3,5.71.0,29,it's shows long route rather than short routes even if it is available please look into that issue. It is waste of time. to both customer and the captain.
7f9465b6-d42e-4464-a482-1e7ceafdc6d7,captain,2026-04,2026-04-17T21:29:32+05:30,5,5.71.0,10,rapido captain login nahi ho raha hai please login karo
f3c87962-bd6a-4e13-897b-4ef1cf04b590,captain,2026-04,2026-04-20T06:56:00+05:30,5,5.72.1,5,rapido very good very well
111dac61-7e6f-4af3-bfd3-5f54d3acba71,captain,2026-04,2026-04-20T19:30:20+05:30,1,5.72.1,3,very lowest rates 😕
f0ee0905-d777-4d65-962f-41ac0868f84a,captain,2026-04,2026-04-20T19:37:57+05:30,1,5.72.1,5,Your rate is too low.
293d7bbe-5afd-4792-bcfd-aeb5499949f5,captain,2026-04,2026-04-23T15:32:15+05:30,5,5.72.1,3,very good quality
e9b58e0f-ff7f-4fd7-9e36-c5f8eef58b62,captain,2026-04,2026-04-23T22:01:04+05:30,4,5.72.1,6,very cheap rate for rapido drivers🥲
cfd0fc39-599a-4057-abff-747a1e561d7e,captain,2026-04,2026-04-24T06:12:17+05:30,3,5.72.1,36,worest app in small city .. less length rides..tax +plus raipido comission+ petrol cost ...😂😂 if ugain 500 full .. u will get free body's pains and time waste 2 days for relax ... better to skip boys .. waste of time ..
ec360313-7220-4f38-8ebf-b52784566997,captain,2026-04,2026-04-25T10:41:18+05:30,1,5.72.1,9,mobile is getting heat heavily while using the app
8d4eebf2-6768-48c6-bacd-a0e6701c20c5,captain,2026-04,2026-04-25T12:24:54+05:30,5,5.72.1,14,"Rapido is a very good app, it is a good way to earn money."
e0ece3a6-1a17-4ba7-9b32-c2a734811277,captain,2026-04,2026-04-25T14:02:35+05:30,4,5.72.1,9,update required in map navigation and also customer care
a7e499a6-d21a-4d87-b5cb-84ea617081cb,captain,2026-04,2026-04-25T14:20:03+05:30,5,5.72.1,1,happy
2f2b9e71-9c17-45fd-a8a2-dce9d199c75b,captain,2026-04,2026-04-25T14:56:20+05:30,1,,26,Rapido Rider is facing issues to receive froud calls and transfer to many. My question is to Rapido CEO Rapido Rider's Data your responsibility or not ?
bb307978-9bf6-4f1f-bff8-39503ec45ad1,captain,2026-04,2026-04-25T17:35:51+05:30,4,5.72.1,36,when receive ride it show 10 km after entering otp the km will excess but the extra km price is not added it's very difficult and the customer also not willing to pay extra for extra km
6887e00f-bb1e-4598-b8d2-9612baa03fb5,captain,2026-04,2026-04-26T14:07:46+05:30,5,5.72.1,5,why subscribtion is always 7 days?
30077a5a-09aa-4e84-8dcd-396d1cc3193f,captain,2026-04,2026-04-27T14:02:44+05:30,5,5.72.1,5,good source of side hustling
c78920a8-9bd5-4f23-b51e-23bf9152190b,captain,2026-04,2026-04-27T14:17:50+05:30,5,5.72.1,69,app to bahut achhi he par kuchh customer bekar atehe parcel 📦 option he to bhi customer pessenger price mehi parsel lejane ko bolte 2 beg hi alaud he to customer zyada beg rakhte he or uper se jayada pese bhi nahi dete he or kabhi kabhi to 3 pessenger ke sath 2 ya 3 bade bachhe bhi hote he or bolte he ke yeto bacche he unka pesa alag se hum nahi dege
cefe9f1c-b8a1-44d0-9f7a-8956f13e4de0,captain,2026-04,2026-04-27T14:31:28+05:30,3,5.72.1,15,Rapido commission very high 17% + GST Ride plan also high & customer care service is not good
5fd8a315-754b-4b7b-9342-b72f24d80eb8,captain,2026-04,2026-04-28T14:50:54+05:30,1,5.73.0,3,ritu crddu low
5a5d9e77-b112-42b5-87ee-8173a5c76bdb,captain,2026-04,2026-04-29T14:13:33+05:30,1,5.73.0,19,worst app. different cities have a different rate for km. so the drivers are asking for an extra amount.
b9093d35-5068-4bc9-9164-428a50cc3dec,captain,2026-05,2026-05-01T14:19:31+05:30,1,5.73.0,39,अपडेट साठी नोटिफिकेशन येते आणि जेव्हा अपडेट करायला प्ले स्टोअर मध्ये जातो अपडेट करायची गरज नाही असं दाखवतोय
c9c3e7e1-7866-42d0-9a63-1b2c6da4953b,captain,2026-05,2026-05-01T14:37:22+05:30,5,5.73.0,6,i am not getting daily incentives
6988e197-69db-4f4b-a77d-82df07a19cf7,captain,2026-05,2026-05-01T20:37:45+05:30,5,5.73.0,89,"Rapido is more than just a ride;it feels like a quiet support in life’s busy moments.When you are late,tired,or stressed,Rapido arrives like a small relief.The simple greeting of the captain and the cool breeze during the ride bring unexpected comfort.It’s not only about reaching your destination,but about feeling safe and cared for along the way.For many,Rapido is not just transport—it’s a helping hand that shows up exactly when needed,turning ordinary journeys into moments of ease,trust,& calm"
892a84b5-b687-4010-a0d2-273dc630356d,captain,2026-05,2026-05-02T07:23:13+05:30,5,5.73.0,2,nice day
13788bc4-cba5-4540-b204-13841b20ac6b,captain,2026-05,2026-05-02T09:03:40+05:30,5,5.73.0,12,rapido ek bahut hi badiya platform h part kamayi karne k liye
5c1bc0b1-95f8-44f9-bfbf-05f168f41da8,captain,2026-05,2026-05-02T14:07:19+05:30,5,5.73.0,3,nice inkam appa
c4bb04f4-3b3f-4ced-993e-b99cf59fbfb6,captain,2026-05,2026-05-02T14:10:15+05:30,5,,6,just woww..... plz update navigation system
6caa8e29-8638-4788-ba03-d511255dd621,captain,2026-05,2026-05-03T14:04:33+05:30,4,5.74.0,2,bad earning
5bf5517e-4746-49f0-9a4f-f65dfc6cae2d,captain,2026-05,2026-05-04T19:29:35+05:30,1,5.73.0,2,faltu company
b70295d8-dc0d-4d96-86e1-04609175c00e,captain,2026-05,2026-05-05T21:04:33+05:30,5,5.73.0,2,low rate
2414be94-53f3-486f-8227-4b47d970730b,captain,2026-05,2026-05-07T14:28:47+05:30,5,,14,ALL SYSTEM Good ONLY TWO MISTAKE THIS APP GST AND OTP SYSTEM NOT GOOD 😡😡😡😡😡
6d0d0af9-0020-4443-9dd7-d341d089291f,captain,2026-05,2026-05-10T12:23:50+05:30,5,5.74.0,7,"earn more money, to lead our life"
2735da3a-8890-44ef-93cb-33b4bb8248ec,captain,2026-05,2026-05-10T19:35:51+05:30,1,5.74.0,7,customer support nahi mila pa raha hai
20933e2c-6feb-4070-a91a-5dc54230cf95,captain,2026-05,2026-05-12T01:02:21+05:30,1,5.74.0,24,It's a best app for earning and one thing is very very bad that's a took too much commission waste ap bullay ka app 😕
d8c04041-bba7-41e7-8811-19f3f04c8fe8,captain,2026-05,2026-05-12T12:01:37+05:30,1,5.75.0,8,rapido company chor driveron ka Paisa khati ha
1b2f0a27-b6dc-413d-b05a-fd68c46c9bf4,captain,2026-05,2026-05-12T18:17:21+05:30,1,5.38.0,4,faltu ret det ahe
1216eb65-9cfe-44ad-9980-5459f93700bd,captain,2026-05,2026-05-12T20:56:25+05:30,1,5.75.0,5,per /Km so low ammount...
bc99bc91-12c7-4287-98fd-97c3e02d11de,captain,2026-05,2026-05-13T17:07:53+05:30,5,5.75.0,2,veer good
73c0812c-92e4-4ee8-9e3f-caaa971f8be4,captain,2026-05,2026-05-14T19:20:59+05:30,1,,6,Very Bad behaviour customer care service.....
3f15fd65-d49d-4e91-be85-523f0f1598c0,captain,2026-05,2026-05-15T23:58:20+05:30,5,5.75.0,6,वेरी गुड सुपर
1a5f2194-ee7c-4220-8008-8651bf9bbe13,captain,2026-05,2026-05-17T01:43:11+05:30,1,,50,"i had work with you above 5years but you still acting .examples commission,parcel delivery,food delivery but still you won crazy rapido .I knew and now I'm going to ignore you .oh one more thing you collected commission from me more than you need a great artist like you're😆😆😆😆😆😆😆😆😡"
697ed7de-cc2c-4f22-a3c4-aca9af062a4f,captain,2026-05,2026-05-17T02:06:41+05:30,2,5.75.0,7,customer support very poor.. not propar mail
a7c4fdf7-ed26-44e5-bbcb-463552f8cd2e,captain,2026-05,2026-05-17T11:06:22+05:30,5,5.75.0,5,VERY GOOD & HELPFUL INCOME PLATFORM
daf22699-e143-4759-bee4-114ad0cb80a9,captain,2026-05,2026-05-18T04:14:52+05:30,1,5.75.0,47,"This app is a spy, it forces the user to adhere to ""Allow location access all the time"" instead of ""Allow location access while using the app"". why this app wants to have my location all the time. It is a violation of my and others privacy."
89e01a27-9b0f-4b55-9ed8-91afe7cf7c35,captain,2026-05,2026-05-20T13:27:29+05:30,2,,18,not reply from costumer care end i tried many times for help 😕 please look into it matter team..
826a0aef-04f0-47cb-9d4a-6f8cbf0705a6,captain,2026-05,2026-05-20T14:23:32+05:30,2,5.76.0,3,very low price
0c3c298e-96a1-4b46-b29d-67900047de27,captain,2026-05,2026-05-20T20:48:34+05:30,5,5.74.0,25,it's very good work but afternoon time is Rapido captain is poor giving Money bat it's ok 1 quverre there is no ese perfectly time....... thanks 👍😊
f19cd1b2-f949-4c94-b008-1bbbd36b0872,captain,2026-05,2026-05-21T17:08:22+05:30,2,5.76.0,80,"couldn't reach out to the customer support in case of emergency and also when the customer cancels the ride after reaching the location,i never received the cancellation charges for that , there's no option to undo things according to our will ,for example I have mistakenly clicked on the bike boost option, there's no undoing it please be aware of these things as a rapido captain, there's no proper framework in rapido app strongly condemn the framework of the app"
3a5f9195-a996-4758-9465-9fdc1caf97f3,captain,2026-05,2026-05-22T17:52:52+05:30,3,5.76.0,8,customer support no. in food delivery no working.
49b9dfc9-7a8a-46ca-81cc-b96ae61a1ad6,captain,2026-05,2026-05-24T16:26:13+05:30,1,5.76.0,4,not able to login
d3b17002-4428-4ef3-8e88-03704c46480e,captain,2026-05,2026-05-25T18:39:24+05:30,1,5.76.0,4,costomer care bad bad
e8145aad-47b6-43c3-b829-79d630df956e,captain,2026-05,2026-05-26T23:21:00+05:30,1,5.77.0,60,chor company hai bhai apnii 1 lakh ki bike ko mat kharb karo dehli main 20 rs main 5 km bike calwti hai usme bike ka petrol bhi nahi niklta food main panelty lagti hai app restaurant par agar order nahi mila to apni din bhar ki kamai bhool jao company apna commission nahi chodti app rapido main ride mat ola uber karo
36a0a25d-04e0-4178-ba64-cece5dda21bc,captain,2026-05,2026-05-27T12:34:48+05:30,5,5.77.0,2,bast aap
b31a7169-4724-4d27-8aac-159fdd2de450,captain,2026-05,2026-05-28T15:56:20+05:30,1,5.77.0,8,Very bad experience with Rapido Team and App
124f3e64-b47f-41fc-b83a-5414b15be7d2,captain,2026-05,2026-05-29T04:02:16+05:30,5,5.77.0,15,very good for earning money ones u go on duty imidiatly u get started order
45ee726b-eff2-46fd-afbf-60c93755428f,captain,2026-05,2026-05-29T08:42:51+05:30,1,5.77.0,8,it is taking more time for documents verification
7285d25b-b79e-454c-895d-2f1fc98304ea,captain,2026-05,2026-05-30T09:05:15+05:30,5,5.77.0,73,"I want to say one thing as a rapido captain, customer support needs to be improved while any rider rides or delivers a food order there's no customer support provided to solving their problem and after wrongly suspended or deducted money from the wallet . please check it out as soon as possible the riders are in a big problem of not provided customer support of SHIPROCKET,MAGIC PIN while delivering a food order."
70515df5-38b8-4b67-ba42-a790521a2278,captain,2026-06,2026-06-01T21:17:30+05:30,5,,4,بہت اچھا کام ہے
c9929f6b-b34c-472b-ae15-fe8f9efac0f8,captain,2026-06,2026-06-02T16:07:05+05:30,1,5.75.0,2,chor app
c695b563-6d10-4588-b9d0-f7c3ee5ba6d8,captain,2026-06,2026-06-03T17:34:40+05:30,1,5.78.1,5,I am not getting orders
bd5534e8-ed92-4009-a638-9f668911dc8d,captain,2026-06,2026-06-03T20:13:13+05:30,1,5.77.0,9,fraud company nothing showing in app match to reality
3fd5d417-aafe-4c7f-880f-bc17ac784046,captain,2026-06,2026-06-03T20:53:51+05:30,1,5.78.1,17,worst in app only support customer not support riders when customer cancel ride add next 50 rupees phenolety
5a955adb-4bb9-4168-b90d-66b801c8672b,captain,2026-06,2026-06-04T11:09:42+05:30,5,5.68.1,4,its gud to do
1cb58e9b-330b-4c58-8712-b2eac0642f62,captain,2026-06,2026-06-04T18:42:38+05:30,2,5.78.1,20,slow app hangs many times without reason many ride due to that. Calling and messaging the customer is bit difficult.
ccb1ae2a-8221-4469-a153-027700dcd288,captain,2026-06,2026-06-05T23:28:03+05:30,2,5.78.1,16,parcel me drop location PE customer OTP Nahi deta presani hoti he call support not good
de2f391d-655a-4d9d-94ea-6fd93679a889,captain,2026-06,2026-06-08T11:04:00+05:30,5,5.78.1,3,Enjoy the ride
f6ef9e71-664d-49e2-a695-b7ac22e233a5,captain,2026-06,2026-06-08T13:29:11+05:30,5,5.79.0,4,Great grand 👍 👌 👏 🙌 😀 ❤️ superbly happy 😊
b6584e99-0a52-4832-bcf5-092f83fa0f02,captain,2026-06,2026-06-09T15:21:37+05:30,1,5.79.0,33,if you have proper customer support team don't run public transport services whatever we ask they told only not able to do our side then why rapido spend money to customer support team
025d6eab-e18d-4d84-a20d-5fd6c26e418f,captain,2026-06,2026-06-11T00:23:05+05:30,1,5.79.0,14,app is good nee guddhalo modda commission thagginchukora 100 rs sampadhinchukunte 26 rs nuve dhenguthunav commissions
1e84bfdd-95e1-439b-bafc-d5287467c677,captain,2026-06,2026-06-11T07:31:57+05:30,1,5.78.1,44,Am driving as a captain for past 2.5 months still i couldn't get EXTRA SERVICE i just keep on reporting about this but still there is no clearance for me. Then in my city KM fare is totally less and there is no insensitive too
48cac729-0b52-4e20-bd1e-7590522bc3e7,captain,2026-06,2026-06-12T09:31:51+05:30,1,5.79.0,21,app update ke baad se ride aana he band ho gaya hai or na he surge area show kr rha he
c5e5df12-46ea-4ac9-af39-2c3313fca90f,captain,2026-06,2026-06-15T12:42:05+05:30,5,5.79.0,2,ok ko
921e7800-3412-470b-a7ac-8540c282fe30,captain,2026-06,2026-06-16T10:16:45+05:30,5,,5,my account not under verification
21152177-0843-4b41-953c-c15eb18d2a2a,captain,2026-06,2026-06-17T10:56:41+05:30,5,5.80.0,9,iLIKE TO RIDE RAPIDO CAPTAIN BUT ORDER IS LESS
428915a1-6436-4acf-acc2-bf9e65748110,captain,2026-06,2026-06-17T21:30:31+05:30,1,5.80.0,5,Worst support from rapido service.
768f4b03-f6c5-40c1-a695-54518686ee93,captain,2026-06,2026-06-18T00:58:22+05:30,1,5.80.0,61,"I have been a Rapido Captain since November 2025. For the last three weeks, my 5-star ratings have not been reflected, even when customers rate me 5 stars in front of me. Instead, I receive ratings like 4.3, 3.9, 4.2, 4.5, and 4.8, and my app now shows ""Bad Performance."" I always provide timely pickups, maintain a clean bike, wear helmets, and behave politely. Please investigate this issue."
d1e2f53d-5fdf-4b7c-8ff6-208d70d68adf,captain,2026-06,2026-06-18T13:54:49+05:30,5,5.80.0,8,customer support system is very good n supportive....
c505e354-8107-46db-b003-777eabce7233,captain,2026-06,2026-06-18T23:42:42+05:30,3,5.80.0,122,"सुलतान पुरी मंगोलपुरी आदि जैसे दिल्ली के इलाकों में शाम 8 बजे के बाद कस्टमर राईड बुक करके केंसिल करते रहते हैं। रेपिडो को शाम आठ बजे के बाद राईड केंसिल करने पर किराए से आधी पेनल्टी लगानी चाहिए, चाहे पिकअप 100 मीटर की ही क्यों न हो। अगर रेपिडो केप्टन पिकअप लोकेशन पर पहुंचकर राईड केंसिल करता है तो भी कस्टमर पर पेनल्टी लगनी चाहिए। शाम आठ बजे के बाद।"
6150720f-bd36-4cf2-bf34-36428d767f16,captain,2026-06,2026-06-19T02:56:21+05:30,1,5.80.0,15,rate very cheap 2026 petrol price 114 1ltr price very low 10km ride 50/60/70 rupes very cheap rate
20d3811d-723a-4d4a-8d39-f781bf362368,captain,2026-06,2026-06-19T22:29:15+05:30,2,5.80.0,5,"pricing very low, every order"
000d5510-4208-47dd-ac3e-1132c7ca77d9,captain,2026-06,2026-06-22T08:12:26+05:30,2,5.80.0,86,"I am not receiving daily incentives as the incentive option is currently disabled on my account. I kindly request you to enable and add the daily incentives for me. In Raichur, ride fares are very low while petrol prices are quite high. Under these circumstances, it is very difficult to continue doing rides without incentives. I request you to treat this matter as urgent and enable the daily incentive option on my account at the earliest. Thank you for your support. I have mailed the query"
058cb756-4770-485f-9bdf-34494de9bd3e,captain,2026-06,2026-06-23T00:59:00+05:30,5,5.80.0,3,nice jab platform 👍
30f0d976-63f4-4402-8b57-bbe75650aec8,captain,2026-06,2026-06-23T23:27:17+05:30,5,,2,great work
9994f0c3-4eeb-4afe-a823-c83eba99db67,captain,2026-06,2026-06-24T11:35:24+05:30,1,5.80.0,13,nothing in ride & lo ret par km par day income in 300 rupees only
de960d42-a3a4-46f8-931e-e0eecc138857,captain,2026-06,2026-06-24T19:11:24+05:30,1,5.80.0,6,very very worst app zero rating
e3447d8d-7207-41cf-ab56-0cf2a507beb9,captain,2026-06,2026-06-25T17:51:15+05:30,1,5.81.0,78,"This app has the worst support ever. They unfairly charged a ₹750 penalty on my account without any fault of mine. I accepted a food delivery, reached the shop, and found items out of stock. After a 20-minute wait, the shopkeeper told the customer no food was available. I tried calling support multiple times, but no one answered, leading to an automatic system cancellation. My account was wrongfully suspended and fined ₹750. They refuse to remove it. Utterly disgusting support! 😡😡"
4f9a7c2b-381f-4e81-a3b3-9e12df1e6c3f,captain,2026-06,2026-06-25T22:52:48+05:30,5,5.80.0,7,सर्व काही ठीक आहे
5193e3c7-54a0-4ee1-9f78-11b5a244d1e4,captain,2026-06,2026-06-26T11:02:58+05:30,1,5.80.0,4,बहुत खराब
b2736860-5156-4b09-b71c-6f1a6208ee43,captain,2026-06,2026-06-29T02:32:47+05:30,1,5.80.0,8,No incentives no subscription plans better to uninstall
3341c151-c581-40d1-af62-7ba1f6c6ca33,captain,2026-06,2026-06-30T16:18:09+05:30,1,5.80.0,8,waste services don't download amout waste no 0% plan
3b89c7a0-8830-46d0-bf55-f7601ce4792f,captain,2026-07,2026-07-02T13:11:30+05:30,1,5.82.1,11,"app installed after process is very poor and very slow process,"
6cf4fee4-8751-4525-bdb4-410c98b872d5,captain,2026-07,2026-07-03T16:00:44+05:30,1,4.5.82,32,no orders waste giving auto pool auto bosst loot money from us giving 56 even though it's above 2.9 kms all fake rapido is wrose atleast uber is best in all aspect I think
d1ea1adf-71bb-45d7-9198-9294fd31fcde,captain,2026-07,2026-07-04T16:32:25+05:30,5,5.82.1,12,please please increase fare rate..to expansion drivers side so ..please 🙏 increase
178a706c-2694-43c3-b31d-7dd983444f5c,captain,2026-07,2026-07-04T19:17:08+05:30,5,5.82.1,3,good in earning
8826c98a-88af-43b4-97b2-8f2c2991bcdf,captain,2026-07,2026-07-05T01:53:27+05:30,5,,13,worst app ...3rx class .. 1 my silly prblm u ppl can't snke to solve
e841be31-c4db-41d1-83f5-cf43fb013b64,captain,2026-07,2026-07-05T19:17:29+05:30,1,5.83.0,43,"many times, I open the rapido captain app,but every time, I face the same error page,why, help me... Now, I am update the app and tired to upload my documents, but under verification in past 5,6 days ,what I do?..help me...."
5ecca299-145d-48ec-a38c-94248e034a44,captain,2026-07,2026-07-06T19:00:49+05:30,1,5.82.1,11,crash all time customer srevice worst cut caption money all time
9a9b9e40-3f5e-46d6-9575-62c304ac5e64,captain,2026-07,2026-07-09T04:40:18+05:30,1,5.83.0,11,not working the app iam register only bike not add car
925aebc8-59d5-4dca-8600-6273bb6d5359,captain,2026-07,2026-07-12T12:58:04+05:30,1,5.83.0,12,facing lots of cancellation and also taking hours to book a ride
eac3c4b3-3c20-4347-976e-f1a74d1cc747,captain,2026-07,2026-07-13T02:40:43+05:30,5,,6,rapido mumbai me kab legal hoga
15f92315-7ee0-4e66-9691-e42da8e3be7d,captain,2026-07,2026-07-13T23:57:38+05:30,5,5.84.0,13,very good app earnings for zomato not good earnings rapido are good earnings
b213f752-4fc3-421a-a4df-8e0bd5285942,captain,2026-07,2026-07-14T15:17:25+05:30,3,5.84.0,6,customer care not support two captains
c6235036-7616-4ea5-8346-8d6a0311a0cd,captain,2026-07,2026-07-16T12:33:29+05:30,1,,15,rete bahut kharab dete Ho petrol rs 102 l hai Kya Kam aaenge aur kya bachayenge
64229ab0-00c9-46be-9b26-81a033ceb14f,captain,2026-07,2026-07-16T15:27:31+05:30,1,5.84.0,31,"i cannot login my account,it's shows activate in 60 minutes but not activated.i raised an ticket there is no response.very worst I waiting for the Activation still now onwards."
a55ffa19-2be4-4655-bfd2-3a7c2737e7e5,captain,2026-07,2026-07-17T12:17:52+05:30,1,5.84.0,82,"Rapido team, My request to you people to update the app orders not getting if we are in demand area and surge place also why this happening all of sudden it says your internet connection is low but my signal is clear it's is clearly the app mistake and yesterday waited morning the same problem happened and literally my 2 hours of time wasted because of this please try to update the app as you can get the rides were demand and surge"
3bdd38f8-7144-45f2-bfba-0124b50cfe3c,captain,2026-07,2026-07-19T01:05:11+05:30,5,5.84.0,3,good ap rapido
88b62c2c-81b5-409e-adfb-357a374a3a33,captain,2026-07,2026-07-19T01:11:45+05:30,1,5.84.0,10,my I'd not login many time coustomer care not support.
2cd91fa4-2b13-4d02-8a99-ced975a7f0e0,captain,2026-07,2026-07-20T06:51:40+05:30,5,5.84.0,4,easy operating this application.
b47e3d7a-bcee-46a7-ac78-c7303f736eca,captain,2026-07,2026-07-20T19:28:59+05:30,1,5.84.0,9,shareauto functionality is not working. unable to pause it
9951b0e9-4106-4b02-8251-6b111d2cae5e,captain,2026-07,2026-07-21T12:21:45+05:30,5,5.84.0,33,i am a rapido captain in the app the parcel delivery option is in review its saying rapido team is checking on your request we will contact with in 24 hours from past 7 days
a9f7e4ec-3bd4-41ef-9e82-0c9299fa5a6a,captain,2026-07,2026-07-22T13:37:21+05:30,1,5.85.0,7,am unable to login as am newbie
683427cc-29b1-4702-bbc2-184ea9040a3e,captain,2026-07,2026-07-25T12:00:17+05:30,1,5.85.0,39,I traveled Another city Location So Change my Location i Return back to my Registered location it couldn't Go On Duty I changed several times but it doesn't Work it shows Rapido service is not available in this Location
e6432cac-b45a-4cbe-9f31-2c98c8859279,captain,2026-07,2026-07-25T14:22:57+05:30,1,5.85.0,3,No safely Drive
f8b703fa-06ae-4f9b-b645-31a27f5fd655,captain,2026-07,2026-07-25T21:07:06+05:30,2,5.86.0,30,Rapido Captain earns a very cheap amount we want to earn per k.m 10.rs but we earn only 7.rs per k.m very loss rides at this petrol price
648d1413-8606-43de-87b5-f52d7e80302d,captain,2026-07,2026-07-26T16:11:02+05:30,5,5.85.0,4,Good for additional income.
ccf31396-d91b-41db-ad80-87f1a9dd9373,captain,2026-07,2026-07-26T16:14:49+05:30,5,5.85.0,2,super ride
2ea89ed3-65e8-4998-8569-ad30214a5430,captain,2026-07,2026-07-27T18:36:11+05:30,1,5.86.0,28,"I think even 1 star is far too generous. The way they treat their captains is terrible, and calling customer care is nothing but a complete waste of time."
a5c8aa34-2a65-44e9-b184-20eb14c6c2ea,captain,2026-07,2026-07-27T18:44:28+05:30,5,5.86.0,16,people say they do nothing but dear rapido make a platform were you connect and earn
c43694e6-bdb5-43ab-93ab-5091d468d4ea,captain,2026-07,2026-07-28T00:15:19+05:30,5,5.85.0,14,good app recently i have used to make a partime earn process it's good
30ec392e-8c8d-4b11-927f-0be7be955ead,captain,2026-07,2026-07-29T20:45:56+05:30,1,,39,"ഡ്രൈവർമാരെ ഉറുമ്പിച്ചിട്ടല്ല Uber നോടും ola യോടും competition ചെയ്യാൻ, കഴിവില്ലെങ്കിൽ കളഞ്ഞിട്ടു പോടാ തയോളികളെ."
c9abcc1e-8928-4613-b0b6-8717556ba323,captain,2026-07,2026-07-30T05:40:09+05:30,1,,15,to much waiting for ride.... and fake Oder... no incentive and no give good fair
bb1162be-bcee-45ae-92de-5b0522efed9b,captain,2026-07,2026-07-31T08:50:57+05:30,1,5.86.0,5,customer care doesn't respond properly
2615cd50-fb6b-44c7-9389-5c7fb92badba,captain,2026-08,2026-08-01T13:07:32+05:30,1,,4,paisa Kam shore jyada
8754afce-a254-4d1f-a1c5-c4e50c5aeeb1,captain,2026-08,2026-08-01T19:09:27+05:30,5,5.86.0,6,rate card kb badega varanasi mai
d36358dd-dc68-47ad-8cee-90d9620a1e45,captain,2026-08,2026-08-02T19:58:44+05:30,5,5.86.0,16,The distance fare for all bike and parcel deliveries has been updated to ₹10 per kilometer. please 🙏.
ac6ecdab-3117-44fc-a220-0e2ec05e7673,captain,2026-08,2026-08-03T13:38:29+05:30,1,5.86.0,2,Total Extortion.
c5ad3b71-f98f-4b44-8288-b96658e8cc88,captain,2026-08,2026-08-03T18:40:23+05:30,1,,6,bahut hi ghatiya customer service hai
93c43629-483b-4073-b233-db43bf49bd8e,captain,2026-08,2026-08-03T19:08:54+05:30,1,5.86.0,7,Motihari bihar 845401 pe amount bahut kam hai
f30a520a-a374-4363-a302-b43437782148,captain,2026-08,2026-08-03T21:10:37+05:30,5,5.86.0,22,it's a good app to earn money in part time and full time the app is too smooth and easy to handle
01e530eb-716e-4779-9b4a-8d36ee45a15e,captain,2026-08,2026-08-04T17:29:25+05:30,1,,5,low price 😔 😔 service not good
f2f75e8f-b5ce-4b24-80c3-b49358e18081,captain,2026-08,2026-08-05T11:31:48+05:30,5,5.86.0,8,very Useful to Learn new Things daily routine
aceee0e0-9fd5-4c5d-b14a-31759cf0e06f,captain,2026-08,2026-08-05T20:56:05+05:30,5,,10,HELPING APP AND EARNINGS THANKS FOR RAPIDO TEAM AND FOUNDERS
a8a516f1-5729-4c89-830a-82da4450f981,captain,2026-08,2026-08-06T15:48:16+05:30,3,5.87.0,27,"some time app does not work that mean ,navigation speaker, navigation arrow ➡ mark where I am in, where I am going not give properly confusing that time"
36e1c090-b4e0-4d6c-b225-c9b46b38091d,captain,2026-08,2026-08-06T21:38:52+05:30,1,5.87.0,57,i am a rapido captain many time when I reach customer location as rapido map navigates customer then push arrived and call customer they ask to come another near around location and when I ask pls come on location of pickup they just behaves rude nevertheless I have to wait for them till then not cancel orders
7c773830-22da-4400-8797-4185e7393d33,captain,2026-08,2026-08-07T11:34:26+05:30,1,5.87.0,24,"Bahut Sasti Trip dikhata hai, Koi vanda 3.5km lene jaye aur uske baad 4.5km drop kare uske baad 33₹ rupees kamao, va kya seen hai 😡"
deffdd47-a8ed-4b70-afe7-6a4bb057e766,captain,2026-08,2026-08-09T14:39:59+05:30,1,5.87.0,6,ride nhi milti hai time se
8c855482-10d8-4af5-82f8-e7344c10b3be,captain,2026-08,2026-08-09T14:51:01+05:30,1,5.87.0,6,rapido captain is not responsible company
57bf7b90-48d7-4ba8-8e85-c752a8872e35,captain,2026-08,2026-08-10T14:51:24+05:30,1,5.33.0,52,లంగ ఆర్డర్స్ ఇస్తున్నాడు. వెస్ట్ నా కొడుకు. km కి 10 కూడా ఇవ్వడం కస్టమ్ అయ్యింది వాడికి..west rapido. 12 రూపాయలు ఇస్తూ వెంటనే 9 చేసాడు..మళ్ళీ నా లౌడలో జోన్ అంట..
7076c4ba-f1f3-4df3-95c9-1d8747004f9e,captain,2026-08,2026-08-10T17:40:05+05:30,5,5.88.1,2,nice driving
3ff688e3-b2f6-496f-a965-4d9361ac5a20,captain,2026-08,2026-08-11T13:43:19+05:30,1,5.87.0,2,fraud company.
8f72794f-6555-4c37-8c17-3885f1968d0a,captain,2026-08,2026-08-13T16:21:18+05:30,1,5.87.0,10,very bad service.and customer care no response . worst appa
1395e981-7602-4345-9b92-554af376bd2e,captain,2026-08,2026-08-14T00:34:10+05:30,5,5.88.1,3,fude delevri onli
a881a30c-ffb0-498c-8c5f-ddfc080dfc2a,captain,2026-08,2026-08-15T19:42:51+05:30,1,5.88.1,6,Ford app no license illegal run
21760158-acb8-4a65-9a72-2fc304004245,captain,2026-08,2026-08-16T13:53:02+05:30,1,5.88.1,23,As a captain I am facing some problems in rides... Where I hv to share... please provide customer service in rapido captain app....
fe10c5b0-7b24-444d-adc5-99668564f6a4,captain,2026-08,2026-08-18T10:39:17+05:30,1,5.2.39,9,repido jo rate dikhata hai vo deta nhi h
2128b2b3-1be2-4c50-8921-2c129b5cd47f,captain,2026-08,2026-08-19T07:48:36+05:30,1,5.88.1,3,very low price
a020eeda-b3ec-4926-87e6-19a0f5ac082d,captain,2026-08,2026-08-21T09:42:59+05:30,1,5.89.1,18,"weost App as a Partner, always think about customer no concern about the rider please avoid everyone rapido."
08643749-c822-4c56-aadc-be5a6b9cf1bf,captain,2026-08,2026-08-21T11:52:10+05:30,1,5.89.1,49,"Very bad customer support! Maine 1-day subscription plan liya tha, phir bhi ride se ₹23 commission kaat liya. Jab support par call karke baat ki toh agent sunne ke bajaye call disconnect kar dete hain. Damaged service and worst driver support system! don't use this app.... worst and fraud Rapido"
599db143-9822-43fe-b904-4651401ac6f5,captain,2026-08,2026-08-21T12:06:21+05:30,5,5.89.1,12,good but this time mere me ride hi nahi a rahi hai
fc14e3db-e787-4d1c-b1be-30fbd38cc442,captain,2026-08,2026-08-21T13:04:47+05:30,1,,18,very bad 👎 sarkar ne par km.20. he to rapido ku par km.11 dathe divar bhai kay kami ge
4ef14865-baf9-42f8-854e-3b3b4a8ae83b,captain,2026-08,2026-08-22T09:43:49+05:30,5,5.89.1,6,excelt way to help needy person ..
2d73cfcb-410e-4155-b975-a4910fb2b41b,captain,2026-08,2026-08-22T11:08:51+05:30,1,5.2.38,7,( Verry Bad ) customer support is not reachable.....
dda7d57c-7544-4891-9adb-831e6ff44afc,captain,2026-08,2026-08-23T17:12:33+05:30,2,5.90.0,45,rate pr rate gira dii hai inhone or 0% commission ke name pr 6 se 7 rs tak kaat rahe hai woo bhii sirf 2 se 3 km tak ke kya ride krenge or kya hii earning hogi uninstall krdoo isee sab bhoot lose hone lag gya hai abb to 🤬🤬🤬🤬😡
f2e9abda-a88d-43c4-a9d7-b7479fc7575b,captain,2026-08,2026-08-25T20:22:19+05:30,1,5.90.0,54,rapido captain didn't not give fare enough to their riders it gives 6rs / km after travelling 3 to 10 km in your city my experience is worst with rapido captain please no one became rapido rider it sucks your time efforts and fuel it promotes only bike boost where rider can't get enough fare after rides
ad17d01b-e0b2-4ae1-b435-0ef550d076b6,captain,2026-08,2026-08-27T05:56:26+05:30,1,5.90.0,6,rapido ek bahut kharab company hai
87a62eb2-b8bc-4af5-a79e-1570850d188e,captain,2026-08,2026-08-27T19:08:23+05:30,2,5.91.0,13,while I am calling to customer it was showing me line is busy
cddfdc5b-6d80-4246-a388-ad7304c8e9b0,captain,2026-08,2026-08-27T19:36:23+05:30,1,5.90.0,55,aapki app mai sabse badi problem h ki captain support se contact nahi kar paa raha abhi mere pass new rides nahi aa rahi h jabki mai high demand zone mai bhi ho aur support ko call kar raha hu tho call jaa nahi raha h please fix this problem it is my humble request
c188ff25-3e11-4522-b280-c7809c5a59fd,captain,2026-08,2026-08-29T16:00:04+05:30,1,5.3.41,128,"⚠️ सभी ड्राइवर भाइयों से निवेदन है ⚠️ रेपिडो के साथ ड्राइवरों की कोई सुरक्षा और सम्मान नहीं है। अगर कंपनी ड्राइवरों की समस्याओं और अधिकारों की परवाह नहीं करती, तो सभी ड्राइवर भाइयों को एक बार सोचने की जरूरत है। 👉 मेरी सभी ड्राइवर भाइयों से अपील है कि ऐसी कंपनी के लिए काम करने से पहले अपनी सुरक्षा, मेहनत और भविष्य के बारे में जरूर सोचें। ड्राइवर एकजुट रहें और अपने अधिकारों के लिए आवाज़ उठाएँ। ✊"
cbc92c5d-6ef1-4fd0-a78f-d7490e6fd7dd,captain,2026-08,2026-08-29T22:28:56+05:30,1,5.90.0,23,very worst app. i am paid joining fee on 10 aug. but till date not activate my account. no any response. no any contact.
89fcf9f0-5743-4264-a6df-06a2b52ac68c,captain,2026-09,2026-09-03T20:41:39+05:30,2,,21,everything going well unit you raise the price of subscription and it is too high please reduce the price of subscription
bb55dd64-62ec-4757-8e60-816f05241aab,captain,2026-09,2026-09-04T17:25:07+05:30,1,5.91.0,3,number 1 thevudita app
b204a0bf-a00f-419b-8936-de2e4b8c3a33,captain,2026-09,2026-09-04T17:51:48+05:30,1,,1,dislike
093b56d7-3fcb-42b3-a00d-e6ab26a01888,captain,2026-09,2026-09-04T19:48:09+05:30,5,5.90.0,1,welldone
691c72e1-9775-42ae-b27b-566500bfe445,captain,2026-09,2026-09-05T16:03:16+05:30,5,,3,good service FACILITIES
c1fcf0c1-f4c0-4bd9-904c-4a8895ad328a,captain,2026-09,2026-09-06T02:10:45+05:30,1,5.92.2,2,app uncomfortable
cb9303a2-610f-439e-a4ea-fc4e8e7a0832,captain,2026-09,2026-09-08T14:54:29+05:30,5,5.92.2,1,ookokk
e2bdfd6a-017e-4f7d-98f3-f45366370417,captain,2026-09,2026-09-09T20:24:34+05:30,2,5.92.2,15,sir mujhe 8 Rs par km kiu mil rha hai jab ki 10 Rs par km hai
8d0ffdb5-5d78-4786-aea5-b0fd220876f9,captain,2026-09,2026-09-11T13:00:12+05:30,5,,1,8 month
7085a3c7-81b6-4237-81ee-6b2cc73e4c28,captain,2026-09,2026-09-11T16:30:35+05:30,5,5.92.2,3,give more order's.
b03c8ca1-0eb3-4722-a030-cee3cfe4c9bc,captain,2026-09,2026-09-11T21:59:05+05:30,1,5.92.2,16,west application hai logo ko khali lootne ke liye banaye hai west off time and money
12eac8dd-41f1-4caf-b735-7bf81961cfa0,captain,2026-09,2026-09-12T22:03:10+05:30,5,5.92.2,1,superbly
45a1920d-a16b-4955-935c-35d269f18527,captain,2026-09,2026-09-13T13:05:58+05:30,5,5.93.0,1,issue
f9571e14-0fe9-456a-b8c0-2ef8300e1507,captain,2026-09,2026-09-18T23:36:23+05:30,1,5.93.0,2,low price 👎
6241c185-4d87-4bc4-a2d3-703ce389c0f4,captain,2026-09,2026-09-19T03:04:21+05:30,1,5.93.0,23,"wrost app ever ,, within 1 minutes they are switching your ride and they say sorry,,I don't help you,,plz uninstalled this cheated app,,"
dbe5ebca-2754-42ee-a508-d0879f11887d,captain,2026-09,2026-09-19T10:19:43+05:30,5,5.93.0,4,very nice earning app 👍
50c54645-900b-4b90-a82f-8b03ad7cd1b3,captain,2026-09,2026-09-19T19:22:57+05:30,1,5.93.0,75,I've been using this app for a week and and only getting 20 to 30 rs ride of 2 to 3 km pickup and 2 to 4 km drop and past two day customers are cancelling orders even after subscription I'm not getting orders this worst platform to work I request to people looking for work don't use this app policy is unfair and fraudulent it's misleading and using people as cheap labours I will not give even a half star
aa31b574-3edb-424e-bbb0-9c05ed0a5835,captain,2026-09,2026-09-21T01:50:31+05:30,1,5.93.0,23,maha Mather chod company bina wajah ban karti hai sirf customer Ki sunti Hai Bus aur kisi ki nahi Mather chod chor company
5bc5d4e5-cabd-45ed-ae89-d84cd30a5310,captain,2026-09,2026-09-21T10:07:41+05:30,1,5.93.0,35,be careful he is very big cheater I have been driving Rapido for the past one month There is no option or way to contact customer service Shows low mileage Also location Very little help
84fae250-f6d0-43f7-9c3b-16a432aa9e37,captain,2026-09,2026-09-22T21:11:39+05:30,2,5.93.0,75,"Customers r important 4 every business, but staff is equally important bcoz w'out them, orders cannot be fulfilled. Rapido’s policies, seem customer biased, often leaving Captains to bear losses, even when they r not at fault. For example, a Captain accepts a ride, confirms by call that if the customer can wait 5 minutes and starts riding. After covering half the distance, customer cancels. Captain loses time, fuel & effort, gets 0 compensation, the cancellation still affects his performance."
773410d5-622c-4b2c-b2a4-71fd9c6e6126,captain,2026-09,2026-09-22T21:20:21+05:30,1,5.93.0,40,bahut bekar services hai helpline per call karte hain to attend nahin karte enco bus auto driver ke commission se matlab hai sirf rapido user ke liye available rahte hain rapido captain user ke liye Koi madad nahin please boycott
e8492b78-a303-4ed3-a2b5-67b40acae2ae,captain,2026-09,2026-09-23T16:49:25+05:30,1,,58,"India's poor taxi service app. Connecting with customer care for any help even in emergency not connected. Price compare to other platform like Ola, uber is less. No respect for captain who doing ride in rain, cold or heatwave. I am calling to all captain to give low rating and complaint against Rapido policy to give professional services."
ae84806c-3d74-4ce1-8969-d8f3c1fc4a2c,captain,2026-09,2026-09-23T16:55:15+05:30,1,5.93.0,13,"kachra paisa banta hai ispe,isse accha to sawari se bana lete hai,"
38679dc6-b765-49ca-b98a-46c8b207984e,captain,2026-09,2026-09-24T14:30:10+05:30,5,5.93.0,2,GOOD But
2e37001a-f29c-479e-beb0-7656e2257e16,captain,2026-09,2026-09-24T15:06:43+05:30,1,5.94.0,23,very bad experience facing from the app on ride ernings very low prices this is not good . please remove the auto boost service
9060d591-9792-40d7-8e41-872c53b3f7ea,captain,2026-09,2026-09-25T06:17:44+05:30,1,5.94.0,14,5km pick point dropping naa pakkana this is the rapido app very worst app
357de6d0-d529-4c25-8140-35079629f8ae,captain,2026-09,2026-09-25T08:39:20+05:30,1,5.94.0,2,நீ orders
75ff121b-a4aa-41b4-8a43-d5888ec9b177,captain,2026-09,2026-09-29T17:16:40+05:30,1,5.95.1,2,chip app
38ab1fa3-deba-4f4b-bb16-4b74856ba1dd,captain,2026-09,2026-09-30T08:44:47+05:30,1,,2,bo no
4876e39e-3436-407c-812c-de81d76c76bb,captain,2026-10,2026-10-01T07:34:38+05:30,5,5.94.0,9,Good App but Navigation and map could be better
90f02b05-a5e4-4b58-bf3f-226c04e790cf,captain,2026-10,2026-10-01T09:01:35+05:30,1,,4,not login new device
581a5a91-40c2-4dcb-ba4e-390335a14bf4,captain,2026-10,2026-10-01T10:11:21+05:30,1,5.95.1,10,"it's sucks battery , like any other app I have seen"
e76e883b-fe9e-4974-8aa6-fad2fba66e3a,captain,2026-10,2026-10-01T10:26:23+05:30,1,5.94.0,21,very bad and not working server error and not responding help line very bad to take ride so is very worst
9b0cbc9a-f0e5-4b51-acde-fd260a43f830,captain,2026-10,2026-10-01T11:02:17+05:30,1,5.95.1,19,"very worst customer support, first teach your customer support team to how to speak with customers, very unprofessional speaking"
261e7cce-b6ec-4946-b112-8da2da55db3b,captain,2026-10,2026-10-01T11:04:45+05:30,1,,14,number one fraud company rapido captain please install nammayatri auto passenger customer good service
12cfb9d1-bf32-451b-944f-26e7bfc30d1c,captain,2026-10,2026-10-01T12:48:09+05:30,1,5.5.0,14,"Warning ⚠️ total fraud app, not responding captains issues , no taken any kind of responsibility."
ada58bc7-0026-4bcc-a46a-aff7cc6fc420,captain,2026-10,2026-10-01T13:06:15+05:30,1,5.95.1,34,"show the rating of the customer. like which customer is good and which one is wrost. otherwise what is the point to give customer star after completing ride, if you can't show theirs star"
c44938c4-77b4-4e26-8c7d-7f0240a75e1d,captain,2026-10,2026-10-01T21:19:36+05:30,1,5.95.1,46,"when real need of costumer service no one solve issue and no one pick the call , one more thing parcel of groceries very bad 😞😔😔 experience no approve given by costumer at time of delivery 🚚 1 waste my 45 minutes. no bonus not extra money... really so bad service..."
d0b04336-1cf0-4ef2-a38b-8cd947540123,captain,2026-10,2026-10-02T07:02:23+05:30,5,5.94.0,1,dudhdh
fc1285f6-4963-4ccc-ae2c-c614ac7f36c0,captain,2026-10,2026-10-02T09:13:10+05:30,2,5.96.1,69,hi rapido your new feature is a very worst because if any captain cancel ride after accepting because there is a big reasons like road close u turn close and heavy traffic then we cancel any ride and we are not happy to cancel any ride try to understand the situation.u can't suspend any captain on this so called over cancletion so please remove the worst feature ever!!!
aad6c019-59df-4c0e-8d88-bfb82d404f79,captain,2026-10,2026-10-02T13:25:09+05:30,2,5.85.0,6,10000 ka Chala kon bharga rapido wala
fc39c03b-c022-4e63-8b3d-3b0060d3de53,captain,2026-10,2026-10-02T18:55:14+05:30,4,5.94.0,15,Unable to activate food delivery after updating the app. It just shows the blank screen.
f60f7c8b-b54d-4caf-8123-10288c9bafeb,captain,2026-10,2026-10-02T19:11:06+05:30,1,5.95.1,48,"worst experience,waste of my time..My documents successfully submitted but account verification still pending last 4days.. every minute chat costumer service nd calls coustomer care,send the Mails but no use every time costumer service response wait in 24 hour's but no use (4 to 5 days same repeat answers)"
0908776f-6dfa-47c4-90b9-a466fffe7d90,captain,2026-10,2026-10-02T20:21:02+05:30,1,5.94.0,3,some disturbance everyday
6bd7ecd4-3f7d-45e9-934e-26c408f21c3b,captain,2026-10,2026-10-02T20:58:51+05:30,5,5.95.1,17,call me muhje vehicle change karna hai par ho nhi rha hai please rapido team contact me
a309583c-7cfd-4cfc-a9ce-6b5182769aa6,captain,2026-10,2026-10-03T15:48:16+05:30,1,5.96.1,20,రోజు ఒక 50 రూపాయలు ఆర్డర్ ఇస్తారు 29 కమీషన్ తీసుకుంటారు సూపర్
ce73d2b0-3fdf-4cc4-9a7f-4080b77d600a,captain,2026-10,2026-10-03T16:39:34+05:30,5,,4,very good earning app
e2b60384-fceb-484b-b962-ee4ce3664e2e,captain,2026-10,2026-10-03T16:48:17+05:30,5,5.95.1,30,Sob accha platform hai Rapido captain. All India iss platform kaam kar.Koi apna ghar chala hai Koi apna emi Barta hai.Koi apna baccha ka school fees Barta hai.
fbe0cd72-3282-4c82-bacb-4a6e0a9e5990,captain,2026-10,2026-10-03T18:05:19+05:30,1,5.63.0,5,rate bahut kam rahata hai
1734b2c4-db37-4487-9d4a-4575bc242166,captain,2026-10,2026-10-03T19:39:04+05:30,1,5.94.0,9,phone mein open hi nahin ho raha hai ID
90d882db-e4fc-4430-a726-9300e055fd92,captain,2026-10,2026-10-03T20:15:01+05:30,1,5.95.1,14,sabse ghatiya app hai rapido sudhar jao rapido driver ka khun pina band karo
eb7029a8-df99-4585-86b7-6fcfcf3b6da4,captain,2026-10,2026-10-03T22:15:24+05:30,1,5.95.1,3,third class app
1183e268-7706-4d6d-af30-260ea8132c9b,captain,2026-10,2026-10-03T23:32:51+05:30,1,5.94.0,63,"I don't get a ride. Where 10-20 drivers are standing everyone gets a ride but I don't get one and this is a daily problem, that's why there is no value in working in your company Sometimes by mistake you people give me work for one day in a month then again the same daily drama what is the meaning of work for Rs.100-150???????????"
36bb0463-51b6-41f1-9e73-773113193442,captain,2026-10,2026-10-04T00:40:02+05:30,1,5.58.0,73,is app me bohot sari dikkt he ye kehna galat hoga ki ye app bekar he but rider jo admi apne 12 se 15 ghnte kam kr rhe he unhe ride nhi milti h jo log part time kr hisab se chalate he unhe milte he me pichle 3 mahine se chala rha hoo or aj bhi sham 6 bje se rat ko 12 bje tak betha he rha hoo 43 rupys ka kam kiya hai is aplication se
f69e2ca2-ff4f-4d8e-bf6c-8bb4ebb834cb,captain,2026-10,2026-10-04T06:47:11+05:30,5,5.95.1,4,good and public helpfull
f6a1512f-7862-465b-9122-f6c75febedcb,captain,2026-10,2026-10-04T08:19:48+05:30,1,5.95.1,10,"amount is so less, plzzz improve amount for the captain"
87df4808-8990-40eb-a805-0abc47ee1af3,captain,2026-10,2026-10-04T12:45:47+05:30,2,5.96.1,49,"hi I actually The documents I provided through the cell phone number I originally provided were still being verified, so my I have activated Rapido by giving another number. I need to activate it again. I am unable to change it. How can I change it? Contact customer care"
1369d105-61d8-474f-b791-e2797b15656d,captain,2026-10,2026-10-04T14:34:00+05:30,5,5.95.1,6,super support for my family thanks
35b4fde1-fe32-4f38-88cb-47e2b5ebac93,captain,2026-10,2026-10-04T15:45:32+05:30,5,5.96.1,13,rapido I'm enjoying a lot using from 2 to 3yrs its just a wowwww
e95d59cd-d784-4413-9960-d5b61025acf5,captain,2026-10,2026-10-04T16:06:32+05:30,1,5.60.1,32,repido me car chlane se acha to swari gadi chla leni chaiye ye bhi jab se uber ne pass wala sitam chalu kiya he tab se apni ret kam kr di esne
01fe2446-a1ce-4140-b83d-49a38d322c3b,captain,2026-10,2026-10-04T18:01:49+05:30,1,5.94.0,38,worst coustomer service they don't receive any calls and didn't get my order earning instead they have decuted my wallet balance and made it -225 and no call from coustomer support and they don't even answer the call too
115d4b0c-2793-46d8-9a2e-2d25f8dd188d,captain,2026-10,2026-10-04T18:10:45+05:30,1,5.95.1,71,Rapido drivers are considered fools by Rapido owners who charge Rs 7 for a ride of Rs 30 and cut commission as they wish for other rides. So oppose this. Let the riders work hard and the app owners make money.રેપિડ઼ો બંધ કરો 28 ની રાઈડ મા 6/7 tex 10/12 petrol તો તો સુ 9/10 rs માટે મહેનત કરો છો બંધ કરો કમાઈ ને કંપની ને આપશો
f79029ae-1a36-44b6-a816-a98971abd143,captain,2026-10,2026-10-04T20:48:42+05:30,1,,6,my account temporarily suspended please help
a5d31527-e644-4dde-956f-0d1589c5f23c,captain,2026-10,2026-10-04T21:24:33+05:30,1,,37,भिकारी बनण्याचा एकच मार्ग मालक चालक साठी सरकार लाचार.................. The only way to become a beggar is for the owner-driver the government is helpless.........................
c2c5aa97-2f19-4563-8ea0-169090374088,captain,2026-10,2026-10-05T00:47:43+05:30,1,,93,Those customers who books the ride and after reaching the pick up location do not respond or pick the calls and go through another transport and do not cancel or say us to cancel what are the steps for them and why do our performance or ratings affected for them?. After burning our own fuel we do not get any cancellation fee because they do not cancel and we have to cancel it for getting another order. But for them our performances are been affected. How much concern are you about the captains?
cb85601a-7cfe-409b-a801-e4beebe17e65,captain,2026-10,2026-10-05T02:07:48+05:30,1,5.96.1,64,"I am disappointed with Rapido’s Captain support. First, customers sometimes misbehave or refuse to cancel, forcing us to cancel without compensation. Second, after reaching the pickup point, customers often do not answer calls even after 5–10 minutes of waiting. We then cancel to take another ride, but Customer Care blames us. Please review such cases fairly and compensate Captains when the customer is at fault."
7db6c1d6-c593-4794-a8b9-26b51facff8d,captain,2026-10,2026-10-05T05:26:11+05:30,5,5.84.0,3,100 booking 10 mint all
4cef31ee-ef1d-45d1-9d4d-5830d7b93ba6,captain,2026-10,2026-10-05T07:41:00+05:30,1,5.96.1,7,subscription plan so costely for one day
a6efa290-43b5-48a0-bad4-d507a053e3e3,captain,2026-10,2026-10-05T10:55:16+05:30,5,5.95.1,10,five star lete hue tractor dijiye hamare ko badi badi
c61185be-9fa9-4093-acb0-fc8de03e7c3e,rider,2026-03,2026-03-02T06:38:43+05:30,1,,41,"3rd class service. Offers are only for show-off. no captain picks at the offer price. if piccked, they are asking for extra money. and if I'm not agree to pay and ask to cancel, they keep me waiting . very disappointed"
382e78e2-45c9-42ed-ac18-8534cc7b8c30,rider,2026-03,2026-03-02T14:54:36+05:30,1,,82,"This is a bad app, I have had a bad experience yesterday. My mom and brother booked a rapid train from Rajtkot railway station to Amr's house. The fare was 100 rs. But the first time I booked it, I got a 60 rs discount. Then I went in a rickshaw. I gave you 40 rs to reach your house. You didn't understand. You took 100 rs from me. Why don't you tell me that there is no benefit in this? Why don't you cheat me"
ac21ecec-0928-4107-bdaa-a70e426a2b7b,rider,2026-03,2026-03-02T19:51:56+05:30,5,8.96.0,2,good draver
7dd9fbd6-2054-41f3-accd-e08950976e8b,rider,2026-03,2026-03-04T13:21:19+05:30,1,8.76.0,2,not 🚫 good
8cc19a64-74b4-4dc0-b566-9ab437ac201f,rider,2026-03,2026-03-04T17:41:43+05:30,1,8.97.0,45,it charged me higher than that the expected and if 20-30₹ will charged i would like to pay it but it shows 20₹ on rapido and after completion of ride than it shows 47₹ and captain took money 102₹... this apps is worst and charging more than it shows
63b6574d-d6de-46b4-bc9b-a8710c055bed,rider,2026-03,2026-03-05T01:14:33+05:30,1,8.97.0,19,no customer support and using 1st time driver on that also driver was charged Higher than the actual was
37418ba6-d0a3-4574-9f62-c9490b5eabb9,rider,2026-03,2026-03-05T08:21:46+05:30,1,8.97.0,51,"talk to all thecab and auto driver who are using your app they all ask for extra payment, if they cant go with the one shown in the app, why to even accept it, you to need take care of it. and ask all the auto and toto to register correctly."
e172a1d7-1839-4d57-9185-77a5e2b89b5f,rider,2026-03,2026-03-05T17:04:34+05:30,5,8.97.0,6,rapido is better than ola uber.
50ad78fd-f25f-44eb-b2aa-6e9275175520,rider,2026-03,2026-03-05T18:32:52+05:30,1,8.83.0,29,such a very bad experience. double payment cut on this app and also no safety regarding this issue. please don't use this app. this is 2nd time with me.
f565f240-754b-4ad9-b0cf-538e199d16a4,rider,2026-03,2026-03-06T14:15:06+05:30,1,8.97.0,28,while booking a ride I added too much extra after adding also captain not accepting The ride very baad im feeling very angry its very urgent to me
ff12da02-1ca1-4a4c-b3e7-384172c3fa70,rider,2026-03,2026-03-07T08:39:19+05:30,5,8.97.0,1,exlent
2beb3c8a-4e54-4cde-88b8-4178880852ab,rider,2026-03,2026-03-08T17:39:05+05:30,5,8.96.0,2,ok convenient
a5a00cc8-dfbd-4445-8a6a-0eb6bb2e8497,rider,2026-03,2026-03-09T11:40:13+05:30,1,8.97.0,18,"emergency me ride accept hi nahi karte koi , 15 min time pass kar ne ke baad accept karte hai"
0a8afdcd-6255-492a-b3c1-c7dfff9a0ca3,rider,2026-03,2026-03-10T17:22:58+05:30,1,,6,driver charge extra money for ride...
881f814f-09fd-4cdf-9eb2-5cd312eda203,rider,2026-03,2026-03-10T18:01:53+05:30,5,8.96.0,25,Rapido bikes and scooty both options are very convenient for mumbaikar specially for women as well. feels safe to travel and easy and time saving
8a3389dd-4fff-4606-91c1-b6dc52fea41b,rider,2026-03,2026-03-10T23:52:51+05:30,1,8.97.0,39,worry experience at rapido just making third party money with customer not taking care customer support plz don't trust rapido my dear customer my recommend don't trust rapido once agin my required this is from heart full request customer
a53d89db-0ec3-4850-8191-5a219c11c5fa,rider,2026-03,2026-03-11T06:20:46+05:30,5,8.97.0,4,safe ride nice experience
fa8fecf0-bed9-408a-b364-e574fd18008b,rider,2026-03,2026-03-13T15:55:01+05:30,1,,11,very bad service takes too much time to confirm the ride
6ca37055-8728-4f14-a3bc-6d20b1d7e127,rider,2026-03,2026-03-15T11:33:34+05:30,1,8.95.0,6,some time price increase Sam please
3720a649-7f54-4d88-a8e3-5873531caf47,rider,2026-03,2026-03-16T20:09:59+05:30,5,8.98.0,82,"""I am very disappointed with the recent fare hike during my ride. When I booked the ride with cash payment, the app clearly showed ₹276. However, upon reaching the destination, the app suddenly updated the fare to ₹310. This ₹34 difference causes unnecessary arguments and problems between me and the driver at the drop-off point. It feels like a scam when the final price doesn't match the booking estimate. Please fix this bug and ensure price transparency."" thank you for look into my problem"
0bd19bd8-9d2c-4b96-bb3a-713131877413,rider,2026-03,2026-03-16T20:46:35+05:30,5,8.96.0,10,I continue use this app and I really love it
2a9495e3-ef1d-4619-8eed-548e60c1c1f0,rider,2026-03,2026-03-17T16:09:51+05:30,1,,85,I had a very bad experience with rapido...they don't have a customer service care number or anything else.. i booked an auto for 23 km and because of the app default it's showing the 74 km on the driver app so I told him to end my ride in between.. he dropped and he took total charges for that 1 km ride because of the app default. pn other if we end our ride in between they will only upto that location but pn rapido is hilarious.
8f437845-d4a0-4c67-b0d0-ee380be89ebb,rider,2026-03,2026-03-17T21:44:36+05:30,5,8.98.0,5,very good tq so much
b1019e99-d584-4528-bbc4-6a7f6ef2d993,rider,2026-03,2026-03-18T19:09:08+05:30,5,8.99.0,3,best wishes app🥰
e46bd9d5-3c03-403e-af6f-00d8a9b85ec0,rider,2026-03,2026-03-18T22:00:18+05:30,1,8.99.0,3,always overcharged driver
32db2425-d9bf-4693-9fe9-b1a69f052881,rider,2026-03,2026-03-19T07:55:48+05:30,5,8.99.0,2,v good
2bf79ed3-2cc9-43d0-bde1-becaa791768c,rider,2026-03,2026-03-20T13:43:25+05:30,1,,26,worst app I have ever because I am contact Customer support it is not responding to me question for help due to temporarily suspended my account🤮🤮🤮🤮🤮🤮🤮🤮🤮
0f5c6f1f-9f26-4680-849e-a03501a847ed,rider,2026-03,2026-03-21T09:33:36+05:30,1,8.99.0,3,verry bad service
faaba67f-a8cd-41d4-ab58-708dd4e57bf6,rider,2026-03,2026-03-21T22:02:44+05:30,1,8.100.0,57,"I am very disappointed with Rapido’s service. Drivers are overcharging unfairly, and in my case, I paid ₹744 for just 17 km. This has happened multiple times, with some drivers adding extra distance to increase fares. Complaints have been ignored, and no strict action is taken. Rapido must ensure fare transparency, take responsibility, and protect customers from such practices."
694fc77f-8ce3-4c71-8aa8-2ef7d9e30e43,rider,2026-03,2026-03-23T12:17:03+05:30,5,8.99.0,21,It was very good and helpful for every people for at any situation and it was very useful for students also
9dd91369-36fd-4f71-af30-a7e20aab3a86,rider,2026-03,2026-03-23T14:55:17+05:30,1,8.99.0,36,one of the most worst and also useful some times .. one of the most fraud thing when ever users buying power pass first 5days it's applicable discount on rides . after 5 days Normal ride fares are charged
ad3263b2-94cd-4717-9c51-26d7c8883f8e,rider,2026-03,2026-03-25T18:47:57+05:30,4,8.99.0,3,Doing Great work
51f7c992-b350-401a-a272-69e064f8d871,rider,2026-03,2026-03-28T08:06:14+05:30,5,8.100.0,5,Good Boy with Nice Interaction
76e08dba-c75b-4f65-8008-38313797cb7a,rider,2026-03,2026-03-28T17:31:32+05:30,1,8.100.0,17,useless aj mujhe bhot pareshan kiya hai is app ne koi bhi ride book nhi ho rhi
a677430c-1e3d-4119-91e5-f5be18130f4e,rider,2026-03,2026-03-29T11:57:59+05:30,5,8.100.0,2,response good
055eeedd-c4dd-432a-89c9-e95161369542,rider,2026-03,2026-03-31T00:48:51+05:30,2,8.100.0,1,cooll
81121f2a-88e6-44b2-98e0-75e18e45efe2,rider,2026-03,2026-03-31T16:14:52+05:30,1,8.100.0,24,this is the worst app available in the bike community. all its riders are third class the app does not even penalized the driver
eb0476e4-f834-4371-92d6-caed6f44512b,rider,2026-04,2026-04-01T16:11:34+05:30,5,8.100.0,16,It is helpful for daily travel and transports. Not so much used but although better experience
b028c2ba-e47c-4581-ad9c-a27499c7743b,rider,2026-04,2026-04-02T00:18:05+05:30,5,,8,google play store install this app good experience
6f1b11d5-270e-430a-a640-33c1ee33e858,rider,2026-04,2026-04-02T05:26:14+05:30,1,8.101.0,2,Not realiable
705f60cc-3189-454c-8ad7-c8b810f143f2,rider,2026-04,2026-04-03T12:22:11+05:30,1,8.101.0,4,not showing metro ticket
90ecfb07-c6b8-4ed9-9948-4c2c7f406ac2,rider,2026-04,2026-04-03T19:36:26+05:30,5,8.99.0,14,"better to ride than on own vehicle, the captain will take care of everything"
2d51cd9a-67b6-42d3-9d7a-f2b478f3378d,rider,2026-04,2026-04-05T01:46:59+05:30,1,8.100.0,20,"""Third-class service after 11, higher prices, and on top of that, a one-hour waiting time.""Thard class aftar 11 pm"
e08407ea-8f92-47f8-9e1e-7eab544c6e0d,rider,2026-04,2026-04-05T23:28:48+05:30,1,8.98.0,37,"Do not use this app—whether it is the new version or the old one. Boycott it completely. Neither will Customer Care assist you, nor will you receive any help whatsoever. It is the absolute worst app."
9ebb212f-6968-48df-b837-85a5f1af823b,rider,2026-04,2026-04-07T18:33:06+05:30,1,8.99.0,27,"English translation: “Regarding Rapido, in an emergency a ride never gets booked. This app always lets you down during emergencies.” This incident happened with me thrice times."
063af049-781f-4545-9642-6287e4558f2d,rider,2026-04,2026-04-09T06:20:09+05:30,5,8.102.1,3,really appreciate you ⭐⭐⭐⭐⭐
4178affb-2d4e-413c-beb6-96f2c51769ef,rider,2026-04,2026-04-09T16:13:04+05:30,3,,20,this is a wonderful app but whoever added the feature of showing no of captains rejecting me deserves jail time
5709739c-14c4-4797-8504-f709c7bb2ca9,rider,2026-04,2026-04-09T20:53:48+05:30,5,8.102.1,2,low price
06525fcd-dad7-4edb-b01a-c33bc5bc46ab,rider,2026-04,2026-04-11T05:10:15+05:30,1,8.102.1,45,मैने 4 am बजे से रेपिड बुक किया था लेकिन 5 मिनट में कोई भी नहीं आया था । बुकिंग लेने के बाद 10 मिनट तक घूमता रहा लेकिन आया नहीं था।
e9756a89-0130-40fa-b228-3f778fa935bd,rider,2026-04,2026-04-11T08:03:37+05:30,1,8.102.1,29,the are doing fraud while book a ride the amount was 366 after completing the ride amount was 428 but they are not providing the bill for the amount i paid
c696e65d-3fa6-41f3-a807-c5f0d4a968c2,rider,2026-04,2026-04-11T13:13:01+05:30,1,8.102.1,48,One of the worst platform I ever experience in my life. I never get a captain whenever I need. Captain will accept the ride only you give some tip or increase the fare otherwise just forget about your ride. I'll advise you to use some substitute of rapido.
c2352cc1-905c-484e-902a-2f9d8c7447a9,rider,2026-04,2026-04-11T18:34:59+05:30,1,8.102.1,25,the fare shown to the customer was different and to the captain it was different. it happens to me twice. you are fooling your customer....
a1543e7a-2b68-4840-8473-0035b59cfdef,rider,2026-04,2026-04-12T10:18:01+05:30,5,8.102.1,8,use rapido very affordable in cities fast service
fd745504-071b-400f-bbf8-0fe86c0b8bbb,rider,2026-04,2026-04-15T08:19:32+05:30,5,8.103.0,2,gud ride
06bde74c-5106-4dbf-a85e-cad1e1d1ff28,rider,2026-04,2026-04-16T15:31:50+05:30,5,8.102.1,12,verry amazing experience rapido good and great fully 😊✨🕊️♥️🧿💫🌿🫠m fill in batter♥️🥳🫶🏻
d72601a9-044d-43dc-b9d6-898f4d50381a,rider,2026-04,2026-04-17T15:58:00+05:30,1,8.103.0,101,worst app ever I use this app in my mobile many time the select an amount like ₹70 when the rider drop me at my location in his app the amount will get ₹102 because of that I need to pay extra cash and just now I use this app from my mother mobile and use a coupon of first ride in auto the auto drive drop me and demand ₹89 but in my app it only shows ₹49 the rider says that the coupon money never deposit in his account because of that driver aur mere bich besh ho gyi then I pay him ₹89.
9c81c14f-df48-4d48-b3c8-b565b9140786,rider,2026-04,2026-04-18T13:15:31+05:30,1,8.60.0,9,"very poor customer service, booking fare changes very dynamic"
9ca980e1-37e0-4db3-a0fe-2e9d277e321c,rider,2026-04,2026-04-18T19:05:37+05:30,1,8.104.0,31,when I booked the cab it was showing 211 after coupon discount and now they are charging 271 even the driver was very harsh he was in very Hurry no help till now
e74faa62-81c8-4194-8aed-d432a6577cfd,rider,2026-04,2026-04-19T10:16:47+05:30,4,8.103.0,32,"Speed in Traffic: The bike-taxi remains Rapido's superpower. While cars and autos are stuck in bumper-to-bumper traffic, a bike can weave through, often cutting your travel time in half."
b43738a4-dee0-4062-a99f-39e450aef6ba,rider,2026-04,2026-04-19T16:49:40+05:30,1,8.103.0,9,Very bad experience. Payment done but ticket not issued
7499c5ee-99ad-4619-9e25-2903b2f2cf13,rider,2026-04,2026-04-19T17:36:24+05:30,5,8.104.0,10,"Till now affordable price, professional drivers. way better than uber."
e2d94d05-79db-48c8-981e-fad5b79b071b,rider,2026-04,2026-04-19T18:28:40+05:30,1,5.8.1,3,maza ni ayaa
b1729120-d9e2-446f-bcbb-7d8e59728b64,rider,2026-04,2026-04-20T18:31:17+05:30,1,8.103.0,8,"Very worst app , asking for an extra amount"
f8ad4155-bd8b-49aa-a28c-96abca238b84,rider,2026-04,2026-04-20T19:54:18+05:30,1,8.104.0,4,not an useful app
d2e2096f-2ae3-42fa-aba6-de1a0919205f,rider,2026-04,2026-04-21T15:12:41+05:30,1,,27,The Worst if not the most Frustrating App doesn't even accept ride what the hell have they made the app if the driver's can't accept a thing
424beb1e-3b61-4f80-9158-4ddfb960f21f,rider,2026-04,2026-04-24T11:08:57+05:30,1,8.104.0,44,"worst experience, please do not book cab from Rapido cabs are worst on it, no ac no window glass 30 year old cars are using by cab drivers, at least app should mention that car is without AC after paying huge amount got bad cab"
be32de96-d86c-4a7d-bfe0-58070572474d,rider,2026-04,2026-04-25T00:02:16+05:30,1,8.104.0,88,"I had a very disappointing experience with Rapido. I booked an auto ride, and the driver accepted it and requested me not to cancel. I agreed, but the vehicle did not move for over 40 minutes, and the driver’s phone was not reachable. Because of this delay, I missed my bus, which caused a lot of inconvenience.I also contacted the support team, but I did not receive a proper response or timely assistance.This kind of service is highly unreliable and frustrating. I would not recommend using Rapido"
62dc8b70-9d8e-4f42-88cb-50a5166ab30e,rider,2026-04,2026-04-25T09:48:54+05:30,5,8.103.0,5,under verification problem my documents
966d6034-6bde-48bf-bac5-73033b78fefd,rider,2026-04,2026-04-25T20:41:53+05:30,1,8.104.0,11,"worest, riders not accepting the ride waiting time is to long"
02d82161-06f0-4f1d-8090-6bdd226a0c0b,rider,2026-04,2026-04-26T08:24:26+05:30,1,8.104.0,4,worst app worst riders
c34bfdcd-c258-40c2-8593-988d50cc3ea1,rider,2026-04,2026-04-27T09:52:21+05:30,1,8.103.0,16,"No small rides are being accepted even after trying for 30 mins straight, Just started hating this."
555ee909-1637-4b02-913f-d88b9ef25865,rider,2026-04,2026-04-27T19:16:19+05:30,1,8.104.0,76,"ridiculous services, Riders do not accept the ride, take too long to accept ride. if accepted call us and then says tobus that they are coming but after the call the rider cancels the ride. they choose wrong route and try to increase the fare. customer support does not respondij proper way, they are always late to start the chat are always in hurry to close the chat even if the issue is resolved or not"
1d4b77d8-ddaf-41b3-9f31-7d62e47c65f9,rider,2026-04,2026-04-29T13:20:14+05:30,2,8.105.1,15,Frequent cancellation by drivers. non acceptance of rides when needed to reach destination on time
d5e4df59-14e8-4489-a3ee-1f246550c3f5,rider,2026-04,2026-04-30T19:11:19+05:30,1,8.104.0,11,they take extra money not as per show in the app
ac889068-a177-4ebb-9404-bda8dea3e558,rider,2026-04,2026-04-30T20:43:06+05:30,1,8.104.0,12,ask extra money for turning on and not replying whn need help!!
89771151-4bb2-46e7-b949-335c1a36c5de,rider,2026-05,2026-05-02T08:25:41+05:30,1,8.104.0,25,"Rapido is the worst app. The fares are too high. It shows low prices, but the ride doesn’t get booked. It’s a completely useless app."
50cb8e81-aa5c-41d8-8fce-7fa946566601,rider,2026-05,2026-05-02T13:07:04+05:30,1,,25,The worst ever app because firstly charging a higher price and also it took too much time .The price is like more than I think
7c883042-7525-4330-9347-4d6460113b31,rider,2026-05,2026-05-03T21:57:17+05:30,1,8.103.0,57,"worst experience, I have been trying to book rapido for the last hour, no captin is available to accept my ride , this is totally waste app, even I put extra charges also , even though no response from captin, so I suggest to use our local tirupati app for this rather than using rapido , I am uninstalling immediately."
168d55bb-27d0-446c-aee7-1eb6a9f2c93a,rider,2026-05,2026-05-03T22:20:01+05:30,1,8.104.0,65,"I am extremely disappointed with the service. I was subjected to unfair additional charges and kept on hold unnecessarily, seemingly just to inflate the final bill. Furthermore, the driver marked the status as 'arrived' before actually reaching my location. Upon arrival, the driver refused to start the trip and began bargaining for even more money before taking the OTP. This behavior is unprofessional and exploitative."
790b45fe-1a24-40e4-9ebe-07672dd11b9f,rider,2026-05,2026-05-04T17:49:19+05:30,1,8.104.0,81,"Don't use rapido as much as possible, drivers cancel bookings immediately and nowadays frequently they are charging more than what is shown at the time of booking. Sometimes may be double the amount. Worst app compared to OLA. too much charging, increasing fares like dynamic pricing in flights. rapido destroying people creating unnecessary demand and looting. most cars don't have luggage space, instead there will be gas cylinder. that is not mentioned in the app as no luggage space. rapido idio"
0b135dad-92a8-4803-b29d-6bb8dfa6c96d,rider,2026-05,2026-05-05T17:55:46+05:30,2,,14,your captain received me with his two friends for enjoyment and also he drink
d786549f-8cd6-481e-9a19-9e1f5b03bea9,rider,2026-05,2026-05-06T19:33:40+05:30,5,8.104.0,6,"Priority to Rest, Rapido is Best 🛸🔬"
5ef75d55-3161-4ca0-8b4f-5bcb92e146e5,rider,2026-05,2026-05-07T18:28:39+05:30,1,8.106.0,13,kono gari available to thake na app ta keno seta i bujhi na
0c72310c-dcf3-4dbd-a282-5402a4f41d82,rider,2026-05,2026-05-09T15:44:38+05:30,1,8.106.0,4,ye App Bekar hee
85d338fe-85dd-4724-8992-16acb2f1738a,rider,2026-05,2026-05-10T15:59:19+05:30,4,8.107.0,1,nalice
5fffab60-c68a-433f-a2ce-594e35df2eed,rider,2026-05,2026-05-11T13:10:37+05:30,4,8.95.0,3,achhi suvida h
8aa6b1d0-4bac-4dc3-bc7b-1e8cf7fd4418,rider,2026-05,2026-05-11T18:58:03+05:30,1,8.106.0,21,"app is good, and facility also satisfying but pilots whant extrw charges and they dont accepted aur rides in show charges"
aed9b815-32f3-41a2-be0a-bef5005ca67f,rider,2026-05,2026-05-12T12:46:28+05:30,1,8.103.0,137,मैं पटना में एग्जाम देने गया मैंने अगम कुआं से रैपीडो बाइक बुक किया एग्जाम सेंटर के बदले मुझे कहीं और छोड़ दिया और बोला आगे नहीं जाऊंगा और पैसे भी अधिक ले लिए मैं बार बार कंप्लेंट किया पर कोई सुनवाई नहीं हुआ ठंडा समय से आता है कि आपने अपना डेस्टिनेशन चेंज किया है इसलिए पैसे अधिक लगे एग्जाम देने जाएगा तो थोड़ी इधर उधर घूमेगी महा बेकार सर्विस कस्टमर हेल्पलाइन भी बहुत बेकार है
f458393e-a0ea-4435-b8f5-0f26e7016f9d,rider,2026-05,2026-05-13T08:41:02+05:30,5,8.107.0,14,rapido. service best. but rider not accepting ride quickly. long time Wait for customer.
d84750d2-b24e-49cd-ba00-ecd2a235ff58,rider,2026-05,2026-05-15T09:13:49+05:30,3,8.107.0,9,The auto never gets booked. Frustrated by such apps.
1ad48aed-240a-4f66-860d-4d7e3aad496e,rider,2026-05,2026-05-16T11:46:34+05:30,5,8.107.0,3,very fast rides
5a856096-a94f-4a17-a0aa-aec6a1b319f4,rider,2026-05,2026-05-17T21:37:41+05:30,1,,6,no one accepts the ride... worthless
baf37abd-159f-48a9-8f20-74aaa7a4e761,rider,2026-05,2026-05-18T13:38:42+05:30,5,8.104.0,5,TIMELY SERVICE AND REASONABLE PRICE
65842465-0e54-4524-9368-d4b2793b23fb,rider,2026-05,2026-05-18T19:35:10+05:30,1,,3,worst for noida
cf937831-49d1-444e-822b-de0c12712b2e,rider,2026-05,2026-05-19T22:54:50+05:30,1,,67,"*books rapido for 73 rs* auto guy agrees, we ride. reach destination. fare 110 rs! auto guy asks for full amount. check customer care on rapido for fair increase. rapido says ""The final price should be negotiated and agreed directly between you and the Captain. Rapido will not be involved in any fare related concerns for this order."" then rapido WHY ARE YOU GETTING INVOLVED AND CHANGING THE PRICE?"
80694bc5-5689-40c7-ba0e-1e9fac6a18f4,rider,2026-05,2026-05-20T09:07:39+05:30,5,8.108.0,2,comfortable ride
c1f535eb-3d09-46bc-a9db-cce281fd6393,rider,2026-05,2026-05-21T22:41:35+05:30,5,8.108.0,8,best application is the most popular websites helpful ☺️
b3ae6e79-5a91-445a-988a-d61d65fb80e5,rider,2026-05,2026-05-22T11:59:02+05:30,5,8.108.0,1,goood
e86cb73c-1c73-411f-acd8-0ed50abf4098,rider,2026-05,2026-05-22T19:04:04+05:30,1,8.108.0,4,charges and survice low
2dc48eee-ac69-4bf6-9fa9-cd78d55b10a9,rider,2026-05,2026-05-23T13:22:01+05:30,4,8.95.0,2,incrase availability
72959aa8-a469-4b0b-9d42-07fe093b4f00,rider,2026-05,2026-05-23T14:18:34+05:30,5,8.108.0,1,tawdy
9465bc88-2c20-498a-a6ff-c9921e4824bd,rider,2026-05,2026-05-25T01:51:31+05:30,5,8.100.0,3,very good ride
f380c40c-fef6-4d25-b92b-12420c196602,rider,2026-05,2026-05-25T07:44:05+05:30,1,8.108.0,32,I got horrible experience all driver demanded too amount and not going according root after reach destination they are demanding 3 or 4 time extra amount that's from today I'll never use this app
827ee0f1-6154-407c-bf82-d73a6361f520,rider,2026-05,2026-05-26T17:42:35+05:30,4,8.108.0,19,while typing adress of me exact location it's the adress is changing automatically. what I type is not seeming
f4c601c1-ecc8-4bda-88f5-518d9e4f5dc2,rider,2026-05,2026-05-26T23:52:39+05:30,5,8.108.0,2,super ride
c6b856f2-87e9-424f-b3d5-4c0f52b23f39,rider,2026-05,2026-05-27T13:12:11+05:30,4,8.108.0,26,rapido time par mil jati hai lekin rider jyada paise mangte hai is wajah se hume jaha Jana rehta hai waha time pr nhi pahuch pate
4259e46c-2c87-4c25-a6fc-2da4b93e7e72,rider,2026-05,2026-05-28T15:09:15+05:30,1,8.107.0,28,rapido is monopoly business rude unprofessional dont listening problems of customers there rider also very unprofessional minus rating fir rapido please use more option like porter Ola uber
2e62030b-5253-48c9-a12d-e75207ac8770,rider,2026-05,2026-05-28T23:46:45+05:30,5,8.109.0,4,good ride in rain
832bfb2b-8780-4f6f-a674-f9ceb4227c40,rider,2026-05,2026-05-29T13:30:02+05:30,4,8.109.0,14,only once there was a bad rider rest the app is good and all
c913f61a-1827-4a09-a9d2-9f91dd45d0f1,rider,2026-05,2026-05-29T19:00:39+05:30,1,8.109.0,9,The customer support will not resolve even genuine concerns.
3d5b6753-890b-4275-abff-12fb7bb19c0c,rider,2026-05,2026-05-29T21:57:38+05:30,1,,22,bahi sirf pahili baar hi Paisa kam lagta hai uske baad me kam 2× ho jata aap ise sirf 1 baar hi use kare
d60dca5d-d075-4fb4-a54b-945e964c853e,rider,2026-05,2026-05-30T19:44:03+05:30,1,8.109.0,34,"These guys are adding hidden charges like previous due ect even if u paid for last ride, even rider canceled ride also rapido will charge 😂😂 never trust this app blindly go for ola uber"
b6900e09-182e-4c85-80fc-8affb29abcde,rider,2026-06,2026-06-01T19:09:46+05:30,1,,21,very unprofessional drivers showing up in wrong vehicle and and not turning on ac even when booking the most expensive ride
fc7035d5-1dbe-4b50-8bdc-88102afb98a2,rider,2026-06,2026-06-02T14:11:13+05:30,5,8.108.0,3,very nice ap
61220b3e-ecd5-4953-b810-30d098fd552c,rider,2026-06,2026-06-03T11:31:28+05:30,5,8.110.0,4,good manner and driving
9862ba37-8ac0-44ba-9837-e10319c16f13,rider,2026-06,2026-06-03T19:42:16+05:30,1,8.110.0,13,first ever use nd experience is worst ride book krke cancel krwate ha
2222654c-557a-4801-a10e-867dfe9c303e,rider,2026-06,2026-06-04T09:18:16+05:30,5,8.93.0,4,good facility for people
ca165624-52ff-48a5-a756-b57ed22a50f7,rider,2026-06,2026-06-04T12:10:01+05:30,3,8.100.0,6,number won't show to rapido drives
83ecfc71-9434-4f79-93b3-4d6742e3d529,rider,2026-06,2026-06-04T23:23:07+05:30,5,8.110.0,26,"It's really an amazing app, for public transport, opportunities to earn for the captains and much convenience for the riders, as well. Have a wonderful ride.👍👍"
d8805e2c-b9b5-47ae-bc90-f8348ab4a415,rider,2026-06,2026-06-05T14:20:44+05:30,1,8.110.0,7,very high prices and drives behave bad
6236dd78-82f7-419c-9ed3-265204d15f2e,rider,2026-06,2026-06-07T17:09:59+05:30,1,,3,Horrible customer services.
8b5f75c0-69aa-4fac-8582-5df534142a18,rider,2026-06,2026-06-08T10:49:17+05:30,5,8.109.0,15,"nice aap for office work and everywhere going anywhere using aa rapido cap, auto bike"
103c526b-c433-46f8-aa60-fcb9d89e1905,rider,2026-06,2026-06-11T13:35:36+05:30,5,8.108.0,3,nice and comfortable ☺️♥️🎉💖😊
8f480652-0012-4299-849d-1a42435872d3,rider,2026-06,2026-06-11T13:59:32+05:30,1,,20,to long time take a ride anyone emergency in this situation and rider not pic ride what are doing man
0f2a371a-e7d2-427d-9458-397e9d442d44,rider,2026-06,2026-06-11T21:40:12+05:30,5,8.110.0,11,good service and good communication well done and keep this business
6e0c6c56-f7f8-4872-b5c3-3c85f82355e6,rider,2026-06,2026-06-12T01:41:27+05:30,3,8.111.1,87,not worst..WORSE is better than this... i can say... I'm using this bike taki rapido ...sicnce 2019 ... check my number if you have any doubts... prices your choice if I ask U tell that you want book or go away what is this responce... Your drivers or Riders they are taking very Non-talking... I Can speak much they can or you can... Rider's must have first discipline and Obedient Behavior... Learn your your riders or something first... licence is must but behavior should be in Standard
1f3a12bb-aff5-4993-85ea-be7f018ac2a8,rider,2026-06,2026-06-13T15:42:36+05:30,5,8.111.1,10,It is an economical mode of commutation. Go for it.
0d8adc81-89d5-40f3-8602-f47c3e3350cb,rider,2026-06,2026-06-15T16:51:17+05:30,5,8.111.1,2,best option
c45cc985-27f5-4dd9-9cf6-e6cb464fae85,rider,2026-06,2026-06-18T04:59:14+05:30,5,8.112.0,2,nice drive
0c772c74-0e5f-4ba4-8ece-886ab4a709eb,rider,2026-06,2026-06-18T15:13:08+05:30,5,8.112.0,4,rapido deled my mistec
b7706df0-8b66-4dd5-a246-ffe2d578d54c,rider,2026-06,2026-06-18T22:07:26+05:30,5,8.112.0,4,till now safe ride .
304db79a-6698-4924-88d2-22dc3204e34d,rider,2026-06,2026-06-18T23:25:34+05:30,1,,4,sabko extra pesa chahiye
35044b2a-2a5b-4f01-babc-2f8d01a87451,rider,2026-06,2026-06-19T13:46:55+05:30,5,8.109.0,2,help full
32fc5a4f-9d89-4c84-8b50-12b8fca59914,rider,2026-06,2026-06-19T14:08:14+05:30,1,8.112.0,85,The app is excellent. But the captions are very bad. Either you increase the rates of all services or these captions will charge an extra amount from the bill. it happens every day to me. I'm staying in coimbatore for 1km as per the rate it is 52 but All the captions are charging an extra amount of 100 from the bill Is that correct? They are behaving Very Badly if we don't agree to pay that extra amount. Then what is the need of this facility
e2018687-a1b4-4aa0-8c0e-a897c616198e,rider,2026-06,2026-06-19T18:55:59+05:30,1,8.113.0,5,worst service fraud and scam
143b18a8-e56a-40d6-b193-76128f80ff5f,rider,2026-06,2026-06-21T15:10:39+05:30,5,8.104.0,2,nice work
fc280396-a0eb-41e6-b343-309b8ca7dd2b,rider,2026-06,2026-06-21T16:42:19+05:30,5,8.104.0,2,nice ride
7f176c77-7697-4950-b7cf-8bff2e82ad57,rider,2026-06,2026-06-22T04:42:48+05:30,5,8.104.0,4,एक्सीलेंट 😄😄😄
28ef65bb-e6eb-4c1a-a487-0883900bfa12,rider,2026-06,2026-06-23T08:23:25+05:30,5,8.113.0,2,Super Driving
e3a1f0dd-2223-4613-b359-865fb2f6b22f,rider,2026-06,2026-06-23T12:18:22+05:30,5,8.110.0,1,supar
6fb8038a-252c-4a88-8868-1491f8e7bbde,rider,2026-06,2026-06-24T22:25:25+05:30,5,8.112.0,2,good driver
bae77eda-84ea-455a-8b48-dd9b201382dd,rider,2026-06,2026-06-24T23:07:08+05:30,5,8.107.0,5,"good nature, clean can polite"
3f5a01ad-c7f1-4d48-9767-a992af600fd0,rider,2026-06,2026-06-25T06:27:12+05:30,5,8.113.0,3,Very prompt. Super 👍
b65ba4ea-9488-435f-838e-b3b7e3cd5a78,rider,2026-06,2026-06-25T18:16:53+05:30,5,8.113.0,3,very nice drive
840a0df9-bb78-45a0-9deb-082b9009bf30,rider,2026-06,2026-06-27T08:19:56+05:30,5,8.113.0,4,good service. best rate
3a88a72d-1b77-4e5c-b3af-8274000f168a,rider,2026-06,2026-06-28T11:36:31+05:30,5,8.103.0,17,it is safe and reasonable prize I prefer rapido mostly. our family members prefer and like rapido.
1634459e-dc0a-46a3-9201-ea6d3aec09a1,rider,2026-06,2026-06-28T14:46:45+05:30,5,8.113.0,6,"till now, experience has been fine."
1e6d7407-78e9-4472-8bd7-a31127692d05,rider,2026-07,2026-07-01T15:14:26+05:30,5,8.114.0,6,Excellent app worth of each rupee
f9873b78-0cfd-4510-98d5-4d5f1f06624d,rider,2026-07,2026-07-02T09:26:13+05:30,1,8.114.0,74,"Extremely poor experience with Rapido. The rider kept roaming around in different areas instead of coming directly to my pickup location, which unnecessarily increased the fare and wasted my time. To make matters worse, the bike number displayed in the app did not match the actual vehicle, which is a serious safety concern. The rider never reached my exact location, and despite this, Rapido charged me a cancellation fee when I cancelled the ride."
ddf5f7e1-c2c1-4f8f-9673-5e033b52e308,rider,2026-07,2026-07-02T19:16:58+05:30,5,8.114.0,5,made my life very easy
2e5fe607-e9e2-4ea7-a216-25c7606be8fc,rider,2026-07,2026-07-02T19:23:02+05:30,4,8.114.0,5,very good and convenient service
515e774b-145a-4179-882c-7c3aef73e845,rider,2026-07,2026-07-02T20:49:56+05:30,1,8.114.0,54,Very poor service of yours...they do not accept the rides of the old customer even if our ratings are at 5 and at top of that they also charge extra dua to traffic but when we book the ride they show us the rate including the traffic charges then too they demand extra ...whyyyyyy??????
2614cba7-0788-4d37-a006-5a61cac2c940,rider,2026-07,2026-07-04T11:36:43+05:30,3,8.114.0,6,some time no eny driver available
3884ca30-2f09-44d7-b8c9-12bef9d69dad,rider,2026-07,2026-07-04T16:04:33+05:30,2,8.114.0,19,even for a small ride with fair amount they didn't accept the ride and asked to add extra amount
7f325769-8b0d-4bba-8aef-2e221954af54,rider,2026-07,2026-07-05T00:31:10+05:30,1,8.110.0,80,"Very disappointing experience with Rapido. I booked an Auto ride on 04 July 2026, and the app clearly showed a total fare of ₹202. However, after the ride was completed, the driver charged me ₹326, overcharging me by ₹124. I have reported this issue multiple times through the app, but I have received no response or resolution. This is completely unacceptable. Please investigate this ride and refund my extra ₹124 as soon as possible. If this issue is not resolved, I will uninstall the Rapido app"
a450c2f7-d91e-488e-a6e0-aada136db9a7,rider,2026-07,2026-07-06T21:25:41+05:30,5,8.114.0,6,ride is good driver behaviour excellent 👌
3b32a1b6-822c-4d74-8ca3-a541b46b714f,rider,2026-07,2026-07-06T23:44:57+05:30,5,8.115.0,12,maybe price is higher in comparison to others. But rapido means surity.
b10167be-8ab8-4f90-96ec-683ed2d4fb8a,rider,2026-07,2026-07-07T13:17:04+05:30,5,8.107.0,2,good person
45cf9ec8-8bad-44f9-9f37-6f2814ac8326,rider,2026-07,2026-07-08T09:20:29+05:30,1,8.114.0,27,captain is taking too much time to accept sometimes I wait 20-25 min for confirm the ride. i kindly request the rapido team pls look out this problem
40a35ce8-78aa-4514-bf2b-11618df31c50,rider,2026-07,2026-07-08T20:17:00+05:30,5,8.115.0,15,"excellent and professional team, keep it up, special Captain is well trained in all manner."
8dfb3ec7-b418-41b8-9e92-69b82e36d822,rider,2026-07,2026-07-09T06:46:52+05:30,5,8.107.0,7,good 👍 parcel 📦 to bike so so usefull
f8a22ec0-72cb-4ba4-a529-472534677fdf,rider,2026-07,2026-07-09T15:14:46+05:30,4,,9,great app for transportation but sometimes coupon don't work
caf5abd8-752f-4eeb-a218-94972cebdd9f,rider,2026-07,2026-07-10T18:04:08+05:30,1,8.113.0,78,"i recently heard about a women who choosed women safety feature while choosing ride but still she suffered a brutal accident because driver was trying to overtake a tractor which resulted in many broken ribs, leg bones and pkastic surgery and the check is rapido customer service replied that they are not responsible for this means what the hell therefore for that reason iam giving rapido 1 star i wish i could write review without giving a single star🙄😒"
5c96cf13-13d3-4abd-93e7-7421a0e1519a,rider,2026-07,2026-07-11T08:51:09+05:30,5,8.115.0,21,Fast and convenient. suggest to add more Scooties being convenient to keep bags or other items. Thanks for making service fast.
793ab4ca-0a8e-4f4e-a0be-7e8abbcc1169,rider,2026-07,2026-07-12T10:35:02+05:30,5,8.115.0,2,good ride 🥰
de6b8fe0-5d7e-486d-891a-d0095c6812db,rider,2026-07,2026-07-14T09:47:06+05:30,1,8.116.0,34,1)worst app captains never accept ride even when nearby 2) 2nd review still same problem no captain accepts ride asking to pay more 3) once again no captain picks ride one picked and asked to cancel
b2c77f10-ecc7-4104-a815-bd22fd623124,rider,2026-07,2026-07-17T09:28:27+05:30,3,8.116.0,7,increase the price when reached on destination.
27e43e07-e458-4ab0-ac18-43bfe1b50d2a,rider,2026-07,2026-07-17T13:28:52+05:30,1,8.116.0,49,"As a commuter, i found this platform to be highly unsafe specially for women and senior citizens, better go with ola and Uber, these guys are just looting customers and even customer agents are also captain supportive. they will say we will take action, but no one does anything."
d7ed9a22-f299-46fe-b8b4-1813938c2101,rider,2026-07,2026-07-17T18:33:23+05:30,1,8.115.0,76,"I have faced repeated inconvenience due to your drivers' unprofessional behavior. On two separate occasions, a driver accepted my ride request but deliberately canceled it after making me wait because they had already picked up other passengers instead. This caused me significant inconvenience and wasted my time. Such behavior is unfair to customers and reflects poorly on your service. Drivers should not accept bookings if they do not intend to complete them. Repeated cancellations without valid"
923adb7f-56b4-4aef-a0a6-4d3c4a5dc02d,rider,2026-07,2026-07-18T13:58:55+05:30,4,8.116.0,6,I have good experience with rapido.
89bfdbc6-e8a2-4b94-ae9f-c784f4836aee,rider,2026-07,2026-07-18T18:55:53+05:30,5,8.115.0,30,best app. thanks to innovative solution this saves lot of money as you can use bike option or scooter option. sometimes rude driver comes but other wise much innovative app
dd50c570-f3c4-445b-8b77-ed9bddfdc349,rider,2026-07,2026-07-19T12:54:05+05:30,1,,6,wrong service is a rapido mumbai
302a794d-b4bd-4ae5-9abb-68bde3af9470,rider,2026-07,2026-07-22T09:04:25+05:30,5,8.117.0,5,one of the best services
622f43d8-9b8b-46d8-8975-4920f2644fc7,rider,2026-07,2026-07-23T08:34:42+05:30,1,8.110.0,6,don't download this worst app please
6f976126-fb22-4c19-9ce8-18c792e52a84,rider,2026-07,2026-07-23T09:30:14+05:30,4,8.117.0,67,"its the best app for instant vehicles in emergencies but I would like to request you to remove the ""increase amount"" feature or atleast keep a limit of 10-20 only because the drivers here charge alot of amount before they accept a ride coz they know there is an increasing option , which make us pay literally double of what amount should be given actually . overall it's the best."
fe8f5a1f-60dc-4eb5-b30b-b96f0a67a17d,rider,2026-07,2026-07-24T17:57:27+05:30,3,8.115.0,31,"it's great with coupons but sometimes frustrating, because coupons they issue are not known to the driver himself , so we need to make them understand and then there is an altercation"
8cac2fa3-d895-40cf-aa71-4b5cdfa17922,rider,2026-07,2026-07-25T17:58:43+05:30,5,8.117.0,41,Please expand your service area further so that it can also be used from one city to another. I am from Mau City Uttar Pradesh but there is no service available to go within 50 kms. Service is good for 2 to 4 kms
34628b36-2671-405b-9e0c-4cd398c50ac6,rider,2026-07,2026-07-27T07:32:17+05:30,4,8.117.0,36,normally it's okaye. it take time bt I came.. but sometimes drive accept the ride after that didn't move from that place nd even they didn't inform us that he is not able to receive us..
94819edf-18f0-47bb-b639-523172a9b10b,rider,2026-07,2026-07-28T07:25:10+05:30,4,8.117.0,10,many times shows higher prices than actual in metro cities
da2a24ca-1051-453c-ab19-9d98355a6e27,rider,2026-07,2026-07-28T15:15:50+05:30,5,8.117.0,2,Nice drivers
daebdbe2-2f9c-4c3c-823d-937afe370c04,rider,2026-07,2026-07-29T17:27:14+05:30,2,8.117.0,26,riders not at all accepting the rides with the amount while additional amount starts with 10 rs it is not good better start additional amount with 5rs.
a1816a13-a2bf-4be7-89ee-887ac723ed76,rider,2026-08,2026-08-01T13:33:58+05:30,1,8.118.0,61,I'm unable to login back using my phone number. I had to delete my rapido account with my number. now when I'm trying to login back it's saying my account is blocked. I raised a ticket with the app and it is also in an unresolved state for more than a week. now how am I supposed to use the app.
711390b8-e736-4865-b7ec-988fca90fbd1,rider,2026-08,2026-08-02T10:02:39+05:30,1,8.118.0,3,location not received
feafde42-a5ce-4329-a3ed-3d0c4c65e007,rider,2026-08,2026-08-02T20:22:49+05:30,5,8.115.0,2,v good
3d3f64e0-4ddb-48c2-bcff-760ec6e731b5,rider,2026-08,2026-08-03T15:11:04+05:30,5,,1,exleny
eab574eb-061d-4022-bf61-9f498e169354,rider,2026-08,2026-08-03T18:28:01+05:30,1,8.118.0,59,"The worst of all ! nowadays there is a rapido mafia in every city ! They show one kind of far the in the app and after travelling they charge high fare ! Also if you dont pay them according to their needs , they will mark you and cancel everytime you search for a ride !! Currently rapido is the worst of all !"
169f21a0-8f10-45f9-ab3f-04fec48a8ff6,rider,2026-08,2026-08-04T11:57:10+05:30,1,,82,"Very disappointing experience with Rapido Auto, especially at Ahmedabad Railway Station. This is not a one-time incident. It has happened to me three times. In my latest ride, the fare shown in the app was only ₹78, but the driver demanded ₹125. On another occasion, the app fare was around ₹180, but I was forced to pay ₹490. Whenever I refused to pay extra, the drivers became aggressive, started arguing, and tried to pressure me into paying more than the fare shown in the app."
dd62166d-5072-40d4-bcf8-a7902ab814c8,rider,2026-08,2026-08-04T20:35:15+05:30,1,8.119.0,6,"Useless support, unsafe for female riders."
99655780-c953-4112-80ee-4143fa96f237,rider,2026-08,2026-08-06T14:12:52+05:30,4,8.118.0,3,sometimes location issue
8efcec38-07ad-4bc7-8640-30b02637d2e2,rider,2026-08,2026-08-06T19:14:35+05:30,3,8.118.0,6,almost all rider take extra money
89c04e8c-cc4a-4724-972b-e21eb67f4c21,rider,2026-08,2026-08-07T16:41:24+05:30,3,8.118.0,31,"Availability used to be good, but nowadays for a 60 rupees ride, it's charged at 99/100 and the add-ons start at 30, not even at 10. Even after adding there's no use. Outrageous rates!"
8ad8569c-f53f-49a0-9286-916a50c6bca2,rider,2026-08,2026-08-11T19:03:44+05:30,1,8.120.0,95,"this is a very bad app they don't know how to hire captains today it was raining so I just booked an auto but then I cancelled it after few minutes the caption started continuously calling me and abusing me that he is standing at the location although I had already cancelled the ride Italked to him very nicely but he was just abusing me and harrassing me that he knows my location and will come and then blackmailing me that he will file a complaint,I looked for help in rapido didn't got response"
bdf6d153-7475-41e2-aeac-32814223bbcb,rider,2026-08,2026-08-13T10:19:37+05:30,3,8.120.0,6,Rates are same as cabs fares
1204a991-ef18-4940-a4e5-9c86e1ef65f6,rider,2026-08,2026-08-14T20:30:12+05:30,1,8.120.0,24,worst experience they don't even accept the ride and waiting time is too long if anyone is in an emergency so they could die
83bed81e-ea26-4b7b-9258-c2df32871d2b,rider,2026-08,2026-08-14T20:49:57+05:30,5,8.120.0,18,I am becoming used to for rapido. great service with affordable price and convenience. keep it up rapido..
f92df3f0-d0f6-4c02-a2fa-db6bf835898f,rider,2026-08,2026-08-15T08:17:03+05:30,5,8.120.0,11,अच्छी सर्विस रिजनेबल प्राइस
e56b5115-08c2-4c75-a5e3-3ffbc5cbe974,rider,2026-08,2026-08-15T10:24:35+05:30,2,8.120.0,4,no sense of humour
61a10b07-e5d3-476e-8211-c7d8c2bcb2d5,rider,2026-08,2026-08-17T19:50:26+05:30,3,8.119.0,2,Good work
e5e1634a-06bd-4739-8e1e-454bbdfdfaab,rider,2026-08,2026-08-18T18:25:30+05:30,1,8.120.0,86,worst experience in rapido from my friend accidentally choose wrong location but auto driver telling it is not cancel the ride he is telling i will drop your exact location as per rapido he also agree with that after that he was was reaching location he closing rapido app and teeling give me 600 actual price is 495 on rapido he is asking random ly and abusing in cheap words in public and teken 550 amount doing harasment in publicit is happend in Bengaluru iam uninstall after that incident
41a73499-9327-400c-a9f6-d7122c0cfd87,rider,2026-08,2026-08-18T19:10:38+05:30,1,8.120.0,30,if there is an option I will give you a 0 rating. The driver charges me a higher fare and i write for help but i do not get any response
16ce2e22-4d9a-4256-9f72-ccaa14491b17,rider,2026-08,2026-08-18T20:13:46+05:30,1,8.60.0,1,shame
eb18c8d6-0507-4e79-90d6-141706f80fa3,rider,2026-08,2026-08-18T23:15:16+05:30,1,8.121.0,22,"want justic for rapido cab driver ankit, whose id has been suspended for 99 years... here i m deleting the app right away...."
882b0b29-b150-4e97-b382-b8981ed070c7,rider,2026-08,2026-08-19T08:43:43+05:30,1,,5,💩 app through discriminating his employee
c1bde159-0604-421e-b68d-1bf338805f74,rider,2026-08,2026-08-19T09:46:18+05:30,1,,8,when the ergent no take accept the ride
2cc273a0-9cab-4f7a-9724-148bb6075362,rider,2026-08,2026-08-19T10:19:32+05:30,1,8.121.0,12,Keep assigning creepy drivers. Keep giving them a platform to harass women. 🤩🙏🏼
ceafc4aa-0e69-4f80-a6ce-89487a5769c0,rider,2026-08,2026-08-20T02:41:45+05:30,1,8.121.0,5,very bad and unsafe app
94c12c15-833b-4f1a-bba2-0d634834c1a3,rider,2026-08,2026-08-20T08:49:38+05:30,5,8.118.0,6,Good app but always overcharging riders
bc52781d-9525-4b71-bd73-86b840e4a97f,rider,2026-08,2026-08-21T10:56:07+05:30,1,8.117.0,29,"sometimes it's too irritating, rode time pe confirm nhi hote ola se jyada rate rapido pr ho rehta hai aur phir late ho toh bahar auto walo ke nakhre"
5438f299-3842-49cf-b073-d23bde7bba86,rider,2026-08,2026-08-21T17:36:07+05:30,4,8.122.0,85,Thanks for the refund! today I was charged double for a simple ride without my notice by first showing ₹59 as fare and finally charging me ₹120 without any waiting time involved. driver behaved rudely when i told him there is some error. He threatened and started driving to police station to demand full money. I kept messaging support and there is still zero response till now. somehow I managed to get down and had to pay extra money xtremely disappointed and was worried about my safety.
aad42f55-fdc4-4ad8-bcb3-0ca4f958bca4,rider,2026-08,2026-08-22T18:52:36+05:30,1,8.121.0,22,low very poor app captains doent accept rides even after being near and charge absurd amounts very third class service and app
bbc5beb0-418c-444d-9d24-babb4b97da67,rider,2026-08,2026-08-24T21:07:55+05:30,3,8.121.0,9,The app keeps closing after the recent update @devs
1c94ae0f-cf39-4688-9575-e0d499560a5f,rider,2026-08,2026-08-26T15:17:14+05:30,1,,6,never gets the ride on time
e5ce1488-e0b4-4dca-95f1-49e80ee6a594,rider,2026-08,2026-08-26T22:29:55+05:30,1,8.122.0,100,कप्तान ने करीब आधा घंटा मुझसे इंतजार करवाया जिसकी वजह से मीटिंग में देरी हुई। ओर कैप्टन मोबाइल स्विच ऑफ कर रहा था बार बार जब मै कॉल कर रहा था ओर नेट भी बंद कर रहा था जिस कारण मुझे उसकी लोकेशन जांचने में समस्या आ रही थी तो Rapido Owner से विनती है कि कप्तान पर कार्यवाही करे धन्यवाद
169f5518-597b-4ebc-9c12-578ceccc1f24,rider,2026-08,2026-08-27T12:59:36+05:30,1,,17,"Terrible experience. Drivers are refusing ride requests just to demand extra money for faster rides. Worst service."""
9a853cd8-6f0e-49f9-bf23-c43461a46ddf,rider,2026-08,2026-08-29T16:16:07+05:30,1,8.122.0,19,Wosrt app Does nothing Captains are like captain America And customers are slaves And Rapido is just CAB AGGREGATOR
246bf77d-7991-4c56-ab7e-ea61fe858ff5,rider,2026-08,2026-08-30T17:13:27+05:30,4,8.122.0,18,A few auto drivers accept then ask the customer to cancel. This is harassment and should be curbed.
308b501e-6865-4f06-bda3-71cd394ae8b1,rider,2026-08,2026-08-31T22:29:42+05:30,5,8.123.0,24,"Easy to use app, quick bike rides at reasonable prices and I love the offer coupons and coins that gets accured after each ride"
bc8e6541-6b78-48bf-b456-f4cf8137235f,rider,2026-09,2026-09-01T17:50:19+05:30,5,8.122.0,9,please mera number suspended ho gya hai recover krdijiye
3c86cc3a-bd86-4acb-9345-18ce8870e5bf,rider,2026-09,2026-09-01T20:08:35+05:30,5,8.123.0,4,good and efficient app
0d2c5bc8-d86a-44ec-bbc7-0537fc0424f1,rider,2026-09,2026-09-02T12:39:01+05:30,5,8.123.0,10,nice cab and good driver so happy routing my trip
60ed59af-412a-4cf2-bca5-3bf5c3b7a86c,rider,2026-09,2026-09-03T12:53:01+05:30,1,8.123.0,30,"So the load becomes more, more than the normal load and I don't get a captain quickly due to which I am late every day and my time gets wasted."
8636eb11-6200-48d8-9113-95a060acf649,rider,2026-09,2026-09-03T15:42:46+05:30,5,8.121.0,11,my ride it very good to daily me use in rapido
79ca7c5a-2f05-4aec-a33e-6cab7390810e,rider,2026-09,2026-09-04T08:23:17+05:30,5,8.122.0,4,very nice and accurate
3d64fce9-dc2f-48e0-9aa8-c1153b4b5744,rider,2026-09,2026-09-05T21:18:36+05:30,5,8.123.0,4,no extra money asked
b49202fc-b442-41ea-b968-6fd6b7aa9813,rider,2026-09,2026-09-05T22:37:31+05:30,5,8.124.0,1,well
77be0413-09a5-4af4-b766-9d2109d32a82,rider,2026-09,2026-09-06T12:54:24+05:30,5,8.123.0,18,"“Excellent service. The ride was smooth and the driver was polite and professional. Overall, a very good experience.”"
144e3880-1a24-4c27-8da2-7835373c119b,rider,2026-09,2026-09-06T13:59:09+05:30,5,8.120.0,3,"affordable, clean vehicle"
1b5d286d-a6c9-451b-94da-a51ead187d76,rider,2026-09,2026-09-06T19:16:02+05:30,1,8.123.0,2,bade expiriuans
3013c7eb-83c7-42ce-81a4-cb3be14089db,rider,2026-09,2026-09-07T12:40:46+05:30,1,8.123.0,2,vary dad
b9616626-5bb2-498d-9ea3-5d7cca4b2d83,rider,2026-09,2026-09-07T13:57:44+05:30,4,8.123.0,2,very safe
9e8618eb-8fe3-48de-8baa-38f01ef86440,rider,2026-09,2026-09-07T17:14:45+05:30,1,8.123.0,26,i changed the rating from 4 to 1 after long time.every time when I tried to book it showing the double amount when compare to other apps
a2abd145-31e9-4835-99f5-9b9c38f1d9ef,rider,2026-09,2026-09-08T15:09:05+05:30,5,8.123.0,7,Rapido Service is best & Safe For Womens..
9472aec3-657b-4b38-b1c2-552157b29e0a,rider,2026-09,2026-09-09T00:15:05+05:30,5,8.123.0,4,Rapido is tremendous platform
90dc8951-b9ec-4ecb-bcec-748a2b4b4d3b,rider,2026-09,2026-09-11T10:33:50+05:30,1,8.124.0,18,"Worst Service ever seen. The rating would be 00 star if provided. Not at all recommended, specially during emergency."
81554c8e-ac3d-48f8-ba2c-46e375ec71b0,rider,2026-09,2026-09-11T10:38:14+05:30,1,,3,very late response
2a6e9069-7a7f-4179-9105-f1be346fe323,rider,2026-09,2026-09-11T13:34:45+05:30,1,8.124.0,6,worst application I have seen ever
e7988c2f-de15-4efd-b743-f1e74ed541ab,rider,2026-09,2026-09-11T19:47:25+05:30,5,8.116.0,7,spread your service all over the world
5bf8ca8d-8706-404d-9f6f-c5a8c58ba044,rider,2026-09,2026-09-12T15:15:54+05:30,1,8.7.0,30,Worst App To Start your Day if You're Already running Late They will make sure that you'll never get on time and They are Running Campaign for 5 min me cabs
1645ce47-a0c1-483d-b4f0-324f0ac48feb,rider,2026-09,2026-09-13T08:22:25+05:30,5,8.124.0,2,v.good
16412e29-b63a-4c82-849d-f78a2b5ad895,rider,2026-09,2026-09-14T16:20:02+05:30,5,8.124.0,2,very happy
f39d604a-53b7-4bbb-b999-b3cdb4fe32fa,rider,2026-09,2026-09-16T07:54:30+05:30,1,8.125.0,22,what's the use of this app when noone accepts the ride or cancels if you don't add 50-70 extra on the shown fare
69190310-b71b-4aa7-b47d-e7ee0072a650,rider,2026-09,2026-09-18T20:49:26+05:30,5,8.125.0,6,thank you so much this rider 🙏
0e888baf-763d-42af-936d-1305222cdc09,rider,2026-09,2026-09-19T16:52:45+05:30,1,8.124.0,43,"there is no need to give single star but there is no option for no star, very bad experience ever , every time in emergency I booked ride but got cancelled from rapido team, don't think there is growth for them in this market"
2b6d6e80-1443-43dc-a281-8062d1ddcdcd,rider,2026-09,2026-09-21T22:24:39+05:30,1,,46,"If there is a problem with drivers, the app customer service will just try to save their asses with lame reasons. Worst customer service. Also the ticket booking for metro is very problematic and the booked tickets go missing before using if we book another ticket"
220f8e5e-ccab-4800-8a29-31aca93b3802,rider,2026-09,2026-09-22T09:09:12+05:30,1,8.125.0,35,you can use it to save money but at your own risk because most of the drivers are using vehicles which are different then the registered one on the app. Females should avoid this app.
6d7d46aa-1c0c-4c88-8052-105c8526ec6f,rider,2026-09,2026-09-24T09:58:52+05:30,5,8.125.0,5,satisfied drive and safe drive
2bad26e0-5b77-470e-b005-c3f63fe544b3,rider,2026-09,2026-09-24T16:46:24+05:30,5,8.126.0,3,very responsible driver
4a988897-8d12-445e-b7f8-7261aa1e6bc5,rider,2026-09,2026-09-25T08:09:53+05:30,1,,18,Riders are very rude and they demand extra money. There is no customer support to help the customers
fb8c8103-8311-4284-9d51-3e729a2b5fca,rider,2026-09,2026-09-25T19:26:22+05:30,5,8.123.0,2,naice bhai
9ebbb720-2182-4f23-b25f-c3fc2abfd8e5,rider,2026-09,2026-09-26T19:11:20+05:30,5,8.126.0,8,Easy to go any where. Must use rapido
f389206d-e968-43ad-9bce-d48c33d590f9,rider,2026-09,2026-09-27T12:18:12+05:30,4,8.126.0,15,Fare are little bit on higher side but overall customer care and service is good.
9b93a60e-12db-4bc0-afe3-e9e5759f50e0,rider,2026-09,2026-09-28T09:10:32+05:30,3,8.127.0,30,"while starting for 2km only 25 to 35 rs charges but now 50 to 60 rs which is double the charge and I started using daily it cost like this, which is totally unfair."
4007a946-08fd-466b-aaab-62823ffd123b,rider,2026-09,2026-09-30T17:45:18+05:30,5,8.126.0,2,Aachhi service
cc35aaa1-b5a0-4c56-9af3-ecd0fab8695d,rider,2026-09,2026-09-30T21:19:56+05:30,5,8.126.0,2,save Drive
87d1d58c-c325-4692-a019-7ef86ef6d4a9,rider,2026-10,2026-10-01T06:23:52+05:30,5,8.127.0,20,It is good for the person to travel from one place to other place with low cost and with safety
534e5984-af32-4c42-9725-3ead2e5f07e4,rider,2026-10,2026-10-01T08:50:59+05:30,1,,15,mujhe freeride mila tha fhir bhi rapido ne paise liye ye app use mat karo
1070ba3f-313e-4ec9-aa88-2ab427c12c1f,rider,2026-10,2026-10-01T09:43:23+05:30,5,8.125.0,2,awesome Driver
935cd7a4-d9f1-45da-a6d7-fe875ae18856,rider,2026-10,2026-10-01T10:35:42+05:30,5,8.126.0,6,Very good service at Belgaum city.
f36b787a-dfe4-40f6-89ee-48c9e123d3b3,rider,2026-10,2026-10-01T10:36:17+05:30,1,8.127.0,6,It company do not care customers
e3969716-bdd3-4d11-b969-fa17141c01ad,rider,2026-10,2026-10-01T11:47:19+05:30,2,8.123.0,25,"The help center, they don't response quick don't connect you to the agent on time no response even if u need any help that time"
9dcac721-2ca5-4ae5-9836-7424cc9e2642,rider,2026-10,2026-10-01T11:53:48+05:30,1,8.127.0,11,worst app ever seen doesn't seems to gain a star also
fac03542-e4bc-468e-9653-047a16237150,rider,2026-10,2026-10-01T13:21:18+05:30,5,8.125.0,2,good rider
ccacdfe3-40f0-403e-8ee4-4b8ea7421dd3,rider,2026-10,2026-10-01T15:32:55+05:30,3,8.126.0,20,captains are not accepting the ride it take 40 mins that day to me to accept ride plz accept ride fast
77aecdba-aa33-4e92-9706-68a93e667bab,rider,2026-10,2026-10-01T20:06:26+05:30,5,8.126.0,9,nice drive excellent customer service good behave good serives
361ce29e-13cb-48c6-aa81-c3eb7222e676,rider,2026-10,2026-10-02T08:04:50+05:30,5,8.126.0,2,సూపర్
bdfe6357-ab21-411c-a8e8-20bd0d0197a9,rider,2026-10,2026-10-02T11:30:05+05:30,5,8.127.0,14,helpful..all the way in this labyrinth.. especially for the senior citizen like me
d7e7e1c0-4ab5-400d-971f-694d024f5003,rider,2026-10,2026-10-02T11:35:27+05:30,5,8.126.0,9,very good service pune me chalu karo jaldi hi
400279e8-41e4-4279-8e3a-a4a70352a55b,rider,2026-10,2026-10-02T11:56:14+05:30,5,8.128.0,9,add food delivery option from restaurant with delivery charges
f9b2a102-2a34-4ad7-b141-9485e9a576fb,rider,2026-10,2026-10-02T12:22:50+05:30,5,8.127.0,3,Mom Dad dhokesa
f4e2d2ab-5eb2-4fba-bb80-be418ae2709a,rider,2026-10,2026-10-02T15:39:30+05:30,4,8.127.0,4,prices little bit high
653e1413-3db9-4217-8b5f-90c62344b3d9,rider,2026-10,2026-10-02T15:40:01+05:30,5,8.127.0,5,Turn scrolling into smart learning
b2881600-534c-4532-a82e-5ca0649acaf7,rider,2026-10,2026-10-02T16:13:29+05:30,4,8.127.0,2,not happy
7134e36f-47be-4a33-9f6d-a57d6cffbd3f,rider,2026-10,2026-10-02T20:56:53+05:30,5,8.123.0,3,very nice ride
90b8e06c-05bb-430d-af97-68836b88121a,rider,2026-10,2026-10-03T13:14:16+05:30,3,8.127.0,10,Some time Bill not accurate as we pay to caption
f298a23d-6225-4fc9-81f2-8c335995a764,rider,2026-10,2026-10-03T15:06:35+05:30,1,8.127.0,17,the UPI QR or UPI phone number should be visible to make the payments (when via cash)
431463f6-3dab-4824-8ef1-244d14ba7931,rider,2026-10,2026-10-03T15:06:50+05:30,1,8.127.0,11,The cost of trips is higher as compared to other apps
26e6690d-323b-46e1-a80e-8a45015473b6,rider,2026-10,2026-10-03T15:21:40+05:30,5,8.127.0,3,affordable and safe
bf29a1a0-2635-49eb-84bb-b00edb5eeb8c,rider,2026-10,2026-10-03T23:31:48+05:30,4,8.126.0,4,very nice fast results
31e12901-d271-4a2a-926d-6d19dcc55cff,rider,2026-10,2026-10-04T07:29:25+05:30,3,8.119.0,4,estimate fare issue always
877f8af8-b19e-4687-b003-07b77c95b4e4,rider,2026-10,2026-10-04T10:01:26+05:30,1,8.127.0,75,The driver took extra money for the toll which is already included in the fair price also mentioned in the trip details. but he had taken extra money when denied he was threatening me. when raise complaint on rapido app. no action is taken. customer executive is not responding from last 30 mits. so how rapido is safe for women if this type of incidents happend with women's and customer executive is not responding in time.
86c92fcc-5e3c-45d0-a995-9f01e956226f,rider,2026-10,2026-10-04T13:12:42+05:30,5,8.127.0,7,professional captain.... excellent ride...thank u rapido.....
0b5a8538-f8fc-4bb6-a1a7-3610d416da56,rider,2026-10,2026-10-04T13:58:38+05:30,5,8.127.0,2,good job
86c00377-857c-47fb-a43a-283b0135f19d,rider,2026-10,2026-10-04T14:24:43+05:30,5,8.127.0,13,thik hi tha par kabhi jada late Kiya Mai bhut leti ho gai
56700c09-f582-407c-ac60-820332a51845,rider,2026-10,2026-10-04T15:30:00+05:30,5,8.127.0,1,fasting
99e78546-d5e6-47d7-9581-2fb5e8f5db92,rider,2026-10,2026-10-04T18:01:46+05:30,2,8.127.0,3,remove parental control
31d74f1a-e3c9-495b-b7a4-8b9a4a7ea897,rider,2026-10,2026-10-04T21:50:52+05:30,5,8.127.0,8,Driver is Kind Man and Good Human being
c19a3f58-07e6-4f5f-b133-b41735400d79,rider,2026-10,2026-10-05T00:40:08+05:30,5,8.117.0,3,Drivers bahavior nice
