review_id,app,month,at,rating,app_version,n_words,text
b84e20fc-598b-4131-b063-0876c726307c,captain,2026-03,2026-03-01T00:18:17+05:30,3,5.63.0,2,jhmy buyn
20bf4321-a0b6-4c33-8a21-72a29d85681a,captain,2026-03,2026-03-01T00:52:21+05:30,5,5.63.0,23,kya Kane thu bi nhi are he kya karana samaj me ni are he bhai thoda bolna kyisa karna bolke please 🥺. b. c.
7742f075-ffa7-49da-85e2-d15391d77cc1,captain,2026-03,2026-03-01T08:28:20+05:30,5,5.63.0,4,this is ameging apy
7ec38637-12d7-4183-a04e-22716eb9a070,captain,2026-03,2026-03-01T09:38:34+05:30,1,5.57.0,10,money bohot Kam deta hai company so I deactivate account
34636b5c-a0e7-46fd-b5c1-861243aea519,captain,2026-03,2026-03-01T10:51:12+05:30,1,,67,"The continuous vibration for incoming rides is unnecessary since sound alerts already work properly. Most captains keep their phones mounted and rely on sound, not vibration. Constant vibration drains battery and increases heating, especially in summer. It would be highly beneficial to provide an option to disable continuous vibration or allow captains to customize notification preferences. Kindly consider this improvement for a better user experience. Roy- SDE"
4a94086b-17f7-45a0-bd45-84e299a84d68,captain,2026-03,2026-03-01T12:37:26+05:30,1,5.63.0,36,"Rapido is a very poor application.This app always follows the riders, not the drivers. No matter how much the riders drive, it never follows the riders' expectations. This is frud application , stay away from it."
bfb1f386-b4a9-4eb4-8b20-2d3d248c5620,captain,2026-03,2026-03-01T18:10:04+05:30,1,5.65.0,2,low fair
c17487e4-ed3b-4c86-86bb-575d8fe9e04f,captain,2026-03,2026-03-01T19:48:32+05:30,1,5.63.0,5,"very bad, too much commission"
abe5ec62-cc39-4c26-9945-1cd8c59de8dc,captain,2026-03,2026-03-02T05:28:44+05:30,3,,47,no value for time.. getting less money after number captains joined.. why they hired more captains and why they decreased the cost...? the app is getting more commission and planned like wallet and subscribtions... the app is getting more money and govt taxes is high.. waste govt
cfddf177-5fea-4588-b8b2-875080b1253f,captain,2026-03,2026-03-02T18:09:14+05:30,5,5.63.0,5,Nice 👍 You have to sir 😄
8f60dc04-2252-4ea6-9159-99cddb9242d4,captain,2026-03,2026-03-02T18:58:13+05:30,5,5.63.0,10,I am so Happy With Rapido Captain I love Rapido
e27f83f3-5f2a-410b-a015-dc426efab0fa,captain,2026-03,2026-03-02T19:44:27+05:30,1,5.65.0,87,again rapido team do not provide support to me.I had face an payment issue with the customer but the customer care avoiding my problem and giving false information.Not providing solutions to my problem it is better to work with other app like uber or ola at least they listen to us.But this rapido customer care trying to fool me He was thinking I Am illiterate.Not taking call seriously.Just doing timepass on call and disconnecting the call by saying putting call on hold.
0d98d7d2-a9ab-4928-a4f7-48eb06899924,captain,2026-03,2026-03-02T22:21:14+05:30,5,5.65.0,2,good job
f8ac1a6d-ac01-4c3d-aa83-86d13154b14e,captain,2026-03,2026-03-03T09:55:40+05:30,1,,5,very very worst ramito behaviour
e492938f-7e7d-4805-9670-03e5d25b016f,captain,2026-03,2026-03-03T10:34:22+05:30,5,5.63.0,2,kvvugg and
60e058fa-3016-43c1-be91-6589302a1f73,captain,2026-03,2026-03-03T12:56:37+05:30,5,,4,get verified super app
03554f86-cc9a-42ac-861c-ce8e51087346,captain,2026-03,2026-03-03T13:53:16+05:30,5,5.65.0,2,good aap
28e716ff-2876-4d65-a59a-d7f8152c25ac,captain,2026-03,2026-03-03T16:48:58+05:30,1,,15,"jab costumers cancel order to kio 20,19,18,17 drivers screen kio dikhara bewaquf chalane wale rapido company"
d303ef69-2708-443b-aa6a-aafb7014e4da,captain,2026-03,2026-03-03T18:09:35+05:30,1,5.65.0,43,work kiyato payament ka issue hai withdraw kiyato 24 hours bolega maine bank isssue 1 Bar nahi 2 bar boleto chalega isame month me 5or 7 bar aise hi bolega app me withdraw ki problem hai emergency me hamara paisa hamko nahi doga bank problem bolege app
939d5098-f4fa-40bb-b14d-39a4a910bb68,captain,2026-03,2026-03-03T20:40:15+05:30,1,5.65.0,24,"this app is not open i using past 1 year after not using but I still now use this but not working, waste of time"
e17bd333-99c1-42ea-9829-6786db84ccd7,captain,2026-03,2026-03-03T20:47:49+05:30,1,,82,customer support sucks I have doing rapido for 9 months it was good at first but later on I had a horrible experience suddenly price per kilometre droped and the customer support sucks 😞 i have contacted customer support on the app that's not even have any options when I was in th same location with other captains everyone is getting rides but I didn't get any rides that' was so unfair and my rating is 5 stars but I didn't get any rides WHY
7d358580-c293-4b87-a199-25f8ee28ddec,captain,2026-03,2026-03-03T21:59:42+05:30,1,,20,worst app.... auto driver's lose of money very cheap amount atleast one ride minimum 100rs...60rs cheep price driver's lose
9caf1c78-b8a0-4e1a-945c-f692edb628e1,captain,2026-03,2026-03-04T00:41:15+05:30,5,5.65.0,6,I am happy your pass policy
e9babc19-3388-4c5a-ba5e-5bf0f741ef30,captain,2026-03,2026-03-04T03:46:16+05:30,5,5.65.0,3,ok not happy
1ea8f7b4-ae41-4a49-add9-cc9594be4cab,captain,2026-03,2026-03-04T06:49:07+05:30,1,5.65.0,14,bekar jaldi book nhi hota hai 30 minits mai bhi koi cab nhi dila paya
d5805299-3035-4e6b-a331-3db41d074457,captain,2026-03,2026-03-04T09:56:40+05:30,1,5.65.0,72,"why am I being penalized for an order that I didn't cancel??? even the one that I cancelled are because the customer did not pick up the call!!!!!!!!!!The other thing is that, the commission is too much, after the commission is deducted, the money earnt hardly covers the fuel expenses. out of 6 trips, I earn around 270 but it consumes around 3 litres of petrol, so there's no penny left for my labour."
4e1b6d3b-803d-4bee-a930-40fce1b06c09,captain,2026-03,2026-03-04T17:57:20+05:30,1,,2,wrost app
23c01b03-cc8d-4d04-bfb6-70d67e86f0c9,captain,2026-03,2026-03-04T18:41:26+05:30,1,5.65.0,4,reat acha nahi he
0741ddf9-e6ec-480c-af43-8f317142a692,captain,2026-03,2026-03-04T20:56:15+05:30,1,5.65.0,2,not working
263069d2-ee17-4415-91dd-3787655cc825,captain,2026-03,2026-03-04T22:03:18+05:30,5,5.65.0,1,supper 👌
428cf777-8bb3-41be-a3c3-6c468456e00b,captain,2026-03,2026-03-04T22:27:44+05:30,1,5.65.0,2,ghatiya service
f8317f60-217c-4b81-a0fc-3eaa819ff7e0,captain,2026-03,2026-03-05T00:07:43+05:30,1,5.65.0,30,customer service helpline no is worst and worst some time to to pick we travel 5km for 20rupees and gives five rupees for that there are some problem in that
8bd2827a-f208-4209-8f9b-db60e5891558,captain,2026-03,2026-03-05T06:00:49+05:30,1,5.65.0,4,very 3rd class app
36817479-fa46-441b-8bb8-75164d1726f9,captain,2026-03,2026-03-05T06:54:14+05:30,1,5.63.0,38,rapido Karnataka very big fraud driver and owners this is not good please all members I am request with you uninstall this app in Karnataka in very big fraud this create by owner very loss of rent bookings
0df9bc76-16ee-4f96-9fe9-633707f7220d,captain,2026-03,2026-03-05T15:57:35+05:30,5,5.65.0,3,good for drivers
0842d494-8c61-4aab-9a04-c3f7148acafd,captain,2026-03,2026-03-06T17:22:27+05:30,1,5.65.0,4,very bad lower earning
d66c26e3-3176-4585-b94e-ebe3d85f3b37,captain,2026-03,2026-03-06T19:45:56+05:30,5,5.65.0,4,very good app foramance
2a3e3828-6cee-41bc-80a4-23595bb2c580,captain,2026-03,2026-03-06T23:16:52+05:30,5,5.65.0,4,best friend and derive ❤️‍🩹
b7dd02f6-5c59-4b4e-8a95-88ff30633f02,captain,2026-03,2026-03-07T07:47:05+05:30,1,5.65.0,11,worest app not reaction any calls please don't use the app
d246dfd7-a268-4d45-ab0d-dfee110c94c7,captain,2026-03,2026-03-07T09:09:16+05:30,5,5.65.0,11,I'm not able to see the fare before accepting the ride ?
c4193a7d-1d6f-411b-bab2-90f5ccc49bbc,captain,2026-03,2026-03-07T11:48:37+05:30,1,5.65.0,12,most horrible app and map is worst management is badmneed to update
d1df9ccd-af16-4916-9856-0e5a8c9b0b56,captain,2026-03,2026-03-07T12:29:34+05:30,1,5.65.0,84,"this worst thing from rapido,, before delivery the item the full orders blocking my screen I can't able to access the maps and call customer and enter OTP, where the screen is filling with orders 🤡🤡🤡what r u guys doing ? before reaching the location u guys flooding with orders, and we can't able to access the maps and delivery order etc, can u explain?? what is the use to riders? it is annoying, where they telling OTP and the screen is filled with orders"
0485920c-45bc-4279-ba84-e35e1d1d1301,captain,2026-03,2026-03-07T12:44:05+05:30,5,,5,Uber kharab rate deti Hai
de7f72af-d851-4a2a-af3d-6f845b5f5cad,captain,2026-03,2026-03-07T13:13:57+05:30,3,5.65.0,3,not getting order
c99c4b9b-54f9-4193-9c00-f10fbc835efd,captain,2026-03,2026-03-07T16:36:52+05:30,5,5.65.0,26,"it is very good for those people who did not do anything after this platform they have an opportunity to earn money, and handling house finance."
548e9013-346f-47f5-acac-ff3fd565842d,captain,2026-03,2026-03-07T20:24:24+05:30,5,5.65.0,2,good aap
3ffa7ec9-e753-40f2-9c00-c48e2b9ee009,captain,2026-03,2026-03-08T08:10:16+05:30,1,5.66.1,6,worst support system don't join rapido
5d195c38-1145-4137-89ec-713dc27a04e0,captain,2026-03,2026-03-08T10:54:15+05:30,1,5.66.1,2,berry bad
245dcc2f-fe57-4f20-a9ea-a5aba825504a,captain,2026-03,2026-03-08T11:35:06+05:30,1,5.65.0,7,sabse ghatiya kompny h kota me to
5b5f7d65-01b2-4044-97a6-a0bbbcf17068,captain,2026-03,2026-03-08T11:36:01+05:30,4,5.65.0,34,"I have to re upload my documents to register, it was incorrectly submitted instead of rejecting it showing under verification more than 15 hours, support team closing the ticket without response. it's fixed now, Thankyou"
3d81b1c9-39ec-40cf-8357-c79f4c1a0a42,captain,2026-03,2026-03-08T14:30:50+05:30,5,5.65.0,2,v good
6ecb16d8-12b5-436b-931b-c9ef978e0db1,captain,2026-03,2026-03-08T17:49:01+05:30,1,5.65.0,86,"There are already fewer rides in Kota, and prices have been lowered, while Rapido's subscription price has also been increased. You should also consider captions. If there are no riders, who will you give the ride to? This will cause huge losses to the company. The rider and company are not able to recover even the petrol cost and the access fee of many parks is also being deducted. The company should not take advantage of the captain's helplessness in this way. think about the captain"
ea597f75-a84c-475c-97f9-be4efd83916a,captain,2026-03,2026-03-08T19:05:35+05:30,1,5.65.0,60,verry careless support team in rapido I am working food dilevery in this 2 time the charged my money from wallet reason is item is not available in restaurant if cancelled the order the charge from our wallet if item 1000k the also the will charge this happens 2 time with me so please don't do work with rapido captian food dilevery
e837e896-1f69-435e-b596-16c7f411e0ea,captain,2026-03,2026-03-09T13:41:22+05:30,1,5.66.1,9,ekadam suar company hai sab driver chor padhe likhe
aeff6667-427f-46ca-9e90-ad4139a772bc,captain,2026-03,2026-03-09T18:10:29+05:30,5,5.65.0,3,easy to use....
50f0dadf-8a35-4c4a-b369-d95ed0585cac,captain,2026-03,2026-03-09T23:54:13+05:30,5,5.66.1,2,nice Job
6fd160d2-6b43-439f-8542-249f21e2154f,captain,2026-03,2026-03-10T07:01:25+05:30,5,5.66.1,3,im so Happy
8c726174-c9ef-4047-949d-76f14a9f508f,captain,2026-03,2026-03-10T07:30:39+05:30,1,5.66.1,19,waste of time bro they Charge Higher Commission 👎🏻👎🏻👎🏻👎🏻👎🏻 instead of this we can earn in Uber is the best
8b179b4c-1240-48eb-9a65-236c2b254454,captain,2026-03,2026-03-10T11:43:36+05:30,5,5.65.0,1,gooooood
4f4c8056-4187-4618-b960-4525eee52945,captain,2026-03,2026-03-10T13:00:47+05:30,1,,67,"I've been a Rapido rider for 2 years and can definitely say that Rapido's map is the worst. Most importantly, Rapido deducts its commission from the rider's wallet without network issues within 1 second, but when we transfer our own earnings, it takes 24 hours for approval. Why is that? Is it Rapido's money and not the rider's? If a rider has an emergency, Rapido takes 24 hours just for approval 🤫"
c5d09cc1-fd3e-4665-90fc-5e2c31bed5d0,captain,2026-03,2026-03-10T14:18:29+05:30,1,5.66.1,94,"cheating bazo ki bhi had hoti hai, tum log ne usey par kiya hai, third class service hai tum hari , bahot jaldi hi main esey delete karunga, beimani ka paisa kitne din khao ge , sabhi rider se v request karunga,Rapido company ke sath kam na kare , bahot hi ghatiya company hai or ussey bhi ghatiya inko service hai, jab tab paisa kat lenge , fare kam denge , jis wajah se passenger se extra cash ke liye bolna parta hai, road me problem hum face karte hai, Rapido nahi , es liye ab boycott hona start"
97df0e23-14e5-4106-bda4-83749b23ea53,captain,2026-03,2026-03-10T17:42:19+05:30,5,5.65.0,4,useful for unemployed people
584c3df5-a78f-44e8-9408-2bd404ae0517,captain,2026-03,2026-03-10T18:03:53+05:30,1,5.66.1,4,chor hai rapido wale
0d238454-1ff8-4e32-855c-ba619a524a51,captain,2026-03,2026-03-10T18:20:00+05:30,4,5.65.0,69,why does app keep ringing when even after we accept the rider it rings non stop for hours 😞 written on 15/02/26 & rated single star I'm happy this was rectified soon I'm happy with this app's UI comparing Uber I'm rating 4 star ✨ & 1 star I'll add then go offline is visible amidst order it's annoying & unfriendly to minimise the order then go offline i don't how far you understood this let's see 🙈
d98ee442-e0da-437c-8c14-dca6e693d050,captain,2026-03,2026-03-10T19:05:12+05:30,1,5.66.1,5,i am not update app
445cc9ea-eb7b-4d80-9d2b-db2f3fb09267,captain,2026-03,2026-03-10T19:46:57+05:30,4,5.66.1,54,Good experience..using from 2 months...please reduce the calling sound while order is called and the vibration . And also today there was no customer in pick up and after 10min of waiting he messaged me wrong number and no mistake from my side.....point became minus one ....this is not fair please update this
98563ef8-feab-4db1-8890-6c3bd4d086a8,captain,2026-03,2026-03-11T08:22:56+05:30,5,5.65.0,1,nise
e2256b07-d0ec-4c21-afb5-aa16c2b485e4,captain,2026-03,2026-03-11T10:15:48+05:30,5,,4,such a greate app
5e729ea2-84ab-42f0-af43-a8da91dec66b,captain,2026-03,2026-03-11T11:23:56+05:30,5,5.66.1,12,खूप रेट कमी लागत आहे गाड्यांना
5eb3c0e0-4031-4afa-a68e-cf9b3557423f,captain,2026-03,2026-03-11T13:36:35+05:30,1,,9,its not working properly id didn't open since 7 days
811e583e-4422-46f9-a8c1-b550f3bba742,captain,2026-03,2026-03-11T13:59:01+05:30,5,5.66.1,2,super hdd
2fbd24a4-5621-4386-a726-37a418c46272,captain,2026-03,2026-03-11T16:57:47+05:30,1,5.66.1,32,this is waste app 🤮 because it was telling u r DL request is under verification please wait 24 hours this not giving any response still 4 days over now also giving same that type
8d61efb5-f68e-4bec-89d7-a2144fe84d9c,captain,2026-03,2026-03-11T17:25:26+05:30,1,5.66.1,48,bakwas app hai rapido captains ke liye...metro local rides ke wajah se rides aana hold kar deta hai...kutta banakar beitha deta hai rapido captains ko...hold or rides kyu block kar deta hai...tabhi zyadatar log fake rides lagate hai... block or hold karna band karo..
e2e6da04-5f12-49b1-8ec1-08f6b0c5ff1e,captain,2026-03,2026-03-11T20:34:32+05:30,1,,55,"please dosto mat join karna is company ko warna pachtaoge only uber he badiya hai ya fir porter, ola zepto blinkit kar lo par ye Rapido mat karna bahut commission kategi bahut kuch hidden hai yaha pe..... shame on indian judiciary they are not banning it i wiil now raise this issue in public soon"
2191f8b5-2756-4adf-8b13-43b70691a3b4,captain,2026-03,2026-03-11T21:24:04+05:30,4,5.66.1,49,"ride accepting time ko बढ़ाया जाए,, जब तक फ़ोन को पॉकेट से निकलता हु राइड कैंसिल हो जाता हैं 5 सेकंड में कैसे accept kre kam se kam 30 second का time देने का कष्ट करे"
258d7fae-fb0e-46e6-9c5e-4f220ecfc1dd,captain,2026-03,2026-03-11T21:31:27+05:30,1,,9,there is no response from the rapido coustomer service
a91e1fed-1185-4fb3-8d29-6465dc908b51,captain,2026-03,2026-03-11T23:38:34+05:30,1,5.66.1,7,not give government fare rapido became theft
c810d9f6-89f5-4904-bdda-6dca2d7447fb,captain,2026-03,2026-03-11T23:52:01+05:30,1,5.57.0,67,Customer care has no manner to talk to the captain it means they receive poor training. as per customer care the captain can take 30- 50 min for riding 2km. It's very pathetic. they have to know the customer is not a fool to pay. They are under the impression that the map shows the correct but it's false. i am very disappointed in the application and customer care.
fcb1f1cc-d8f3-44d3-8edf-dad7a70865d9,captain,2026-03,2026-03-12T05:32:27+05:30,5,5.66.1,8,i am your Caipten please give me ride
f9a3419a-131e-4f51-ba1c-e30099e0d64d,captain,2026-03,2026-03-12T09:45:58+05:30,1,,12,worst customer support it's totally a fraud company not activated my id.....🤬🤬
4b8ebf0b-ae8b-453a-b575-8f3d62f4aee1,captain,2026-03,2026-03-12T12:46:13+05:30,1,5.67.0,11,chhor campni hai recharge ke baad id band kar deti hai
c686d683-06ac-4a1a-af0b-c4f032b6bd79,captain,2026-03,2026-03-12T23:15:40+05:30,1,5.66.1,11,app is good but rapido fair ia too low and poor
c00b8c8c-aae4-4c40-baae-ee341cdec0d3,captain,2026-03,2026-03-13T02:26:55+05:30,1,5.66.1,19,"Not best working apps , no purfect charge, low charge, please bhai use mat karo rapido ola is best app"
0d49dfcc-6663-4c9a-a444-54f5ec7beb9c,captain,2026-03,2026-03-13T11:09:23+05:30,5,5.66.1,4,better for income doury
06da685c-78b0-4bfb-84d9-cd8ac0184937,captain,2026-03,2026-03-13T13:43:01+05:30,1,5.63.0,28,tum logo ko ride accept nahi karni hoti toh account kyu banvate ho tumhare liye ham thodi kamate hai ki 50rs add kare or tum hame lekar jao
f38bb723-2e51-4291-96a2-f0a0ceee04b8,captain,2026-03,2026-03-13T16:51:18+05:30,1,5.66.1,8,very low price and have very rude customers.
6250d5e3-c55e-47a3-a449-faab12e79565,captain,2026-03,2026-03-14T07:49:06+05:30,5,5.66.1,2,top notch
a19fbc6a-ce31-499b-abd6-fed8adfa05d7,captain,2026-03,2026-03-14T19:55:08+05:30,5,5.66.1,4,g o od app
eac768e3-9b66-46a2-b0e0-5de29e074a25,captain,2026-03,2026-03-14T21:22:02+05:30,5,5.66.1,9,Rapido is decreasing the rate day by day why ?
6b6cdc46-ac58-45da-bae8-eef8d640f3af,captain,2026-03,2026-03-14T22:07:41+05:30,4,5.66.1,2,good job
3b8e4065-d267-4dfa-9b7c-c04163e624e1,captain,2026-03,2026-03-15T01:50:56+05:30,5,5.67.0,3,verry nice bro
9228474a-86ad-487b-8b18-30fd7ab58e4a,captain,2026-03,2026-03-15T17:19:05+05:30,5,5.66.1,19,हां मेरा है रेपिडो एक्टिव हो गया ऑन ड्यूटी होने लगा
8356ca6c-8c31-4b06-a2a7-b336839e2190,captain,2026-03,2026-03-16T00:53:36+05:30,1,5.67.0,4,don't use this app
b8185e83-43e1-4d44-b928-f108ec07c490,captain,2026-03,2026-03-16T13:52:31+05:30,1,5.67.0,23,"customer care number not available or I have uploaded all the documents on Rapido, even after 5-6 days Rapido id is not activated yet."
735a893b-aaed-4ade-afc5-5b1bedfa7b2d,captain,2026-03,2026-03-16T15:41:14+05:30,1,5.67.0,26,ek number ka ghatiya app hai driver ke liye sardard hai bas booking bajti hai milti nhi iske chakker mae roadpe accident hojaye kisi ka bhi
426828e5-07d8-4cce-9efc-0596710c49bf,captain,2026-03,2026-03-16T16:04:07+05:30,5,5.67.0,2,God service
c575e1a4-06e5-4662-a748-547182420bdb,captain,2026-03,2026-03-16T18:08:23+05:30,5,,2,veri good
416de1cc-655a-4947-8f79-554f8f6f6754,captain,2026-03,2026-03-16T18:23:41+05:30,1,5.65.0,38,customer care is not working properly. I have been waiting from 3 hours and app also not working very bad experience.In this app some fake orders also come and westing us time tooo bad experience in rapido captain
c8dcee34-48b3-4d18-bb0f-a5c7dd40aa7c,captain,2026-03,2026-03-17T00:44:04+05:30,1,5.67.0,13,low price worst apps and not follow government rools terms conditions and rate
0452fe0c-a758-4a6c-b9e5-b88dc7a77819,captain,2026-03,2026-03-17T07:18:23+05:30,1,5.67.0,101,this is a very cheap app very bad app company was not supported a rider. bhai bekar rahe hai ya aap ise koi bhi download na Karen Na Koi se chalayen Hai rider ko support nhi karti hai aur nahin rider ki koi help Karti Hai commission lene ke liye theek hai aur GST lene ke liye theek hai ek commission aur GST to Kat leti Hai aur rider ki help ki madad aati hai to bol deti hai ki aapki headache hai yah hai vah hai. rider ismein Puri tara unsafe hai . inko sirf apni commission se matlab Hai bs.
9e4dfcaa-8429-43a8-957c-01afcc85f9ab,captain,2026-03,2026-03-17T13:41:40+05:30,1,5.67.0,23,rapido sabse bekar app hai jo customer se paise lete hain driver ko paise dete nahin har ride mein paise charge khate Hain
ca4257bd-5d7f-4c2f-b084-aa071c9694d5,captain,2026-03,2026-03-17T15:45:57+05:30,1,5.67.0,2,chor rapido
fb6307b8-3f08-41a9-99ab-d9808485ea53,captain,2026-03,2026-03-17T16:33:05+05:30,5,5.67.0,1,grateful
f75425a0-689c-4f17-8e44-17ff622d5534,captain,2026-03,2026-03-17T16:39:10+05:30,5,5.66.1,3,very nice repido
75f823a6-0199-4342-bc6c-286aeac78e28,captain,2026-03,2026-03-17T19:32:54+05:30,3,5.67.0,4,location service very bad
1f798412-7750-4bda-8193-f682b86872db,captain,2026-03,2026-03-17T20:44:19+05:30,5,5.67.0,2,number van
249868f8-53e5-47aa-a790-5d04d96116b4,captain,2026-03,2026-03-18T07:02:12+05:30,5,5.67.0,2,verry good
5974c902-7966-4ac0-8e35-49889d492c03,captain,2026-03,2026-03-18T08:12:10+05:30,5,,3,very good 👍 goo
883ff590-09a4-470e-a3c6-373dea9c8927,captain,2026-03,2026-03-18T10:32:24+05:30,5,5.67.0,3,good earning app
b2e1eee1-57f9-43fa-9a54-cb1fde445659,captain,2026-03,2026-03-18T10:59:48+05:30,1,5.67.0,31,"बकवास ! रेपीडो टॅक्सी गर्वमेट का रेट चालू करो? लोकेशन गलत, किलोमीटर का गलत दिखाता है?"
8c551896-1f97-44c1-9b7c-06d85aa49e53,captain,2026-03,2026-03-18T11:32:51+05:30,5,5.67.0,8,rapido best captain app rapido income best app
ee3b6046-93c6-4481-aeb1-783dd7523687,captain,2026-03,2026-03-18T14:03:36+05:30,5,5.67.0,2,my life
a0f6d585-6f14-43f9-9430-5157ef4422f8,captain,2026-03,2026-03-18T17:08:49+05:30,1,5.67.0,29,"Fully Fraudulent Company,They cheat riders and don't make payments.... Even after pickup of 1.8 kms and drop of 70.56 kms still no payment given to me by customer or Rapido....."
a7cdec77-7017-45fc-bd55-dee79c896be4,captain,2026-03,2026-03-18T17:19:05+05:30,5,,2,super work
9532d409-a8ea-4680-8d64-fdce897382f2,captain,2026-03,2026-03-18T18:37:52+05:30,5,5.67.0,6,this is nice application thanks repido 🩷
61691289-c184-42f7-bc76-d2c03de725c4,captain,2026-03,2026-03-18T19:55:12+05:30,5,5.67.0,2,money machine
1071effe-c511-48af-bcd7-4dfb8e53b8d7,captain,2026-03,2026-03-18T20:33:51+05:30,5,5.67.0,5,good service and pay out
0dac65a4-cb97-4cf2-b2db-5dfdd4f211f6,captain,2026-03,2026-03-18T22:44:11+05:30,5,5.67.0,2,veri nice 🙂👍🏻
9bb78825-8b60-49dc-b544-7ca5d654705a,captain,2026-03,2026-03-19T00:50:43+05:30,1,5.2.28,42,na moddala rapido app ey lanjodku chesindu raaa avado sulligadu ride book chesi 20 mins wait cheepinchi calls attend avvakunda phn switch off chesindu vadu respond avvatle ani cancel chestey wait charge ledu cancellation charge ledu modda rapido customer care support kuda ledu
07c45528-eea2-4698-b5c5-d245fff17203,captain,2026-03,2026-03-19T01:09:27+05:30,1,,3,third class application
64bfdb4a-8277-4d64-9b47-93fb45a7bcaf,captain,2026-03,2026-03-19T08:38:49+05:30,4,5.67.0,28,I ve tried to onboarding process. Message shows as DL Verification. pls wait for 24 hours. But took more dhan 4 days. Kindly resolve the issue as soon as possible.
61b9f651-bb7f-4df5-a9f7-d8f9cc262825,captain,2026-03,2026-03-19T14:02:10+05:30,5,5.67.0,1,niec
7be7cdf3-90ad-48c1-8e28-4560d1c5ad27,captain,2026-03,2026-03-19T14:27:26+05:30,1,5.67.0,5,worst delivery app in India...
b36d740b-0a68-4b2a-be8a-5f98f05a2403,captain,2026-03,2026-03-19T16:54:00+05:30,5,5.67.0,4,super income rapido captain
8b53eb13-c357-4bd8-94de-a6d8b7b0d700,captain,2026-03,2026-03-19T17:06:20+05:30,5,5.67.0,3,beautiful earning platform
bbb7f26f-b4c5-4f46-9e6c-4557e9638ba8,captain,2026-03,2026-03-19T18:01:25+05:30,1,5.67.0,56,I give 1 star rating because I have login rapido for 2 weeks but my documents is not verified I am to much in trouble. dear rapido team kindly help me activemy caption account and please approve my rc verification pending from 1 week so please help me to activate my rapido caption account. I have already rise ticket 🎫 .
92cb5f25-6d70-4f3a-ba84-d48307a1927b,captain,2026-03,2026-03-19T19:02:35+05:30,1,5.67.0,11,bekar app hai inka na coustomer care number show hora hai
c4c03016-d946-46ec-b3de-ff0ec7471664,captain,2026-03,2026-03-19T20:56:00+05:30,1,,5,very low rate for drivers
a6c2a292-bccb-43aa-97a4-af8e2ffd70da,captain,2026-03,2026-03-19T21:14:35+05:30,5,,7,very nice 👍 good ride warking drawing dr.
5e696f99-839e-42d4-a45d-8b7f023491b2,captain,2026-03,2026-03-20T07:34:25+05:30,1,5.3.44,4,worst worst worst update
c49cff71-8fa6-4b6f-8831-871f9ae34299,captain,2026-03,2026-03-20T11:03:32+05:30,1,5.67.0,9,Trips low rate and this app track device usage
9b59e4e8-e108-4dc2-8199-2f0b52605b1a,captain,2026-03,2026-03-20T11:23:14+05:30,5,5.67.0,4,Good 👍 earning money 💰 opercnity
4ffe78f4-fa79-46dc-99dc-154c218507b3,captain,2026-03,2026-03-20T21:14:22+05:30,2,5.67.0,64,aapka sabse jaida marinas point hai ki aap barrish ke dino mein captain ke liye koi extra earning nhi offer krte aapko toh apne kaam se Matlab very bad 👎 😑 customer ke samne captain ki value ik poor men ki hai aurr customer drop location ke extra drop sets service lehta Hai waha rider kiya kre aap toh fixed price earning krte ho rider ko 😢
5f95ddde-a8a5-4b3b-9d8c-647246763bb4,captain,2026-03,2026-03-20T22:06:10+05:30,1,5.67.0,20,"cutting huge money in every ride, whether we subscribed zero commission cutting 20 to 30 rupees for every ride, marking raiders fools"
37fcf4f1-2aa4-4c9c-ba5f-e8f1cef75301,captain,2026-03,2026-03-20T23:11:36+05:30,1,5.2.11,34,meri koi galti nahi h fir v ham ko company block Kar diya rider's ka nahi suntan h Mei abhi tak 100 rider's ko rapido Mei Kam nahi Kar Rahe hor v Jada kosis karuga
80c43149-eebd-4e84-a78d-f6f0b46446cf,captain,2026-03,2026-03-21T06:55:12+05:30,1,,22,Very Worst App pays a minimum amount to riders no support from rapido staff no security for riders unnecessary deduction from wallet.
52283d39-bd1d-4011-a291-5edfdbec3bab,captain,2026-03,2026-03-21T11:57:24+05:30,5,5.67.0,2,supper nice
5f7eef4f-9e6b-4e23-9cf0-15fd58b7b726,captain,2026-03,2026-03-21T16:40:22+05:30,1,,25,🛑🛑🛑There Is No Profit Work... कोई प्रॉफिट नहीं हे इस की राइड करने में आप गिनती कर सकते हो 👎👎👎
de47de9e-fc1c-40b1-a47e-fb838c77083f,captain,2026-03,2026-03-21T16:47:36+05:30,1,,96,"Why don't you give the customer the same value as a rider? Does that mean a rider is a loser? Does that mean you don't have feelings? Does that mean you are the only one doing the job? The customer did not respond to the call. The verification call would go out and then the ride would be canceled. Then when the customer was told to cancel the ride, why didn't the rider get a verification call? You took it as an opportunity and asked the rider to cancel it yourself, giving them a bad mark."
5e79f39e-bf2a-47b0-b551-eb97aaa2a8cf,captain,2026-03,2026-03-21T20:34:21+05:30,1,5.67.0,19,wrost app I ever seen in my life till I waiting for 1week but it not updated the verification
b29b492a-884f-4d93-8bb0-28c232be0469,captain,2026-03,2026-03-21T21:56:55+05:30,1,5.67.0,49,"WORST APP EVER Support team worst for Rider When customer cancelled order there is NO Penalty Or Refund, but when Rider not completee order then Penalty Rs. 299/- and Account suspended. WHAT THE HELL IS THIS🤔 Even 1 star Not deserved. THIS IS THIRD PARTY APP, that's the reason I think...."
c9e506aa-a980-4c1f-920c-806faf3fa664,captain,2026-03,2026-03-22T08:05:20+05:30,5,5.68.1,1,fab
6747f841-559e-4f54-be38-6b55d5409e53,captain,2026-03,2026-03-22T12:39:13+05:30,1,5.67.0,25,Rapido mod app has launched in markrt riders with mod app gets all the rides. and riders without mod rapido app unable to pick rides.
2ee165b1-f1b3-498a-9026-458009bb90f0,captain,2026-03,2026-03-22T13:36:27+05:30,1,5.68.1,28,full chutea company vai log please koi bhi is app gare mat chalna a aise kampani hai iska lea har app ka vara kam kar dea gea hai
262df5b5-5bb6-4141-a0bf-fd978ed3e40c,captain,2026-03,2026-03-22T14:09:17+05:30,5,5.68.1,4,free job application done 👍
c2945a46-7fef-4292-97d3-bd3a416c725b,captain,2026-03,2026-03-22T18:10:13+05:30,1,5.67.0,25,कमिशन जादा लेता हे 5रु वाला 0% प्लॅन अभि मिलता ही नाही मत लेलो ऐय अँप
fa0ddf9c-aeed-41e9-9574-0c1d3dfe69c9,captain,2026-03,2026-03-23T09:23:01+05:30,5,5.63.0,9,"daily erning but charge very much, charge less please 🥺"
f24bad29-1210-43f0-aa68-6c68b72eb620,captain,2026-03,2026-03-23T11:42:30+05:30,1,,4,rapido commission chor he
873dae0e-de7e-46d9-8722-72f22de65c12,captain,2026-03,2026-03-23T16:32:03+05:30,1,5.68.1,32,bekaar commision bahut jyada hai costumer 175 pay krta hai to by hand 122 in hand aata hai itna commission nhi lena chaiye bhai tu। kma to rahe but itna bhi nhi Krna chaiye
bedc033e-594d-4f01-9515-38adcfea8745,captain,2026-03,2026-03-23T17:41:58+05:30,1,5.68.1,8,very slow ride provide me in 1 week issue
0251b238-c1ae-4b04-a76c-2170dfdbaa60,captain,2026-03,2026-03-24T07:30:29+05:30,1,5.67.0,40,"i am writing to express my disappointment regarding the onboarding process. I submitted all required documentation over two weeks ago, yet my account remains inactive. It appears new registrations are not being processed, which is very misleading for prospective riders."
0db13450-d707-447b-93cb-5a8251237fa0,captain,2026-03,2026-03-24T09:01:17+05:30,1,5.67.0,8,pay membership increase plan very bad ..for repido
fba1bf32-63af-4f4c-af6f-2345b8bfa523,captain,2026-03,2026-03-24T09:53:39+05:30,1,,4,hmesha network issue actor
851c7904-79f4-4d5d-9068-cdf20b605d8c,captain,2026-03,2026-03-24T09:58:58+05:30,1,5.68.1,175,रैपीडो टैक्सी चला कर राइडर अपना टाइम पास कर रहा है काम नहीं पा रहा है रैपीडो अपने राइडर को कुछ भी नहीं समझती है रैपीडो कंपनी अपने राइडर को सिर्फ गुमराह करती है और पैसेंजर की नजर में अपने आप को बहुत सही साबित करना चाहती है रैपीडो में काम करके आदमी सिर्फ परेशान है और रैपीडो सिर्फ मार्केट का रेट खराब कर रही है रैपीडो कंपनी में कोई भी अधिकारी सीधे मुंह बात नहीं करता है चाहे वह कस्टमर केयर हो चाहे वह आशियाना लखनऊ में बैठे हुए अधिकारियों सभी बहुत ही बदतमीज आदमी है जब कोई राइटर किसी मुद्दे की बात करता
3879d283-defc-46ae-9189-5fe791f79c25,captain,2026-03,2026-03-24T11:00:48+05:30,1,5.67.0,2,sangam vihar
b0b01dae-4f7f-4599-9fe2-e27f364283b0,captain,2026-03,2026-03-24T11:33:22+05:30,1,5.68.1,3,వేస్ట్
bde171fe-467f-45f4-b581-7e4d952f024b,captain,2026-03,2026-03-24T11:48:03+05:30,1,5.67.0,14,too much restrictions but helping zero worst app app in side so many problems
405f7462-ad86-43ea-bd7b-dcca80d620d1,captain,2026-03,2026-03-24T11:51:43+05:30,1,,119,बहुत गलत पॉलिसी है जब captain location पर पहुंच जाता है उसके बाद me customer ride cancel karta है ज्यादा लोगों को बैठाने से मना करने पर ride cancel karta है तो उसका पैसा नहीं मिलता है जबकि rider location पर पहुंच गया हो तो पैसा मिलना चाहिए पॉलिसी change करना चाहिए 7 km पर किलोमीटर सिर्फ drop location का मिलता है pic up का कुछ नहीं मिलता है बेरोजगारी का फायदा rapido ही उठा रहा है सीईओ को कुछ करना चाहिए
ab32fae6-1ce8-4c25-9724-94e49fea1431,captain,2026-03,2026-03-24T16:51:18+05:30,1,,4,chor and fraud company
c468176e-1158-46e5-bf0d-778ebbbb7873,captain,2026-03,2026-03-24T19:57:43+05:30,5,5.68.1,2,okay sir
9c309639-3dfb-43af-a74c-4bc96d1417c8,captain,2026-03,2026-03-25T11:38:21+05:30,5,5.68.1,5,Very good Earning money aap
53a9586e-173b-4370-ab5f-6284fce6186a,captain,2026-03,2026-03-25T16:33:21+05:30,1,5.68.1,6,no proper response from support team
6ea51cae-7303-45b1-ad1c-0e6806b28fa0,captain,2026-03,2026-03-25T17:49:08+05:30,5,5.68.1,3,truly good awesome
fd6ea3fe-6b86-4eb6-9477-2a9ca01a6e3a,captain,2026-03,2026-03-25T19:02:49+05:30,1,5.63.0,5,login issue always worst app
5eca0938-8d0a-4a9b-bfa0-aa1cde02afe9,captain,2026-03,2026-03-25T19:40:33+05:30,1,5.68.1,38,please savilog o star rating karo rapido monopoly create kar raha hay har profession ma salary barta hay but iha ghatta hay but avi too order ana hi off ho gay sara naya rider ko de rahi hay
c658936f-9343-4553-a867-142847a6dbd7,captain,2026-03,2026-03-25T20:18:01+05:30,5,5.67.0,72,Hi rapido team I have a suggestion for you try to use my mappls india map as default map instead of google maps because these days google maps won't work properly rapido riders are confusing the routes even google maps are updated think about this issue and make it comfortable to all our rapido captain riders. 🙏🙏🙏 please stop the in app pop messages disgusting everytime if rider open the rapido captain app🙏🙏🙏
43fc3407-4fb4-46bc-9c7c-385c2b46faa5,captain,2026-03,2026-03-25T21:43:34+05:30,1,,2,fraud company
c7bedbdf-3f41-4d41-9cc7-f8fe489f941a,captain,2026-03,2026-03-25T22:25:29+05:30,1,5.68.1,6,very very bad earning rider app
7cddaaa1-0695-4ba2-99d8-a0baf5f54de7,captain,2026-03,2026-03-25T23:12:22+05:30,1,5.68.1,19,fair update hone ka time 11pm karke galat kiya gya or 50rs tak ki koi ride nhi honi chahiye
3515727b-8e97-4c76-a26b-83fee8f08a38,captain,2026-03,2026-03-25T23:51:29+05:30,1,5.68.1,4,not working this drive
2aaa911e-4641-4060-b1f0-6c0f89e28846,captain,2026-03,2026-03-26T13:53:25+05:30,1,5.3.48,4,It is absolutely terrible.
0d0491d6-b237-497d-aa8a-da4ef6b933e0,captain,2026-03,2026-03-28T10:41:36+05:30,1,5.68.1,31,my New account not activate more than 4 days showing that your all documents are verified and account activated in 60min but not active still showing that please resolve soon as possible
ebabf36b-d400-4204-99c3-f2dc8370a977,captain,2026-03,2026-03-28T16:58:59+05:30,2,5.68.1,3,not good wages
f6b353ea-9b7b-44fd-a46c-a329d9c40cec,captain,2026-03,2026-03-28T17:21:28+05:30,3,5.69.0,50,"Some arrangement should be made so that a small amount of assistance is provided from Rapido to their captain. The application for credit was showing in the story, but when I inquired about it, the customer care did not have any information and then it was removed from the story."
d8adfa32-df79-4800-92db-99b61ce5e292,captain,2026-03,2026-03-28T18:22:40+05:30,5,,3,I am happy
c8f3665b-2693-4f35-9b72-4a032c6ee8d8,captain,2026-03,2026-03-28T22:10:18+05:30,1,5.68.1,36,uploaded all the required documents & gave all the permission & after all the when submit button is clicked its not getting submitted. while raising ticket it's still got stuck saying something went wrong. please do the needful
11fd40c0-a6c9-48f6-86d6-06d4d8e9c1ca,captain,2026-03,2026-03-29T07:10:15+05:30,3,5.69.0,23,some time customer canceling in the pick up and some body playing my star point going down and distance calculation also big issue
0065dc49-4c68-4119-b6e5-009329de1fc2,captain,2026-03,2026-03-29T08:58:48+05:30,1,,4,not a safe rapido
f7f67f0a-4831-4b4e-93ef-a7b9817e4da9,captain,2026-03,2026-03-29T16:34:33+05:30,1,5.68.1,9,document verification processing is poor lots or Westing time
38ce5cd8-07e6-429c-af48-5c12a2445a8b,captain,2026-03,2026-03-29T16:57:10+05:30,3,5.68.1,4,large amount doesn't come
a50649df-e97b-4e28-9807-b67662302827,captain,2026-03,2026-03-29T17:59:15+05:30,5,5.68.1,2,cool job
8f7460fc-c5bb-4871-b65c-8d582cfb1271,captain,2026-03,2026-03-29T19:10:01+05:30,1,5.68.1,88,"Don't show clickbale advertising of rapido. we already know what we want to do, its toooooo much😬 irritating while accepting orders.. we don't want to click it, it clicked by mistake, redirect to chrome, play videos 😤 and we can't accept order...we know why we came in rapido caption app, don't advertisement on us....plz plz its humble request, and it become in middle of road,its may rain or traffic, caption become more angry, Say your tester To be a caption and face this issue onsite. plz🙏"
ef04d272-1a45-420b-8c40-fde106dc4450,captain,2026-03,2026-03-29T20:14:20+05:30,1,5.3.6,17,petrol service charges dine din badhche ar rapido company dine din rate ka kom korche baler kaj
46e75a73-732d-4d0e-9878-50fdc6157cc6,captain,2026-03,2026-03-30T07:14:21+05:30,5,5.68.1,3,Helpful Part Time👍
d85d28e4-9331-4ce9-9af9-eb01eef9ba8b,captain,2026-03,2026-03-30T09:37:07+05:30,1,5.69.0,12,Ghatiya App 4 din ho gye Install kie av tak Active nhi hua
8b389e37-171b-4910-9fb6-01c61f88c988,captain,2026-03,2026-03-30T09:40:17+05:30,3,5.69.0,50,"I am trying to login to my profile from my new phone but it shows as the maximum device limit Exceeded, even though i signed out from my devices i used previously but showing the same and asking to use the device you logged in with last time. please assist."
67228936-a162-4055-8076-01fde0b86e82,captain,2026-03,2026-03-30T12:49:03+05:30,1,5.69.0,41,sab se bekar aap h esh help support bahut bekar kuch nhi kar te 👎🏻👎🏻👎🏻👎🏻👎🏻 mere 3 4 bar ke pai se nhi incentive dekhye kuch or de gye kuch esh bhai koi bhi mat chalo jis din paise ude gye pt chale ga
939cf9dc-b710-4971-8d19-64f10883263a,captain,2026-03,2026-03-30T13:29:26+05:30,1,,85,"customer care not exist ,they give you long route and chargeing rider for short route ,total scam me ,before some week I calling them again and again for long distance loss trips ,and they refunded some which I calculate,but last few days customer care is not exist for driver ,everybody should start complaining,then they solve it ,i request all drivers ,pls calculate the distance,because rapido not calculated properly,you guys may going for big loss . honourable raghav chadda sir kindly see this"
6104ba19-2503-437d-afb0-6bc8d468eca5,captain,2026-03,2026-03-30T14:11:51+05:30,5,5.69.0,17,एप तो बहुत बढ़िया है पर पैसे बहुत ही कम दे रहें है
05140578-db98-4e37-ae14-c13419193803,captain,2026-03,2026-03-30T16:16:59+05:30,5,5.68.1,9,nice app op app excellent app good working app
cb180212-63ac-4f7d-81e7-04c8f39f7b32,captain,2026-03,2026-03-30T16:34:39+05:30,5,5.68.1,1,exllint
5f697592-4292-43ad-ac1e-d0f24b70bf0d,captain,2026-03,2026-03-30T16:39:54+05:30,5,5.68.1,2,good Parfom
071ea257-f315-456e-bbb3-04edc53f3515,captain,2026-03,2026-03-30T17:08:27+05:30,1,5.69.0,2,slow net
0342f526-3444-498c-9719-602df16bdd4d,captain,2026-03,2026-03-30T17:40:15+05:30,3,5.68.1,8,customer cancel pa payment nahe mile te he
fe758909-3899-4353-9f4d-c299ecb30eb7,captain,2026-03,2026-03-31T01:39:42+05:30,1,5.68.1,6,Low profit More subscription and Gst
ba282a8e-b521-485e-a652-fd09b397589f,captain,2026-03,2026-03-31T09:07:58+05:30,5,5.68.1,4,good. for. young people
012b4776-9a0c-413f-bc59-db823c6ef93f,captain,2026-03,2026-03-31T11:34:06+05:30,1,5.67.0,3,₹wfe h 5rur
86367860-0f01-4d04-9d24-46b41ec661c7,captain,2026-03,2026-03-31T16:40:00+05:30,5,5.68.1,1,guood
a5f1f7be-6ee4-48c1-8ade-4a24f3a9f7d6,captain,2026-03,2026-03-31T18:39:24+05:30,5,5.68.1,3,good for earning
a8e52cd5-d017-4d6e-a72f-3a073f927dec,captain,2026-03,2026-03-31T18:41:24+05:30,5,,2,call me
8cf4690f-a2d5-45de-9125-e9f5dbd681b5,captain,2026-04,2026-04-01T10:59:03+05:30,1,5.69.0,81,"Rapido driver customer care is very bad. Calls don’t connect, and there is no proper platform to explain our issues. How will our problems get solved with this kind of customer care? 🤦🏻‍♂️ There is a help option in the app, but it’s useless. When we try to call support, it asks to enter the mobile number, and even after entering it correctly, it keeps repeating the same question: “Enter the mobile number.” Totally waste support team and a very bad experience."
f1bccad2-f00e-4aed-afc2-be1c4591c06d,captain,2026-04,2026-04-01T16:04:56+05:30,2,5.69.0,8,profile picture not updated option in this app
a2b8c303-3c6a-4d9f-9de1-de743b3a71be,captain,2026-04,2026-04-01T17:51:17+05:30,1,5.69.0,50,i am opening the account i have given all the details and submitted the documents also but the further process is not working the account is not creating I have call the helpline of rapido 10 times but no response nothing this is not a good service to the users and
77afa3c8-c83c-4222-90d5-0f3ed6698e91,captain,2026-04,2026-04-01T19:45:13+05:30,1,5.69.0,25,is that true that your application is banned in Maharashtra (mumbai) and riders are getting fined 10000 I'm getting to see lots of videos on news
825930c2-6e5b-454f-b123-ee7be07ebe8b,captain,2026-04,2026-04-01T21:40:47+05:30,5,5.69.0,6,id open nhi ho rhi h
9f2cc6f3-6520-43a6-8814-f412d76199aa,captain,2026-04,2026-04-01T23:30:36+05:30,1,5.69.0,10,most worst itna kam paisa deta Na itna bekar hai
26680ba8-5d39-40de-926b-02727eb52520,captain,2026-04,2026-04-02T00:06:18+05:30,1,5.69.0,11,pese bahut jyada katata hai bhai koi bhi join nahi karna
8f3552a0-34d6-40bf-8a16-48cecf15b908,captain,2026-04,2026-04-02T14:42:15+05:30,4,5.68.1,2,ok tt .
b4846e5f-0387-48ee-be17-364bff0be18b,captain,2026-04,2026-04-02T16:58:14+05:30,1,,19,unnecessarily suspended my account I don't know why? my rating was good & my performance was also good. worst experience
b65f1951-0168-4f5a-bef4-20af6d4bd4c0,captain,2026-04,2026-04-03T00:43:15+05:30,5,5.69.0,2,beri nais
315dd71b-187d-4c24-956a-4215cbf6608e,captain,2026-04,2026-04-03T10:38:25+05:30,3,5.69.0,7,no getting ride me very bad experience 😭
d8a5795b-c2a2-4abc-889f-535ff1777382,captain,2026-04,2026-04-03T15:05:55+05:30,1,,6,25 per km rating Milana compulsory hai
f6ed015f-8731-406c-8def-2c18f032dda1,captain,2026-04,2026-04-03T17:38:12+05:30,5,,1,NIC
9a96b4e0-2ec4-47cd-b995-1ec95fefed9d,captain,2026-04,2026-04-04T01:05:48+05:30,1,5.69.0,20,"If the customer says to deliver the parcel, it has to be cancelled but it comes to us a lot."
069fa81a-2f9f-433a-b4f6-800834d067df,captain,2026-04,2026-04-04T10:22:38+05:30,1,5.61.0,4,call saport not canected
65ebd73e-7c2d-478b-b4f3-dcc900834fd7,captain,2026-04,2026-04-04T16:45:39+05:30,4,5.69.0,13,Getting ads in between n getting stuckup slow in opening n running also
32422937-da6d-433a-9452-1a5c1856d3ea,captain,2026-04,2026-04-04T20:07:29+05:30,5,5.69.0,4,earning ka best option
36315234-cd08-415b-b0c3-0ba07f8d9cdc,captain,2026-04,2026-04-04T23:08:23+05:30,1,,6,waste this app don't use rapido
44876c79-241b-464b-a1b7-a813fbb7f26f,captain,2026-04,2026-04-05T00:59:58+05:30,2,,59,"Map is so bad, always takes the worst route possible and also has so much Delay. Not able to know which direction in the beginning unless you start moving. This is really a serious issue. Please make it to directly open in Google Maps app. And also I'm never getting cancellation charges when the customer is cancelling the order"
7158acfb-50e9-474e-8e05-c354cefce90a,captain,2026-04,2026-04-05T04:15:56+05:30,5,5.69.0,2,help senter 😔
9c569fa6-c2bf-4d50-ab0c-1d659d019e31,captain,2026-04,2026-04-05T10:05:13+05:30,5,5.69.0,4,very nice ering aap
b547bca2-fbce-4b30-b717-a5be51cf9fe7,captain,2026-04,2026-04-05T10:46:50+05:30,1,5.69.0,12,very bad experience 2hr bolkr unmarried hr le rha approval ke liye
7ac7839e-fb5f-4755-9ea5-738f175c67df,captain,2026-04,2026-04-05T19:33:10+05:30,1,5.70.0,37,worst app they call me and tell you can use the app now but it still saying dl is on under view when I was go to help center the numbers are not working worst customer care
0b73e007-d5e3-4793-82b3-6c336e63b968,captain,2026-04,2026-04-06T00:43:15+05:30,1,5.69.0,34,"App crashed in middle of the ride , automatically logged me out and when i try re login it shows please try again later . Also fix some bugs like it shows parcel on every ride"
7e77a1df-7ffc-4086-9ad1-819720428e13,captain,2026-04,2026-04-06T01:13:30+05:30,5,5.67.0,4,net nahi chal raha
e37bdcee-2564-443e-bbdc-05a462838a96,captain,2026-04,2026-04-06T08:16:41+05:30,1,5.69.0,30,poor Baad Version aap issue. unable to login Automatically aap Window close 😡🤬 My subscription waste 😡🤬 Not Help Support Office And Support Call 2 Days Face problem Other Device Me Not Access
d3a63a3e-fe02-4756-add6-a01ef99c8a2f,captain,2026-04,2026-04-06T10:20:04+05:30,1,5.69.0,62,"I have been driving for Rapido for the past 5 months. Today, because of some issues, I wasted 2 hours. The service is very poor, and I can’t even find a customer care number. This is really disappointing. The customer has already made the payment, but in the app it is still showing as ""under process."" There is no solution provided for this issue."
c65a62d8-09b9-451f-b202-13ba7a36114d,captain,2026-04,2026-04-06T10:25:30+05:30,1,,5,"lag, bug, lots of issues"
38b68108-d829-4bc5-9599-3bdb07a3f5b5,captain,2026-04,2026-04-06T10:34:53+05:30,1,5.69.0,22,"Rapido Captain is one of the worst apps — it pays very low money, and there is hardly any app worse than this.🤬🤬"
273e48a1-aad3-41ea-9d4b-145f6f8d5eda,captain,2026-04,2026-04-06T11:17:15+05:30,1,5.69.0,9,sabse jada bekar aap ret bhi acha nhi ha
d83b0c37-2f38-466d-a322-4736d24e8d64,captain,2026-04,2026-04-06T11:20:42+05:30,1,5.69.0,13,paise transfer me bahot problem aa ti he aur earning bahot kam he
ecb3a04a-903c-4ffc-9975-38c25ce9c75f,captain,2026-04,2026-04-06T11:24:08+05:30,3,5.70.0,2,not ok
4ebae8d9-c1f4-4579-8870-975a30becf72,captain,2026-04,2026-04-06T11:28:40+05:30,1,5.69.0,11,Not even a basic contact number. customer care support not working
b1d7c8ce-78d4-43af-8c67-a1559017489a,captain,2026-04,2026-04-06T11:43:04+05:30,4,5.69.0,4,not bad not good
f63c0cd3-dcf6-424f-9cc0-4566bc8f37bb,captain,2026-04,2026-04-06T11:46:15+05:30,5,5.69.0,7,very nice appp thank you so much
3b444dc4-f514-4860-97e3-bdd64172cc04,captain,2026-04,2026-04-06T11:48:47+05:30,1,5.69.0,15,Aaj app me ride end karne ke baad payment scree back nhi ho rha hai
dfd5082f-e528-4482-a7c0-fea8e1bd7e02,captain,2026-04,2026-04-06T11:53:28+05:30,1,5.70.0,37,"worst experience ever. 9, se 10 hrs kaam kiya milne ki jgah loses ho gye or sbse gandi bat, na customer Support work krta hai na nearest thik sa office hai or na hi call lagti hai support ko"
c4a33c5d-f9e8-4e46-b6fc-05822534f10d,captain,2026-04,2026-04-06T11:55:10+05:30,1,5.70.0,1,fraudsterss.
25e43233-8925-457f-8e80-ea133fc69c27,captain,2026-04,2026-04-06T11:58:35+05:30,1,5.69.0,28,"I have placed 3 orders in Rapido app since morning today but the earning is not coming, it is not showing even after the customer has made the payment."
84fcfb77-e402-4a67-b2a1-d64ce398fa35,captain,2026-04,2026-04-06T12:15:38+05:30,5,,3,superb app experiance
f63a94d9-f855-44d4-b98e-83d09fd117e7,captain,2026-04,2026-04-06T12:22:42+05:30,1,5.70.0,5,aap kam nhi krta h
015dd1ea-48a3-4645-8b74-deaf110ddbc7,captain,2026-04,2026-04-06T12:53:16+05:30,1,5.70.0,7,very bad app and charge high commission
23559315-c98c-473d-83bb-aeded70ceead,captain,2026-04,2026-04-06T13:01:56+05:30,1,5.69.0,3,not working properly
9d34b3ed-15b6-4dec-bb5e-8f57432d846a,captain,2026-04,2026-04-06T13:13:01+05:30,2,,5,worst app properly not working
a1b8b7b3-14e1-4ebb-bfdc-3bc7053af6fe,captain,2026-04,2026-04-06T13:21:57+05:30,1,,10,"very worst experience, customer support today i loss my money"
ed5c22ee-2979-43ba-baf0-642d412f92f8,captain,2026-04,2026-04-06T13:50:07+05:30,1,5.70.0,12,app is not working good and costumer service centre is not answering
40bef2fb-3800-4f9f-b974-a2ec89a24591,captain,2026-04,2026-04-06T14:00:54+05:30,1,,2,not working
19b92b11-2651-42c4-b736-49ed6fde0c66,captain,2026-04,2026-04-06T14:03:02+05:30,3,5.69.0,40,"Sir/mam my app is glithiching after completing the ride,it shows payment not processing and qr also not generated,i acnt even update as the collect cash option.Please check onto it.Not able to proceed to next orders."
82886c80-b343-436c-aad6-06ace2b5a3b2,captain,2026-04,2026-04-06T14:12:16+05:30,1,5.70.0,4,not working app properly
19044a18-ef23-481e-8f9c-13e914413b51,captain,2026-04,2026-04-06T14:14:48+05:30,1,5.70.0,28,app and customer care support is soo poor 30 mins after QR payment it shows payment not done. when I tried to call customer support phone number not reachable.
ffd65137-2c3a-4bd8-8b93-29a42dd79f57,captain,2026-04,2026-04-06T14:27:43+05:30,5,5.69.0,4,thank u so Mach
f8f47f45-cc80-465b-bf41-19804c027d72,captain,2026-04,2026-04-06T14:46:43+05:30,1,,4,no help and support
4c0d5ddc-dd23-42e4-a325-81c55dd7408e,captain,2026-04,2026-04-06T14:54:03+05:30,5,5.3.27,4,very nice 👍 Repdo app
9ce12bdd-9a36-44b5-83c1-c788a7a8e750,captain,2026-04,2026-04-06T15:21:00+05:30,1,5.70.0,24,"I have already received payment in upi app, but unable to complete payment in app by clicking cash collected. The dialogue comes: ""Payment Failed"""
dbea753f-6eec-4b8f-85ab-f4970bae096a,captain,2026-04,2026-04-06T15:24:38+05:30,1,5.69.0,26,"no proper customer support I'm stuck in the payment screen since last two hours, I can't complete the order and take another order very disappointing service"
d47eb188-8da6-4951-a5f0-82f7e801719f,captain,2026-04,2026-04-06T16:46:30+05:30,5,5.69.0,4,navinikaran is not supported
1b1fa742-cd25-4286-8749-0d6c3418de7e,captain,2026-04,2026-04-06T17:00:20+05:30,4,5.70.0,15,app is properly not working & every 2 days in network issue please support tame take attention
aac1b304-1259-4cc0-8282-567424a6a889,captain,2026-04,2026-04-06T18:38:05+05:30,1,,3,call not received
03cef4ee-c6f0-4450-b0de-36beaac1f7d2,captain,2026-04,2026-04-06T19:48:24+05:30,5,5.70.0,2,deepak Good 👍
e76b9bbc-c9f3-4f3d-aa9a-2ef9af9f267d,captain,2026-04,2026-04-07T08:54:11+05:30,1,5.69.0,9,under verification since last 4 days . please solve my problem
cf5dcbe6-2442-4b06-9830-758e9fbac724,captain,2026-04,2026-04-08T08:44:34+05:30,1,5.70.0,51,bhut km paisa or jada dur dur ride Krna catumar ko ghar le jane be bad vi pr 1km Main bs 8 rupiya kuch nhi bachta hai or ek jada Oder pane ke liye recharge krne ko bola jata hai jada to app wale log hi lete hai so very very bad 😞🙏
c56709cf-71e3-4667-8692-6f777c4d98ec,captain,2026-04,2026-04-08T16:13:24+05:30,5,5.70.0,25,hi repido i am working in one mouth but parcel 📦delivery is not active is not fair👎 pls active my parcel📦 on my account.thank
e53eebf7-b871-44bd-85f8-d084977e7da0,captain,2026-04,2026-04-08T16:34:06+05:30,1,5.70.0,3,bad 😔😞😡 zero Star 😡
e9e216e0-7b6e-45ca-90b9-820510b89cef,captain,2026-04,2026-04-08T16:42:07+05:30,5,5.70.0,2,गुड
2da3fa8a-577b-47d3-9435-6835b1f1d4b7,captain,2026-04,2026-04-08T20:03:05+05:30,1,5.70.0,103,chor hye rapido company's extra time or extra km ka fare nahi deta hye driver ke pas chiting karta hye ushe driver ko los hota hye rider ko har bar traffic vale ariya dekhata hye ushe rider ka trin or air bus ka jaane ka time bigada ta hye ushe rider mis hota hye rider ko dushri tikit lena padta hye rapido barbar complain kar ne ke bad me koi updat nahi karta hye rider ola ya uber ka upyog kare rapido jo time dekhata hye vo galat dikha ta hye rider train ya plen jane ka hye to rapido buk na kar
c6e68e4e-53a5-4b0c-91be-af4ecfff28de,captain,2026-04,2026-04-09T16:37:43+05:30,1,5.70.0,6,Rapido captain so high commission charged.
a700b0c2-4c06-44b0-824d-255dc7d4e344,captain,2026-04,2026-04-09T18:43:10+05:30,1,,4,worst app experience ever
cbea23f9-fee8-4de2-aaa3-9c851eef6b70,captain,2026-04,2026-04-09T18:51:11+05:30,3,5.70.0,3,no warking issue
5ba30889-74f8-4a0e-84a9-e49dbd5b4470,captain,2026-04,2026-04-09T18:51:33+05:30,2,5.70.0,15,dear rapido team meri id Mai subscription plan nahi dikha Raha hai plz help me
0b024774-e509-440b-b290-1a64600b4629,captain,2026-04,2026-04-09T18:51:50+05:30,1,5.70.0,29,bahut haal kharab kar rakha h captain ka rapido walo ne 30 min ho gye costumer ne order kha bhi liya aur inka delivery option hi ni aa rha h
d29ab8ee-e888-406a-ba0b-4df1e96d5d90,captain,2026-04,2026-04-09T18:52:57+05:30,4,5.70.0,20,యాప్ లో సమస్య ఉంది అప్పుడప్పుడు సరిగ్గా పని చేయట్లేదు
1fab130e-896a-4da6-9e5d-ff69c5feb9d6,captain,2026-04,2026-04-09T18:55:40+05:30,1,5.70.0,5,app is not working properly
0f6a3b91-266f-46f5-a49e-1dd38d9f8ea2,captain,2026-04,2026-04-09T19:07:48+05:30,1,5.70.0,2,not working
f219a45b-8c64-4fc5-b470-80bbff3abfc3,captain,2026-04,2026-04-09T19:19:35+05:30,3,5.70.0,9,"Dear team, I'm facing app login issue... Please rectify..."
9edea601-5561-424c-8459-f0c70c3a7205,captain,2026-04,2026-04-09T19:23:37+05:30,1,5.70.0,23,"Rapido is a completely fraudulent app that charges customers extra but underpays drivers, hurting both customers and drivers. Uber is the best app."
42b4dcc6-a0bd-4036-8128-a4ebcce5e6e3,captain,2026-04,2026-04-09T19:42:36+05:30,1,5.69.0,12,bohot kharap app hai eya paisa itna Kam milta hai kya bolu
45fb9b20-f2f7-4113-b0e7-2ceb7031f877,captain,2026-04,2026-04-09T19:42:56+05:30,5,5.70.0,5,i can't see update option
c0c2b51d-3088-4151-b4d3-1a25b848f727,captain,2026-04,2026-04-09T20:20:21+05:30,5,5.70.0,3,good to use
910a70d7-a730-4770-aeef-f631dcf894f3,captain,2026-04,2026-04-09T20:29:12+05:30,1,5.70.0,11,"very low fare compared to other platform, like uber and ola"
2ffd79c4-c28c-4db1-a7f8-7ff0330d6711,captain,2026-04,2026-04-09T20:44:32+05:30,1,5.70.0,2,not good
acb7d2a0-3f5a-4c4f-b260-fac0d488d3f9,captain,2026-04,2026-04-09T21:01:18+05:30,5,,6,some Time error but not bad
4117b5ad-435b-445d-8e86-f2eb8e20e9f9,captain,2026-04,2026-04-09T22:33:22+05:30,5,5.70.0,2,good job
c06aed89-24af-4ebb-b4d0-be1588ab98c9,captain,2026-04,2026-04-10T00:18:13+05:30,2,5.70.0,42,The short route map doesn't show properly it's confusing all the time We drive the wrong location at the pickup point so fix it ASAP and increase the tariff rate because gas problems we were going to long distance for gas station
fc4302a6-4964-4d3a-9c22-eeb9482617c2,captain,2026-04,2026-04-10T04:22:04+05:30,5,5.71.0,8,very nice app but cancel charge not approved
2aec49d8-ed0a-41db-b0ca-2d9a197a7f8a,captain,2026-04,2026-04-10T07:09:27+05:30,4,5.70.0,1,ohk
9b80d87f-cb87-4a57-b0fa-eacc910b7c13,captain,2026-04,2026-04-10T07:18:53+05:30,5,,19,main open nahin kar pa raha hun login nahin kar pa raha hun Mera app chalu kar dijiye please
80cd29ee-1822-40a2-be68-da2569eac74d,captain,2026-04,2026-04-10T09:28:29+05:30,5,5.70.0,7,your GPR is location this very lost
a27cad48-0472-45a5-ae9f-1fec9399a1f9,captain,2026-04,2026-04-10T11:33:15+05:30,5,5.70.0,2,excellent performance
ca93561b-e610-4220-b4ab-53e63652f739,captain,2026-04,2026-04-10T12:16:38+05:30,5,5.70.0,6,help full app money 🤑 and forever ♾️
f19fa592-b7a1-44b7-a7a9-16ebf6643a98,captain,2026-04,2026-04-10T16:33:17+05:30,5,5.70.0,3,jordar app he
76577a37-da2f-4165-84ea-a032c5549f99,captain,2026-04,2026-04-10T16:43:52+05:30,5,,3,nice side income
47f995c7-310e-4c09-9320-cb6a0a70c843,captain,2026-04,2026-04-10T18:00:21+05:30,1,5.70.0,3,gprs very worst
d979f763-c588-4504-90a1-3f4099d1ab39,captain,2026-04,2026-04-10T18:44:23+05:30,1,5.70.0,12,worth it app not support rapido captain car driver and bike riders
f0f4dddd-4b1d-4d68-b2e2-2f0f4900e6a5,captain,2026-04,2026-04-10T19:05:28+05:30,1,5.71.0,7,message option loading over time not working
4941105b-e324-4c34-9c54-10c6efb000ec,captain,2026-04,2026-04-10T19:25:01+05:30,1,5.70.0,7,ap not logging please fast help pl
987dc6ea-4a85-4e5e-8a58-2d2b31b1314b,captain,2026-04,2026-04-10T20:50:40+05:30,3,,67,app is nice to use for earnings.. but i am not able to change my number always the app was showing u r not allowed to use this number.. second because of customer cancellations... my performance is getting bad...this is not a good thing for a riders.. third after selecting 8 km per km earnings ride ... then only the app is deducting...so much of commission...why
94c8b643-bfbe-4308-9c98-4484371a3ab1,captain,2026-04,2026-04-10T20:55:05+05:30,1,5.70.0,11,no proper support from customer care service better use other platforms
973f9ef0-39ef-4423-b8be-b80d14e26da0,captain,2026-04,2026-04-11T03:40:48+05:30,1,5.70.0,6,not change a new mobile number
8f0349b8-e52b-41a0-91a7-84ab482e8ab1,captain,2026-04,2026-04-11T07:51:25+05:30,4,5.70.0,4,very good earning point
c018ed57-f694-412c-8f47-5aefdd7f8753,captain,2026-04,2026-04-11T09:23:05+05:30,1,,59,"This is seriously the worst app. They don’t have a proper support team, and when the application opens, there are too many notifications all over the screen—it’s really annoying. The pricing is also very low, just ₹8 per km. Do they think petrol is free? I even know their office address in Bangalore—someone should go and confront them."
b29d43f5-ca74-4403-b67b-f97e59aab510,captain,2026-04,2026-04-11T17:12:52+05:30,5,5.71.0,9,"bahut hi acha he , kamai bahut achee hoti he"
4e3c5d92-fae1-4b02-8a71-498c70b3d522,captain,2026-04,2026-04-11T18:26:03+05:30,1,5.71.0,13,worst help support in the world never ever clear any of my problem
97318450-ff56-4a2c-91d4-5a49dfda3ab3,captain,2026-04,2026-04-11T19:57:39+05:30,5,5.71.0,4,Nice app best earning
6b201ae8-1a19-40aa-aafd-00358d60ae00,captain,2026-04,2026-04-11T20:42:42+05:30,1,5.70.0,3,vary bad app
44937326-b310-46c6-b349-a484582bc05d,captain,2026-04,2026-04-11T22:06:20+05:30,5,5.69.0,15,bahut hi achha hain ...extra income aur freedom hain ..achha khasa income ho jata hai.
c3742411-c6fb-4dcc-a434-6015fcdac0d6,captain,2026-04,2026-04-12T11:49:54+05:30,1,,2,not good
1986303d-2d23-4985-bbea-116dd281dd38,captain,2026-04,2026-04-12T14:39:43+05:30,1,5.70.0,2,fake app
13f12de2-83c0-4815-ada7-835c3903e04d,captain,2026-04,2026-04-12T15:26:42+05:30,1,5.71.0,4,"cheap rent, many complaints"
951dae6f-fb33-49d8-a58a-997f825704eb,captain,2026-04,2026-04-12T19:33:00+05:30,1,5.70.0,5,very bad captain care support
a03cc3a7-33b2-4b88-b86a-6f2e57ce81eb,captain,2026-04,2026-04-12T20:01:18+05:30,1,5.71.0,12,राइडर्स का खून चूसने वाली कंपनी
f2f6fcb0-945f-497b-b145-8f8cbcb18a2f,captain,2026-04,2026-04-13T00:15:23+05:30,1,5.70.0,22,"Very poor experience as a Rapido Captain and always payment issue, customer pay after ride complete but Rapido wallet balance not credit"
b8d9ebd2-b6fa-4e7e-87d4-98ad46dbbbc6,captain,2026-04,2026-04-13T01:53:46+05:30,5,5.70.0,2,v good
d42dc1c0-4be4-4dfa-baeb-38fe60edc6b9,captain,2026-04,2026-04-13T08:44:56+05:30,5,5.70.0,4,Great work thanks team
bd8a14a6-2ace-4136-b21a-1444213fe2d2,captain,2026-04,2026-04-13T18:23:43+05:30,1,5.70.0,14,not showing money and customer care was not responding and not solving the problem
261f74aa-88cb-4842-8862-8951697faf6a,captain,2026-04,2026-04-14T16:48:22+05:30,5,5.71.0,11,W.Nice Raid App I'm Rapido Captain Raidar W.Good App
49897573-00fd-414b-9871-c1720659b3cf,captain,2026-04,2026-04-14T18:06:40+05:30,1,,17,There is Application issue where My issue was confirmed for resolution and not fixed even after 5Hours
83be8616-9a8a-48fd-8bf1-6ddaffde51b0,captain,2026-04,2026-04-14T19:48:47+05:30,1,5.71.0,17,"Latest update consumed more data, rapido app eats 3gp data per day. please fix this issue asap"
5f5c88b8-899b-4d9e-968d-ce24006911f5,captain,2026-04,2026-04-15T13:06:13+05:30,5,5.71.0,2,hi good
dbd63722-baed-428e-b59b-0a2e5bacfa90,captain,2026-04,2026-04-15T15:48:19+05:30,1,5.60.1,95,టు ఇయర్స్ మై రైడ్ సబ్ స్టేషన్ ఫీజ్ కిలోమీటర్ 3rs ఇ సిస్టెంట్ రేటింగ్ బైక్ టాక్సీ ₹5 కిలోమీటర్ 234 కిలోమీటర్స్ పికప్ లొకేషన్ నో పెయిడ్ పెట్రోల్ 50% సబ్ సెక్షన్ 50% 100k.m paid 500rs vastadi కమిషన్ జిఎస్టి 35/₹పర్సంటేజ్ మైనస్ ఓన్లీ డ్రాపింగ్ లోకేషన్ పెయిడ్ మానీ మై పర్సనల్ ఎక్స్పీరియన్స్
5af3de06-da78-444e-a79b-6b505ac82509,captain,2026-04,2026-04-15T16:36:31+05:30,5,5.71.0,2,so happy
1c9ca12b-7dc1-4bea-9783-4b201b1cdf4f,captain,2026-04,2026-04-16T01:41:08+05:30,1,5.71.0,38,mein id open Kiya Mera kuch documents verification ho gaya hai aur kuch nahi ho raha hai 6 days ho gaya..support se bhi baat nahi ho pa raha hai ki Mera account active nahi kar raha hai rapido
69f8a89b-5897-447e-90fd-28ad2d8e1763,captain,2026-04,2026-04-16T01:43:45+05:30,5,5.71.0,4,good work I'm self
948fe38f-7e82-4092-8a02-d4936b5062d3,captain,2026-04,2026-04-16T18:10:05+05:30,3,5.71.0,29,it's shows long route rather than short routes even if it is available please look into that issue. It is waste of time. to both customer and the captain.
b7a9c25e-4138-4e87-ae8b-9e05fb1b8df3,captain,2026-04,2026-04-17T02:42:56+05:30,1,5.71.0,5,tis app is not god
7f9465b6-d42e-4464-a482-1e7ceafdc6d7,captain,2026-04,2026-04-17T21:29:32+05:30,5,5.71.0,10,rapido captain login nahi ho raha hai please login karo
c8b53dfc-1206-4876-b80a-703f3cd7d2bf,captain,2026-04,2026-04-17T22:31:55+05:30,5,5.71.0,8,it's Good App for All using Repito person..
698c4c6d-cab2-4bfa-925c-3844adbdaf72,captain,2026-04,2026-04-18T09:51:00+05:30,5,,5,good good night sweet heart
5555f1a0-f738-4355-b3e2-91d2653fa9a5,captain,2026-04,2026-04-18T15:31:40+05:30,1,5.71.0,29,5 din se rapido mein payment fasa Hua Hai customer care mein call kiya to roj Aisa Hi bolate Hain 24 ghanta vate karo 5 din Se payment nahin a raha hai
026f44a7-50b9-4068-9dc5-4835f3240846,captain,2026-04,2026-04-18T19:21:57+05:30,5,5.71.0,5,good app and nice earning
72dfb0fc-11f4-464f-99f8-21c3fd7dcb83,captain,2026-04,2026-04-19T11:22:30+05:30,1,5.71.0,17,bad sarvice achhi hai kuc प्रॉब्लेम हो तो custermer को call nahi lagata 😡
f3c87962-bd6a-4e13-897b-4ef1cf04b590,captain,2026-04,2026-04-20T06:56:00+05:30,5,5.72.1,5,rapido very good very well
2d3dc2f4-e911-40af-ab99-1899d7763562,captain,2026-04,2026-04-20T17:43:54+05:30,5,5.72.1,7,very good earning this app thanks Rapido
111dac61-7e6f-4af3-bfd3-5f54d3acba71,captain,2026-04,2026-04-20T19:30:20+05:30,1,5.72.1,3,very lowest rates 😕
f0ee0905-d777-4d65-962f-41ac0868f84a,captain,2026-04,2026-04-20T19:37:57+05:30,1,5.72.1,5,Your rate is too low.
3dbcfdbb-ffb6-4ae8-ae45-d0956d9973b9,captain,2026-04,2026-04-21T10:02:24+05:30,2,5.72.1,4,customer care not working
c9d637f7-8c02-41af-a86d-cd64c48881b9,captain,2026-04,2026-04-22T14:01:57+05:30,1,5.71.0,6,payment issue payment kam deta he
0f4a6ba8-fde3-41e8-96d3-2c922dadf174,captain,2026-04,2026-04-22T14:02:28+05:30,1,5.72.1,7,low price rate bhut prob lam h
7ee394cd-8fa3-4c78-8c20-98108746438b,captain,2026-04,2026-04-22T14:03:51+05:30,1,5.72.1,10,commission to much high n rate low so third class
3dbe6979-ac73-4f80-8ed7-2ec01a25759f,captain,2026-04,2026-04-22T14:04:22+05:30,1,5.72.1,5,I don't like bike taxi
de699fe5-8b6e-4cab-bb45-6deb9ea14eba,captain,2026-04,2026-04-22T14:05:14+05:30,1,5.71.0,4,oder price very low
063b203c-96df-42b1-8e32-2a4daf14d3a1,captain,2026-04,2026-04-22T14:10:42+05:30,2,5.72.1,19,"i am repido captain from surat, gujrat in my repido app not showing subscription plan ...plz fix this problem"
2cf2e4b2-1c23-4e8f-8f1f-3961ad6ae527,captain,2026-04,2026-04-22T14:11:49+05:30,5,5.72.1,13,"If customer cancel ride in last moment , Rider must be payment cancelle Fee.."
ca119ecb-effc-497f-9856-befd14728a8a,captain,2026-04,2026-04-22T14:13:20+05:30,5,5.72.1,9,this app is very successful thank you supporting me
f3d4c91b-f664-4ba0-adc7-2f9457d4a63b,captain,2026-04,2026-04-22T14:14:31+05:30,1,5.72.1,3,not getting rides
899537be-f87f-4f6d-80af-e51270b5118b,captain,2026-04,2026-04-22T14:17:09+05:30,5,5.72.1,1,Avesom
456dc16f-5131-414d-bd0e-6a2e85918d81,captain,2026-04,2026-04-22T14:22:17+05:30,5,5.71.0,1,gold
4181ddea-ee3e-463d-9efc-85f0f1fc04cb,captain,2026-04,2026-04-22T14:49:38+05:30,5,5.72.1,2,good income
cd657c2d-1676-4013-92da-979ebcd93dd9,captain,2026-04,2026-04-23T09:45:44+05:30,5,5.72.1,21,"It's very nice app and best calculations for both captain and rider,I think this is the cheapest journey to enjoy"
af99c836-da0e-4f7a-b990-e63e6bfc3441,captain,2026-04,2026-04-23T14:02:50+05:30,1,5.72.1,4,bahut Ganda hai rapido
77a58835-a77d-488e-8762-ee0d80270697,captain,2026-04,2026-04-23T14:03:04+05:30,1,,3,not work smoothly
dae7987e-e330-49f9-a9e9-8499b8a24054,captain,2026-04,2026-04-23T14:07:16+05:30,4,5.72.1,37,Bhai pehele incentive alag tha order marne ke baad our kam hogaya matalb jitna jyada order maroge utna hi kam kam hote ja Raha he please yesa mat kariye hamne job chod di full time karte he
66c553e8-daed-415a-a937-29119478a1a1,captain,2026-04,2026-04-23T14:08:14+05:30,5,5.72.1,6,"good service by rto pramane rate.,👍"
fa65e2af-01de-4200-ba25-e47731be6eae,captain,2026-04,2026-04-23T14:38:48+05:30,5,5.72.1,8,very nice ময় ধৰিৱ নুয়াৰু
293d7bbe-5afd-4792-bcfd-aeb5499949f5,captain,2026-04,2026-04-23T15:32:15+05:30,5,5.72.1,3,very good quality
e9b58e0f-ff7f-4fd7-9e36-c5f8eef58b62,captain,2026-04,2026-04-23T22:01:04+05:30,4,5.72.1,6,very cheap rate for rapido drivers🥲
47c9b8d2-c2c2-495d-bce2-42a821a0ecdb,captain,2026-04,2026-04-24T05:31:35+05:30,1,5.72.1,86,"Earnings are low in food delivery as well as bike taxis! Customer marking location is not exact! But we are picked up and dropped in different places i.e., far away from the given location but we didn't get the extra KM earnings. In food delivery they don't prepare food but update it as prepared so we won't get the waiting charge amount but actually we are awaiting. 😐 Recently facing an issue on cancellation. Always need to complain to Customer care for getting a cancellation amount."
cfd0fc39-599a-4057-abff-747a1e561d7e,captain,2026-04,2026-04-24T06:12:17+05:30,3,5.72.1,36,worest app in small city .. less length rides..tax +plus raipido comission+ petrol cost ...😂😂 if ugain 500 full .. u will get free body's pains and time waste 2 days for relax ... better to skip boys .. waste of time ..
d7ff62b7-a691-47e3-9e7f-8c5f6b56ccaa,captain,2026-04,2026-04-24T14:02:43+05:30,5,5.72.1,4,Good but low income
0b0bb4fe-c59e-4a9c-ad00-a8c2be5dc898,captain,2026-04,2026-04-24T14:02:45+05:30,5,,6,very good app for me also
8c8482e8-0707-4cdf-9794-a02721944b1b,captain,2026-04,2026-04-24T14:09:00+05:30,5,5.72.1,7,very good aap I got a job
d7ec2251-efe0-465e-a86f-5906bcee2a98,captain,2026-04,2026-04-24T14:59:41+05:30,5,,4,tumba use full app
05de5442-c19b-4359-b860-773b53e3e3cb,captain,2026-04,2026-04-24T15:36:13+05:30,1,5.72.1,7,please help me to change my city
fbd29c1c-e8b6-4927-a602-e864be3fa3d0,captain,2026-04,2026-04-24T17:33:12+05:30,5,5.72.1,4,bhaot rapido app he 🤗🤗
5f629d5e-4235-4e58-ae0f-1cc1469d7227,captain,2026-04,2026-04-25T01:21:08+05:30,1,5.72.1,91,"Namaste Rapido Team, Meri ID suspend kar di gayi hai, jabki meri koi galti nahi thi. 23 April ki raat ko maine ek female passenger ko pick kiya tha jo nasha (alcohol/cigarette) ki halat mein thi. Poore raaste wo mujhe drive karte waqt disturb kar rahi thi, jisse accident ka khatra tha. Jab maine unhe ride cancel karne ko kaha, toh unhone mujhse badtameezi ki aur jhoothi complaint kar di even unhone kaha ki vo pregnant hai jbki unhone mujhe yesa kuch nhi btaya. Maine unse koi gali-galoch nahi ki."
ec360313-7220-4f38-8ebf-b52784566997,captain,2026-04,2026-04-25T10:41:18+05:30,1,5.72.1,9,mobile is getting heat heavily while using the app
8d4eebf2-6768-48c6-bacd-a0e6701c20c5,captain,2026-04,2026-04-25T12:24:54+05:30,5,5.72.1,14,"Rapido is a very good app, it is a good way to earn money."
e0ece3a6-1a17-4ba7-9b32-c2a734811277,captain,2026-04,2026-04-25T14:02:35+05:30,4,5.72.1,9,update required in map navigation and also customer care
a7e499a6-d21a-4d87-b5cb-84ea617081cb,captain,2026-04,2026-04-25T14:20:03+05:30,5,5.72.1,1,happy
2f2b9e71-9c17-45fd-a8a2-dce9d199c75b,captain,2026-04,2026-04-25T14:56:20+05:30,1,,26,Rapido Rider is facing issues to receive froud calls and transfer to many. My question is to Rapido CEO Rapido Rider's Data your responsibility or not ?
b484ee27-d271-4790-ab63-dc4a8c5f3578,captain,2026-04,2026-04-25T15:40:43+05:30,4,5.72.1,4,good but rate down
bb307978-9bf6-4f1f-bff8-39503ec45ad1,captain,2026-04,2026-04-25T17:35:51+05:30,4,5.72.1,36,when receive ride it show 10 km after entering otp the km will excess but the extra km price is not added it's very difficult and the customer also not willing to pay extra for extra km
2a6d1786-e9f9-4af6-bf18-90d0303e48ee,captain,2026-04,2026-04-25T19:54:11+05:30,5,5.72.1,5,good serives and helpful application
9260796f-bede-4f4f-8939-058a458a474e,captain,2026-04,2026-04-26T11:43:39+05:30,1,5.72.1,20,rider Suraksha nahin hai paise bahut hum dete fruit company Bihar Suraksha available kam karne Apne risk per karna rapido
44d9a6e0-0812-457a-a37d-f559dfdbed6c,captain,2026-04,2026-04-26T14:07:17+05:30,5,5.72.1,2,nic app
6887e00f-bb1e-4598-b8d2-9612baa03fb5,captain,2026-04,2026-04-26T14:07:46+05:30,5,5.72.1,5,why subscribtion is always 7 days?
9081c1c5-de8d-483f-9aa2-f35f1accb56e,captain,2026-04,2026-04-26T14:34:35+05:30,1,,4,worst navigation of rapido
859c53ca-f6ad-49aa-99d3-8470649f39ed,captain,2026-04,2026-04-26T15:17:35+05:30,1,5.72.1,5,worst route showing (Galli Road)
30077a5a-09aa-4e84-8dcd-396d1cc3193f,captain,2026-04,2026-04-27T14:02:44+05:30,5,5.72.1,5,good source of side hustling
e9bfdd17-a8d0-4049-b29f-188fdbda6539,captain,2026-04,2026-04-27T14:02:48+05:30,1,5.72.1,7,go to home option still not working
c78920a8-9bd5-4f23-b51e-23bf9152190b,captain,2026-04,2026-04-27T14:17:50+05:30,5,5.72.1,69,app to bahut achhi he par kuchh customer bekar atehe parcel 📦 option he to bhi customer pessenger price mehi parsel lejane ko bolte 2 beg hi alaud he to customer zyada beg rakhte he or uper se jayada pese bhi nahi dete he or kabhi kabhi to 3 pessenger ke sath 2 ya 3 bade bachhe bhi hote he or bolte he ke yeto bacche he unka pesa alag se hum nahi dege
cefe9f1c-b8a1-44d0-9f7a-8956f13e4de0,captain,2026-04,2026-04-27T14:31:28+05:30,3,5.72.1,15,Rapido commission very high 17% + GST Ride plan also high & customer care service is not good
c8fe411b-e750-483a-b650-6717de81f1bc,captain,2026-04,2026-04-28T14:03:18+05:30,5,5.73.0,4,excellent supar no problam
ac4fce42-4b3a-414c-8f4c-e880105fb36f,captain,2026-04,2026-04-28T14:07:54+05:30,1,5.73.0,14,rapido coustomer care not help rapido captain only give new suggestions again and again
496a2e20-2476-440c-acaf-581012eb066f,captain,2026-04,2026-04-28T14:23:49+05:30,1,5.3.20,24,thief app. only looting drivers with hidden charges. customer care support is zero. no map and km update unless calling to customer care support. 👎
a7f237d8-2ce8-4ede-a7a6-34182a94215e,captain,2026-04,2026-04-28T14:25:04+05:30,5,5.72.1,14,please make the tip mandatory and starting from Rs 10 minimum on the bike taxi.
5fd8a315-754b-4b7b-9342-b72f24d80eb8,captain,2026-04,2026-04-28T14:50:54+05:30,1,5.73.0,3,ritu crddu low
d312da59-a32e-4287-b13a-9572e2235384,captain,2026-04,2026-04-28T15:04:17+05:30,1,5.72.1,2,faltu ...bokobass ....
3fbadff3-6207-4227-81a9-a477e40a247e,captain,2026-04,2026-04-28T16:15:25+05:30,3,5.72.1,38,"pick up is fine and by a given time but riders asks more money more than shown in this app and they ask extra money ,if it continues what would the people do,so try to do something"
9411763d-4442-4f4a-bb67-264b0278331d,captain,2026-04,2026-04-28T20:35:00+05:30,1,5.73.0,34,"very bad for mumbai rider If any traffic policemen catches you during the trip, you will be issued a challan of Rs 10,000-15,000 and a case will also be filed. Please take RTO approval first."
4df42cb1-4edf-4184-99ec-27db87e3fa21,captain,2026-04,2026-04-29T14:10:26+05:30,5,5.73.0,1,exlent
5a5d9e77-b112-42b5-87ee-8173a5c76bdb,captain,2026-04,2026-04-29T14:13:33+05:30,1,5.73.0,19,worst app. different cities have a different rate for km. so the drivers are asking for an extra amount.
f4a16fe0-b50c-4778-8a95-8c6235a1518e,captain,2026-04,2026-04-29T15:03:29+05:30,5,5.73.0,2,verry nice
b60822bb-c1ef-4bf0-96ec-f7f0604f92f7,captain,2026-04,2026-04-29T15:35:04+05:30,1,5.72.1,48,"Please stop continuous vibration alerts in the Rapido Captain app. Normal notification sound is okay, but repeated vibration while the bike is running causes the phone to overheat and may damage the motherboard/battery because the phone stays mounted and charging continuously during rides. Please take necessary action."
6571ad5c-5ce4-45e2-8744-beaed706c6d6,captain,2026-04,2026-04-29T15:41:33+05:30,5,5.73.0,11,Ripido company has just started giving good prices. Thank you rapido
e72d9cad-cf7e-4f0c-a8e4-82374b97e1f1,captain,2026-04,2026-04-29T17:12:14+05:30,1,5.3.35,6,dog hai rapido don't kutta app
f5150e1a-2f93-438a-a728-7e5bf2124d36,captain,2026-04,2026-04-29T23:20:17+05:30,3,5.73.0,8,please give night mode or dark mode option
95753dfe-8bcc-47fd-b64e-dcf2edb509d5,captain,2026-04,2026-04-30T08:23:29+05:30,1,5.73.0,12,itne kam paise dene se acha hai free mhe chalva lo gadiya
2db4921b-8961-45e2-94a3-9d8164fe765c,captain,2026-04,2026-04-30T14:04:15+05:30,5,5.73.0,4,i am rapido captain
1e9cf9d4-1f0d-4541-9fee-6869d03166d8,captain,2026-04,2026-04-30T14:34:26+05:30,4,5.72.1,5,captain rapido ride rs. 10 karo
62ab779c-d526-4460-9ec3-adc7b9c5727b,captain,2026-04,2026-04-30T17:40:44+05:30,5,5.73.0,1,ood
004550eb-901b-4ba2-8d72-6502f874cdee,captain,2026-05,2026-05-01T02:40:52+05:30,4,,1,happy
f41f02bd-2523-4587-9fa0-4eaec6e70aff,captain,2026-05,2026-05-01T09:20:35+05:30,2,5.73.0,11,"All documents have been uploaded on 27/4/26, ID has not been activated."
ff653136-44fd-416e-ab13-cce2dc545114,captain,2026-05,2026-05-01T11:43:49+05:30,1,5.73.0,3,not giving order
9d5fd14d-97ec-4dc4-a7d4-f3f61b42b964,captain,2026-05,2026-05-01T13:32:50+05:30,5,5.73.0,4,🙏 ಹರೇ ಕೃಷ್ಣ 🙏
ec12d902-b14e-4076-a8e6-ad9ebb569904,captain,2026-05,2026-05-01T14:16:23+05:30,5,5.73.0,5,good app best ride s
b9093d35-5068-4bc9-9164-428a50cc3dec,captain,2026-05,2026-05-01T14:19:31+05:30,1,5.73.0,39,अपडेट साठी नोटिफिकेशन येते आणि जेव्हा अपडेट करायला प्ले स्टोअर मध्ये जातो अपडेट करायची गरज नाही असं दाखवतोय
3b23a07a-d1f0-4b2d-acc4-8b66fedce2a7,captain,2026-05,2026-05-01T14:23:48+05:30,5,5.73.0,7,best app to use easy to use
2e3cbdac-c192-4fc6-a152-1fd01ce85be7,captain,2026-05,2026-05-01T14:28:13+05:30,5,5.73.0,11,am telling ..rapido is change my life nd evrything...thanks RAPIDO
16c83ba0-36c5-4a2b-8c3a-4b4c66d61f16,captain,2026-05,2026-05-01T14:36:02+05:30,5,5.72.1,4,best rapido service INDIA 🇮🇳
c9c3e7e1-7866-42d0-9a63-1b2c6da4953b,captain,2026-05,2026-05-01T14:37:22+05:30,5,5.73.0,6,i am not getting daily incentives
49ee94e5-0a24-4ca2-bbc3-6db3713a692b,captain,2026-05,2026-05-01T15:01:52+05:30,1,5.73.0,22,petrol ki gaadi me kaam kaam karte hai aur jo incom hota hai usme pysa jada kaat leti hai repido ki company
a22f779b-2726-46be-9786-304294bf1361,captain,2026-05,2026-05-01T16:07:44+05:30,5,5.73.0,4,good and devolpment need
35a71423-7559-41a5-a429-a1c2efabf0cf,captain,2026-05,2026-05-01T16:50:02+05:30,1,5.73.0,25,subscription prices are too High always increases as you buy again and again. shows different prices on different captains app. not as good as expected.
1ced327f-30f2-4591-90b4-ba1a27ba7691,captain,2026-05,2026-05-01T17:00:22+05:30,5,5.73.0,1,happy 😊
a1e2844d-1788-49ba-9c5d-06273144c207,captain,2026-05,2026-05-01T17:05:47+05:30,1,5.73.0,60,"This app is doing something wrong by lowering the price with Captain. There is no problem in charging more rent to the customer, so why did you reduce the rent in the rate card? Nowadays, inflation is increasing day by day. The prices of everything are increasing and you have reduced the prices. You are doing wrong with Rapido Captain."
6988e197-69db-4f4b-a77d-82df07a19cf7,captain,2026-05,2026-05-01T20:37:45+05:30,5,5.73.0,89,"Rapido is more than just a ride;it feels like a quiet support in life’s busy moments.When you are late,tired,or stressed,Rapido arrives like a small relief.The simple greeting of the captain and the cool breeze during the ride bring unexpected comfort.It’s not only about reaching your destination,but about feeling safe and cared for along the way.For many,Rapido is not just transport—it’s a helping hand that shows up exactly when needed,turning ordinary journeys into moments of ease,trust,& calm"
892a84b5-b687-4010-a0d2-273dc630356d,captain,2026-05,2026-05-02T07:23:13+05:30,5,5.73.0,2,nice day
13788bc4-cba5-4540-b204-13841b20ac6b,captain,2026-05,2026-05-02T09:03:40+05:30,5,5.73.0,12,rapido ek bahut hi badiya platform h part kamayi karne k liye
647e3171-b938-4e0a-a408-a9df68990612,captain,2026-05,2026-05-02T14:03:39+05:30,5,5.73.0,8,অনেক ভালো একটি অ্যাপ
5c1bc0b1-95f8-44f9-bfbf-05f168f41da8,captain,2026-05,2026-05-02T14:07:19+05:30,5,5.73.0,3,nice inkam appa
c4bb04f4-3b3f-4ced-993e-b99cf59fbfb6,captain,2026-05,2026-05-02T14:10:15+05:30,5,,6,just woww..... plz update navigation system
3136ec10-6188-4ec3-a730-e16eaf4c6438,captain,2026-05,2026-05-02T14:13:42+05:30,5,5.73.0,5,fear bahut kam de raha
df00a536-9d5b-4f38-9182-7c9651ac5e30,captain,2026-05,2026-05-02T14:34:21+05:30,1,5.73.0,52,rapid prices in Anantapur lowest price present vehicle parts oils oils maintenance cost is high present rapido prices very low I am thinking rapido price increase ride is okay location is going after customer no information cancellation is customer driver cancellation charges not done customer calling is driver I am checked him
a6374e5e-9a22-49fe-9a22-92f365564d41,captain,2026-05,2026-05-02T15:18:58+05:30,4,5.73.0,4,Best More earning App.
0d100e78-0c0f-43cd-b419-6e294c650fea,captain,2026-05,2026-05-02T15:40:28+05:30,5,5.73.0,4,im daily 1500 earning good 👍
fdb10576-04a1-44a5-9d9c-a479ecf9b02d,captain,2026-05,2026-05-02T16:38:03+05:30,1,5.73.0,8,location problem and not responding to rapido customer
5e493fa3-04c1-4a3f-98d9-928724585a1c,captain,2026-05,2026-05-02T18:15:42+05:30,4,,6,Good platform but rate is low...
fd122242-2dcf-4436-b24e-a2abb9d13d45,captain,2026-05,2026-05-02T18:36:21+05:30,1,,17,rapido customer service is very bad 😞 don't install this app and rapido provide very bad fare price 😞😞
c659c2cf-4dea-4346-8723-2314ca43ad4b,captain,2026-05,2026-05-02T23:57:23+05:30,5,5.73.0,1,ghatya
51205a52-94cf-4ae8-a191-625d50e8abf3,captain,2026-05,2026-05-03T09:27:34+05:30,1,5.73.0,58,are bhai customer order cancel karte hai to paise bhee nahi milte or location bhee khatiya bata raha hai hoga 2 ya 3 show karega gumke 7 km or ha uske pese khuch extra nahi milenge ha or ha drop location bata raha honga 4 ya 5 km actually hoga 7.5 km jesa usme bhee 1.5 se 2 km ka gotala hat bakvas mat karo bhai
5b1d28b0-0518-49d3-8c95-7661b1c2c6c0,captain,2026-05,2026-05-03T14:02:27+05:30,5,5.73.0,4,good app rabido caption
6caa8e29-8638-4788-ba03-d511255dd621,captain,2026-05,2026-05-03T14:04:33+05:30,4,5.74.0,2,bad earning
f4b0f5ed-918a-4d0c-ac3f-f12a5d99a178,captain,2026-05,2026-05-03T14:06:05+05:30,1,,5,fair very low for driver
1a6367a9-c5fc-48cf-9376-06e4376b7229,captain,2026-05,2026-05-03T14:34:04+05:30,5,,5,but grow up tje rates.
d16a0b12-138b-4f87-a7dc-ae963f6d4254,captain,2026-05,2026-05-03T15:11:35+05:30,5,,1,nic
7a2e2bf1-14d9-4dd4-9b50-ec5be57f4af2,captain,2026-05,2026-05-03T15:31:27+05:30,5,5.73.0,6,excellent earning opportunity thank you rapido
b97bf11e-bc5a-4117-b0ac-79da2b758444,captain,2026-05,2026-05-03T17:05:24+05:30,5,5.74.0,11,morning aour sham ke samay bhade uthate hi cut jata hai.
09e5461e-c155-40ff-add0-3bf64ce7278f,captain,2026-05,2026-05-03T17:05:57+05:30,5,5.73.0,2,vary excellent
8a0794a4-0e2e-48d4-b557-74f4a4a4a8ac,captain,2026-05,2026-05-03T17:22:29+05:30,1,5.73.0,3,useless for driver.
3021bc6d-66a8-4490-9002-6599ddd39f5f,captain,2026-05,2026-05-04T03:24:51+05:30,1,5.74.0,12,rapido fraud company nivu dudidiro duddu kodalla ivanu government rate kodta ella 😡
3778acce-d7bb-48ca-9444-fd70cc6232a4,captain,2026-05,2026-05-04T09:15:21+05:30,5,5.73.0,4,సూపర్ సార్👍
19cfc2c3-9b39-4a58-b6d7-3bebb3f0211c,captain,2026-05,2026-05-04T13:05:18+05:30,5,5.74.0,4,good job for students
ec0a41e1-c4dc-4eb8-8b8a-0f7d33ab994d,captain,2026-05,2026-05-04T18:46:59+05:30,1,5.73.0,4,rate is very low .
5bf5517e-4746-49f0-9a4f-f65dfc6cae2d,captain,2026-05,2026-05-04T19:29:35+05:30,1,5.73.0,2,faltu company
32f472fa-0fc3-4068-be4c-87156038cd40,captain,2026-05,2026-05-04T21:04:10+05:30,1,5.73.0,28,wrost app ever very poor earning in mathura pick 4.8 and drop 4.2 and earning is 39 rs and 3 rs cut of gst and commission of rapido 🤬 total earning is 36 rs
ff611d34-018f-46e7-aefb-217ae1325805,captain,2026-05,2026-05-05T19:25:28+05:30,1,5.73.0,7,please reduse commision 17% then help to captain
b70295d8-dc0d-4d96-86e1-04609175c00e,captain,2026-05,2026-05-05T21:04:33+05:30,5,5.73.0,2,low rate
32133857-c4fc-4f93-86ee-304807031cb2,captain,2026-05,2026-05-05T23:15:10+05:30,1,5.74.0,2,not interested
422766b0-ebbf-4f3b-a259-0c2e71184047,captain,2026-05,2026-05-06T09:19:39+05:30,1,5.74.0,78,Dear Rapido why give to bike for Drive and why not give pickup Amount is it free for pickup and sometimes Drop location also wrong what about that payment. 1.5 Year Before Rapido was good they give for bike and Own EV Autos totally Rapido was Bad. Please Rapido do good other waise God never Live you. Don't give Bike Taxi. Why Cheating us Rapido why? Show's Low Payment And Long pickup. Rapido also Think 🤔 Like Stupid And Cheater
44e6b925-99b4-47ce-bbef-b336ac0894e6,captain,2026-05,2026-05-06T09:36:21+05:30,1,5.74.0,3,app not working.
65d8c5b6-2c69-4549-842f-8c86cea8200c,captain,2026-05,2026-05-06T10:41:56+05:30,5,5.74.0,5,very good earning app but ...
604749a8-fffd-4595-afe9-97b9def064d9,captain,2026-05,2026-05-06T10:49:21+05:30,5,,8,this best business for students and part time
625eb154-21eb-4057-a367-e8af2e0ad50f,captain,2026-05,2026-05-06T16:37:45+05:30,1,5.74.0,11,bakvas he kiraya kam kar dete he koi istemal na kare
a5bb2ebc-be7b-4466-bcfb-c10e63c2bc3c,captain,2026-05,2026-05-06T17:00:13+05:30,1,5.74.0,34,"my earnings transfer to my account. but awaiting for aprooval status in huge time process in near one day, but not credited my account. what happened. when transfer credited my earning in my account?"
41030433-ba36-4ffe-89bd-60c347069802,captain,2026-05,2026-05-06T22:50:40+05:30,1,5.74.0,27,"It was the worst experience ever. The customer support was very undisciplined and untrained. They made many false commitments to me, and they also misbehaved with me."
013aafce-fc48-4208-ba78-36f1a121bb24,captain,2026-05,2026-05-06T23:46:06+05:30,1,,3,I don't like
349888da-8b08-49ef-b34e-5719e5a721e5,captain,2026-05,2026-05-07T08:29:23+05:30,1,,14,meri koi galati nahi hai fir bhi muje hi galat bola aur saja mili.
2414be94-53f3-486f-8227-4b47d970730b,captain,2026-05,2026-05-07T14:28:47+05:30,5,,14,ALL SYSTEM Good ONLY TWO MISTAKE THIS APP GST AND OTP SYSTEM NOT GOOD 😡😡😡😡😡
e181db21-f348-4b8f-8a70-c6e33e7679fe,captain,2026-05,2026-05-07T17:58:51+05:30,1,5.73.0,76,"I had a very disappointing experience with the Rapido Captain app’s support system as a rider. The app provides an option to contact support via call, but when I actually called, I was simply told to go back and select the same call option within the app. This creates a frustrating loop without any real assistance. As a rider, timely and effective support is extremely important, especially during issues on duty. Instead of resolving the concern"
dae5dfa9-2bc1-48ac-8c2c-8e8947907a57,captain,2026-05,2026-05-07T18:10:08+05:30,5,5.74.0,1,fantabulous
0e1069ff-7360-46fc-b8ae-8840c805adf5,captain,2026-05,2026-05-07T20:20:06+05:30,2,5.74.0,8,not able to change plans after updating app
6cdeca9a-cb3c-4a06-ac73-5747975bf570,captain,2026-05,2026-05-07T20:31:03+05:30,1,5.74.0,26,bekar sarvise he total west of time na pise bahut kam he drivar ko dikat ka samna karna padta forud bahut hota he company na re
cf4c3e07-5aff-4eef-98e1-7a600216f52b,captain,2026-05,2026-05-08T08:45:03+05:30,5,5.74.0,3,Best of India
bb620cd6-0df6-4c1a-9089-33312f692b54,captain,2026-05,2026-05-08T11:02:48+05:30,1,5.74.0,43,the third apps like auto clicker can accept long rides and this creates nuisance for honest riders please look into this that no other apps can accept rides for riders it should be only accepted by human being. this is a humble request
ac1ad8e6-905a-4ec2-ab27-85d8d83c14f8,captain,2026-05,2026-05-09T08:55:21+05:30,5,5.74.0,2,సూపర్
579eb49f-9c6c-4d68-b094-dbf1444f5447,captain,2026-05,2026-05-09T20:30:17+05:30,1,5.3.8,14,ISSUE IN APP WORST ONE THIS UPDATE NOT ABLE TO EVEN ENTER THE SCREEN
e7d7ffa6-9679-4b70-af3c-e046715c59e0,captain,2026-05,2026-05-09T22:05:13+05:30,5,5.72.1,2,5 year experiences
b7640ada-3346-49b0-b5ab-18223f58a3ca,captain,2026-05,2026-05-10T02:35:43+05:30,1,,18,doing frud here giving a option and now they have says now bonus is visible making captain fool
6d0d0af9-0020-4443-9dd7-d341d089291f,captain,2026-05,2026-05-10T12:23:50+05:30,5,5.74.0,7,"earn more money, to lead our life"
2735da3a-8890-44ef-93cb-33b4bb8248ec,captain,2026-05,2026-05-10T19:35:51+05:30,1,5.74.0,7,customer support nahi mila pa raha hai
71998668-6b30-4217-a62f-d6ae1d3aeb9b,captain,2026-05,2026-05-11T14:38:14+05:30,1,5.74.0,3,driver not safe
431ce5f3-81f0-4fce-b228-523ae03f1bdc,captain,2026-05,2026-05-11T15:47:22+05:30,1,5.74.0,29,"fixed your subscription plan program every time i use , the subscription plan gaining high and high , if it will be remaining like that i will see you kn court."
978bb15b-86f4-44d7-8317-e86e71836533,captain,2026-05,2026-05-11T18:23:12+05:30,1,5.75.0,6,my money not received rapido captain
5c09b2e4-fe53-4e67-afd9-4b56c8d0c4dc,captain,2026-05,2026-05-11T18:39:47+05:30,5,5.75.0,3,driver help app
3d0e4dab-b4cd-4374-9531-014db30d37aa,captain,2026-05,2026-05-11T20:14:00+05:30,1,5.75.0,33,intensive to aise bolate Hain ki mujhe bahut milega internship ka time liya hota Hai uske bad bhi char panch write karne ke bad aur Sham ka to kabhi bhi nahin milta Hai
9a9ea51b-88f7-4d80-8d2a-241070407d74,captain,2026-05,2026-05-11T23:01:02+05:30,5,5.75.0,3,completed thousand trips 💥
20933e2c-6feb-4070-a91a-5dc54230cf95,captain,2026-05,2026-05-12T01:02:21+05:30,1,5.74.0,24,It's a best app for earning and one thing is very very bad that's a took too much commission waste ap bullay ka app 😕
d22b3569-2d79-4309-8099-fd377e29b80c,captain,2026-05,2026-05-12T07:58:34+05:30,2,5.75.0,81,I am using captain Rapido I am facing some issues like everyday subscription pakeged is increasing and every rides when I receive any order like 10km order after putting OTP km automatically increasing like 12 or 13km this is the most important thing we are facing this issue. Can you please rectify one more issue is when I have cancel any order performance will effect my id but customer if any cancel any orders then same performance will effected means performance down
d8c04041-bba7-41e7-8811-19f3f04c8fe8,captain,2026-05,2026-05-12T12:01:37+05:30,1,5.75.0,8,rapido company chor driveron ka Paisa khati ha
478fbe97-1d01-40f8-8ab1-f4c967c1d3a6,captain,2026-05,2026-05-12T12:37:32+05:30,5,5.75.0,2,good jop
eb9801de-7a25-4506-a262-3a2a3073cb27,captain,2026-05,2026-05-12T14:50:41+05:30,3,5.75.0,7,I am using the app Rapido caption
94d69be1-0987-4cb0-9ee6-7f77206c286a,captain,2026-05,2026-05-12T15:16:22+05:30,1,5.75.0,7,work bed aap poor support for rider
9d2d6c5a-e175-4f04-8fae-e42f1ea4a198,captain,2026-05,2026-05-12T15:50:57+05:30,1,5.75.0,4,ghatiya app ghatiya sarvice
98487329-5e83-4d44-aaf9-cff6ee3a934b,captain,2026-05,2026-05-12T17:36:17+05:30,1,5.75.0,17,maine poore Document upload kar diye fir bhi abhi bhi under verification aa raha hai 3 din se
1b2f0a27-b6dc-413d-b05a-fd68c46c9bf4,captain,2026-05,2026-05-12T18:17:21+05:30,1,5.38.0,4,faltu ret det ahe
1216eb65-9cfe-44ad-9980-5459f93700bd,captain,2026-05,2026-05-12T20:56:25+05:30,1,5.75.0,5,per /Km so low ammount...
12793900-848c-400f-ac7a-91d4ca38a0ac,captain,2026-05,2026-05-12T22:24:41+05:30,5,5.74.0,3,daiy tax 15 rupees
6eff3983-ee30-4faa-bc08-94d7a3d58b78,captain,2026-05,2026-05-13T01:22:24+05:30,1,,1,fraud
24216200-2443-40f3-82ce-b940e30fa9ed,captain,2026-05,2026-05-13T06:32:21+05:30,5,5.76.0,2,goods aap
bc99bc91-12c7-4287-98fd-97c3e02d11de,captain,2026-05,2026-05-13T17:07:53+05:30,5,5.75.0,2,veer good
7d4a8564-9dbe-4420-9f11-5cc1a61d11b4,captain,2026-05,2026-05-13T18:17:04+05:30,4,5.75.0,48,Suggestions to update in App. 1. Show the live location of the person so it will be easy and take less time for pick up. 2. Like other apps show where to pick and where to drop so it will be easy to select for the captain. Also show payment💰.
8f8dda5a-98b2-4e2c-9440-e93df6241780,captain,2026-05,2026-05-13T18:37:01+05:30,1,5.75.0,12,"i can get orders ,but no incentive or bonus, I'm in Tiruppur.."
99923073-874b-4cf0-b79e-ef9ff6a5c990,captain,2026-05,2026-05-13T19:07:20+05:30,1,5.76.0,21,worst service in call support from company to captain Then don't solve all problems if u tell more then 100 time also
c96d2454-fd7a-4547-a6d7-fd59f244fdda,captain,2026-05,2026-05-13T20:32:40+05:30,1,5.76.0,3,"plan not showing ,"
0cee6eff-cfb1-4ceb-aaa3-3f66ae56209c,captain,2026-05,2026-05-13T23:14:20+05:30,5,,2,fraud rapido
d8acec52-a885-42d4-bb42-5b29dc9ddff6,captain,2026-05,2026-05-14T08:33:03+05:30,5,,2,genuine party
8c9ea814-63cb-414e-ad60-1004f67a0918,captain,2026-05,2026-05-14T10:18:38+05:30,1,,76,bhaut hi jyada ganda app hai maine khud repido chalata tha mera 5 star rating bhi tha fir achanak meri id ko suspend 100 year ke liye kar deta hai bolta hai ki abuse diya maine coustomer ko jabki mere pas us din ke customer ka call recording bhi tha but mera baat ko suna hi nahi ab mai khud inki harkat ko viral ke sath court me jane ki tayeri kar raha hu isse achha ubar hai
e37ee3bd-706f-496b-8589-128bad0056fc,captain,2026-05,2026-05-14T17:36:34+05:30,4,5.75.0,81,I've been providing rapido captain service to the customer for a year but I found some issue regarding the customer cancelling the ride though I have accepted the ride go for the pickup location...but suddenly they cancelled the ride due to offline booking by other rapido captain without using the booking system...so I request you to kindly look into this matter as per the booking fare we are supposed to recieved for the rapido captain service when cancel ride..
f1a41ecc-2e7f-4faf-b20a-ed0358ebcca0,captain,2026-05,2026-05-14T17:47:53+05:30,5,,4,very very happy rapido
73c0812c-92e4-4ee8-9e3f-caaa971f8be4,captain,2026-05,2026-05-14T19:20:59+05:30,1,,6,Very Bad behaviour customer care service.....
229280d6-c510-4e61-ac69-a6ab466a3947,captain,2026-05,2026-05-14T19:59:44+05:30,1,5.75.0,25,very fake app iam not satisfied customer care guys can't resolve the problem from 1 month they are showing wait for 2 hours still showing very fake
27c8ed02-ea5c-44b1-b00b-8e71f08335f5,captain,2026-05,2026-05-14T21:55:53+05:30,2,5.76.0,6,no order order price very low
dd51740e-5ab5-4766-b985-00c4091c25fb,captain,2026-05,2026-05-15T11:08:31+05:30,1,5.75.0,7,fraud app he dont have 5 star rating
2b624f4d-1c24-4768-aa4e-17b9fd227189,captain,2026-05,2026-05-15T12:53:37+05:30,2,5.74.0,1,yas
2ac8132c-cc85-471d-a0d7-221bb7264301,captain,2026-05,2026-05-15T13:43:43+05:30,1,5.75.0,49,I always prefer to ride on uber instead off rapido because I hate the constant vibration during searching for ride. please make it off it drains my battery soon that I can't work more than I want to. there should be any option in the app to off it..
078f01ac-3dc5-4e3e-b2be-531a3bfa9423,captain,2026-05,2026-05-15T16:56:53+05:30,1,5.75.0,15,the customer care service is bad not recieve any call and no reply any mail
674dfd61-4553-4349-9643-612b89905eb5,captain,2026-05,2026-05-15T18:08:10+05:30,5,5.76.0,5,nice very nice good luck
ac494ddd-89a3-4e51-9fce-112dfa5c7f9c,captain,2026-05,2026-05-15T20:09:42+05:30,2,5.75.0,18,"Even I'm doing delivery in this app, wherever you go they will do delay in giving the parcel"
3f15fd65-d49d-4e91-be85-523f0f1598c0,captain,2026-05,2026-05-15T23:58:20+05:30,5,5.75.0,6,वेरी गुड सुपर
eee3fdfc-7c6b-49f2-bd48-c37fd2964017,captain,2026-05,2026-05-16T08:35:12+05:30,1,5.76.0,5,castmar cair not saport captain
f21c9a65-650e-4c98-885d-93f01a6a6642,captain,2026-05,2026-05-16T16:33:53+05:30,1,5.76.0,14,low earning in Hyderabad passenger auto gas rate to high rapido price too low
7ee0e915-b3f5-41ec-ae79-7e4ada0bea1b,captain,2026-05,2026-05-16T18:51:47+05:30,5,5.75.0,5,good for part time job
1dbe6197-0dc3-4d05-9aac-a86606dd2d20,captain,2026-05,2026-05-16T20:14:30+05:30,1,5.75.0,31,Too low rides. when another rapido riders wth me then its show to many rides but i dnt recived any rides so pls do somthng other I report to ur app
1a5f2194-ee7c-4220-8008-8651bf9bbe13,captain,2026-05,2026-05-17T01:43:11+05:30,1,,50,"i had work with you above 5years but you still acting .examples commission,parcel delivery,food delivery but still you won crazy rapido .I knew and now I'm going to ignore you .oh one more thing you collected commission from me more than you need a great artist like you're😆😆😆😆😆😆😆😆😡"
697ed7de-cc2c-4f22-a3c4-aca9af062a4f,captain,2026-05,2026-05-17T02:06:41+05:30,2,5.75.0,7,customer support very poor.. not propar mail
9755152f-cf19-4c66-a5f5-a0b69c59d0de,captain,2026-05,2026-05-17T09:21:55+05:30,1,5.76.0,6,bekar aap farji duty deta hai
a7c4fdf7-ed26-44e5-bbcb-463552f8cd2e,captain,2026-05,2026-05-17T11:06:22+05:30,5,5.75.0,5,VERY GOOD & HELPFUL INCOME PLATFORM
15621a0d-2e07-42e5-bc45-6b3284c7db8b,captain,2026-05,2026-05-17T21:29:51+05:30,1,5.75.0,13,"very disgusting service, they don't pay the exact amount rate is very less"
daf22699-e143-4759-bee4-114ad0cb80a9,captain,2026-05,2026-05-18T04:14:52+05:30,1,5.75.0,47,"This app is a spy, it forces the user to adhere to ""Allow location access all the time"" instead of ""Allow location access while using the app"". why this app wants to have my location all the time. It is a violation of my and others privacy."
47fe1485-ad10-4d6b-9ee9-3676acbfce98,captain,2026-05,2026-05-18T13:00:00+05:30,1,5.2.30,61,"penalty for customer cancellation, suspended my id for delivery and parcel due to customer cancelling. guys from last Tuesday I am working for zepto, here everything is genuine and well behaved executives, unlike captain care and other executives there is not problem here, come join zepto and earm more than what u earned in rapido... I'll never work for rapido again..."
784823ac-8424-4b67-8219-c15b0dabc2e3,captain,2026-05,2026-05-18T14:30:20+05:30,4,5.75.0,5,nice hai isme kilomitter dikhao
ea8dff9f-79e6-43f1-ac23-112bb417d9ee,captain,2026-05,2026-05-19T08:10:51+05:30,1,,6,app not working properly sometimes frustrating
afcff35d-6152-405b-b0f9-d4e655778c2d,captain,2026-05,2026-05-19T13:07:47+05:30,5,5.75.0,3,good to use.
ad7964b5-7f97-448d-8917-666ff7261037,captain,2026-05,2026-05-19T15:06:09+05:30,1,5.76.0,12,my account is still under verification from 5 days it is too bad
499ce15d-3c9f-47e6-824c-7892b9d9ee08,captain,2026-05,2026-05-19T22:39:22+05:30,1,5.76.0,40,It's been 5 days i haven't verified my documents its really poor they are saying its benn verified by 10 min but haven't verified yet how can people work in such a things if its not completed yet such bad about rapido
fc0a9ca8-8028-42e5-9c7b-901f41fa7358,captain,2026-05,2026-05-19T23:50:09+05:30,1,5.75.0,4,illegal app for Maharashtra
89e01a27-9b0f-4b55-9ed8-91afe7cf7c35,captain,2026-05,2026-05-20T13:27:29+05:30,2,,18,not reply from costumer care end i tried many times for help 😕 please look into it matter team..
826a0aef-04f0-47cb-9d4a-6f8cbf0705a6,captain,2026-05,2026-05-20T14:23:32+05:30,2,5.76.0,3,very low price
fae01f3d-2e00-45b5-988e-f3763b793666,captain,2026-05,2026-05-20T14:38:14+05:30,1,5.76.0,42,I put my review here 10 days ago. And I was asked to mail the details. Even after mailing I never got any reply from the team. Still I'm unable to activate my account. Worst service I've ever had from such a platform.
9c1574f7-14a6-42e9-9e16-0a0bc8b6c13e,captain,2026-05,2026-05-20T19:39:53+05:30,5,5.76.0,2,achi ride
0c3c298e-96a1-4b46-b29d-67900047de27,captain,2026-05,2026-05-20T20:48:34+05:30,5,5.74.0,25,it's very good work but afternoon time is Rapido captain is poor giving Money bat it's ok 1 quverre there is no ese perfectly time....... thanks 👍😊
16039d9f-8d1e-4315-b896-6cff06f90268,captain,2026-05,2026-05-20T21:12:12+05:30,5,5.76.0,5,best for driver's and customer
89b47292-59d8-4261-b581-86375efdb569,captain,2026-05,2026-05-21T11:09:29+05:30,1,5.76.0,12,అమౌంట్ తక్కువ చూపిస్తా ఉన్నారు
48eacc1e-83ed-4ab3-9f8e-40365d3f41d1,captain,2026-05,2026-05-21T12:21:04+05:30,1,,26,I had uploaded my documents and the rc number still in the verification from 6 hours there is no response from the rapido please look into this
f19cd1b2-f949-4c94-b008-1bbbd36b0872,captain,2026-05,2026-05-21T17:08:22+05:30,2,5.76.0,80,"couldn't reach out to the customer support in case of emergency and also when the customer cancels the ride after reaching the location,i never received the cancellation charges for that , there's no option to undo things according to our will ,for example I have mistakenly clicked on the bike boost option, there's no undoing it please be aware of these things as a rapido captain, there's no proper framework in rapido app strongly condemn the framework of the app"
be4b57b4-2d9e-4cab-8f4b-28b8cc0dadd8,captain,2026-05,2026-05-21T18:27:51+05:30,1,5.76.0,81,Jabse Main Subscribe karke ka complaint kiya h tabse ride maera block kar diya h agar Koi complaint karte bar bar sunte nahi h bas Ride ana block kar diya h same jagah par hum 5 log the 4 main same ride dikhao diya lekin mere id par show nahi kar raha tha aur Jyada customer care main call karke bologe problem to rides nahi dete h rapido aur Customer rating jyada hone ke bavajud bhi nahi ride mil raha h 4 dino se
5031651c-4812-4fae-a7d5-10cdd60b4d96,captain,2026-05,2026-05-21T22:31:36+05:30,5,5.76.0,15,app may id open nahi hora he hya rapido ki login nahi hora he hya
cc017fa2-4e05-4f0d-950d-0d9169e2e9e7,captain,2026-05,2026-05-22T02:37:12+05:30,4,,32,greetings this is to inform service managing could not be done in app I had been trying to deactivate some unwanted services but it's not deactivating please look in to it thankyou
303752e3-2608-4207-8061-6ad4ae24317a,captain,2026-05,2026-05-22T11:41:55+05:30,5,,18,"Sir, regarding ,please take note that in Maharashtra—specifically in the Boisar area—Rapido is currently not operational."
3a5f9195-a996-4758-9465-9fdc1caf97f3,captain,2026-05,2026-05-22T17:52:52+05:30,3,5.76.0,8,customer support no. in food delivery no working.
6d6377ca-377a-421a-9c3f-71f015f4eb96,captain,2026-05,2026-05-22T19:09:20+05:30,1,5.76.0,18,dear brother new joining captain don't join rapido .. because daily app issue problem customer care service not good ...
5dd38f8a-797b-4b6e-a9c3-e3d8f726c831,captain,2026-05,2026-05-22T22:12:35+05:30,1,5.21.0,7,my phone is not install this app
e90c826a-4929-4b46-8c7e-a60f7214d479,captain,2026-05,2026-05-23T01:19:11+05:30,1,5.76.0,2,ride problem
0b45b686-d2b1-49e1-94d1-3a23101282d0,captain,2026-05,2026-05-23T10:32:52+05:30,1,5.76.0,2,bad repido
7ef6b6f1-a55b-4fd7-9185-dc4d404b1c8a,captain,2026-05,2026-05-23T18:54:37+05:30,1,5.76.0,3,worste and waste
a89a646d-e632-4ced-bcab-ef5c12124956,captain,2026-05,2026-05-23T23:40:48+05:30,5,5.76.0,3,best arning app
150ad64d-d438-498a-9045-77fbd323736d,captain,2026-05,2026-05-24T10:01:35+05:30,1,5.76.0,91,"I have never seen such poor service before. When I created my ID, I got a good order. Rapido CEO said that I would earn Rs 60 to 65 per ticket and the app was saying that I would earn Rs 200 but it was fine for the first 1 week. But after 1 week, neither the earrings were working properly nor the application was working properly, Customers were made to wait for 4 minutes after 3 minutes and then cancelled, I waited for a total of 7 min.at the drop location but not get the charge amount."
49a25ccb-fe34-454a-b0d3-b83743629e5b,captain,2026-05,2026-05-24T13:37:59+05:30,1,5.76.0,79,"Hello Rapido Support, I am a Rapido Captain and I want to raise a privacy and safety concern. After completing a ride, a customer got access to my personal number and has been calling me repeatedly asking me to come meet at her salon even after I clearly said that I am engaged and not interested in any personal contact outside rides. I am uncomfortable with riders having access to my personal number. I am also unable to find"
49b9dfc9-7a8a-46ca-81cc-b96ae61a1ad6,captain,2026-05,2026-05-24T16:26:13+05:30,1,5.76.0,4,not able to login
e3604b2b-2ddc-457d-afcc-997e5f247367,captain,2026-05,2026-05-25T06:50:34+05:30,5,5.77.0,38,Really love Rapido last 9 months my earnings only rapido captain. user friendly. 24/7 instant customer support. better to uber .Ola. only Rapido is king forever.daily earnings instant my bank account...improve my financial love u so much Rapido ❤️
76777fce-6846-4998-8655-45101efe241b,captain,2026-05,2026-05-25T07:55:54+05:30,5,5.76.0,4,good for poor people
efaa56f7-4139-47db-9afb-3b8511e15842,captain,2026-05,2026-05-25T11:30:59+05:30,1,,36,rabito app 20%amount steal from captian earning 5%-rabito commission 10%-third party fees (rabito commission) it's not say to any one 5%-for gst total 20%amount debited sorry steal from captian earnings fraud app I have very disappointed
c63931d4-7fc7-4ff8-bdeb-0a8b46163c47,captain,2026-05,2026-05-25T15:39:22+05:30,5,5.3.45,9,rapido is a Best company then Uber froud company
d3b17002-4428-4ef3-8e88-03704c46480e,captain,2026-05,2026-05-25T18:39:24+05:30,1,5.76.0,4,costomer care bad bad
2228f3fa-f0f0-40a4-b86b-6b55748ac1a3,captain,2026-05,2026-05-25T18:44:17+05:30,1,,4,customer care not response
4cc25de1-1f5d-44f3-86c1-a8686603e8dc,captain,2026-05,2026-05-25T20:32:31+05:30,5,5.77.0,3,good earning aap
09e5b4ef-db8c-4dfa-99e8-7761388c9ec3,captain,2026-05,2026-05-25T20:53:43+05:30,1,,7,Repido captain ka nuksaan hota hai bas 💥🥺
484df8db-02bd-4cdf-8326-b618ab89eb42,captain,2026-05,2026-05-25T21:12:25+05:30,1,5.76.0,69,maine 2 week kaam kia auro dono weeks ki payment nhi ayi....rc problem bta rahe the ...usko update Kiye hye 2 week hu gye ...abhi verified nhi kr rahe...plz iss app pe bhrosa mat Krna fraud hai...koi cal centre wala baat nhi sunta koi sunwayi nhi hai ...koi enki team nhi hai...iss review ke baad ik computer wala reply ajega inka ...bss itna hi krte hai yeh
b4814c8e-c97f-4242-8ff7-238c934bcf08,captain,2026-05,2026-05-26T09:59:52+05:30,1,,19,basically a scam app it is. Biggest fruad to the rapido users... bloody Scammers #Rapido. never use this app....
45b8110f-8bb4-4f2a-acc8-dc5059f2cdca,captain,2026-05,2026-05-26T10:46:08+05:30,3,5.76.0,27,"i have been trying to register for rapido captain, but for the last 3 days unable to upload documents, have tried reaching rapido support too but not helpful"
928e877f-809f-467b-ad8f-337a33ce0f35,captain,2026-05,2026-05-26T15:11:43+05:30,5,5.77.0,5,very good sporting my life
29f24fb1-e582-402d-b7a7-9a3ac72fa156,captain,2026-05,2026-05-26T16:17:04+05:30,1,5.77.0,45,"Rapido team, i'm from Meghalaya shillong i have work with rapido almost a year now the state government is not allowing to use rapido they say is illegal, we have to pay huge fine if caught by trafic police, please look in to this matter"
ea354fbe-6e0f-4601-9b52-b93e8c39ef84,captain,2026-05,2026-05-26T17:33:30+05:30,1,5.77.0,50,last week I installed rapido captain... after I start accepting orders and also I completed the orders... but payment not adding to the wallet... showing payment processing... when I called to customer care... no one giving solutions.. they simply doing time pass work.. worst experience... atleast no body raising complaint...
e8145aad-47b6-43c3-b829-79d630df956e,captain,2026-05,2026-05-26T23:21:00+05:30,1,5.77.0,60,chor company hai bhai apnii 1 lakh ki bike ko mat kharb karo dehli main 20 rs main 5 km bike calwti hai usme bike ka petrol bhi nahi niklta food main panelty lagti hai app restaurant par agar order nahi mila to apni din bhar ki kamai bhool jao company apna commission nahi chodti app rapido main ride mat ola uber karo
3a729de6-b5b3-423d-81c5-a0101a29b595,captain,2026-05,2026-05-27T08:47:14+05:30,1,5.77.0,46,"Very bad application experience. The app is unfairly giving fake 1-star customer ratings to riders, which affects our ride requests and reduces earnings. Because of these incorrect ratings, we are not getting rides properly. Please fix this issue immediately and provide genuine rating transparency for riders"
bf38bb26-1590-467e-88ed-51f695bf14d5,captain,2026-05,2026-05-27T12:15:41+05:30,1,5.77.0,59,"Worst experience with Rapido Captain app. It has been more than 4 days and my Aadhaar/PAN and Vehicle RC are still under verification. I uploaded all documents correctly and even contacted support many times, but there is no proper response from the team. No update option, no approval, nothing. Very slow verification process and poor customer support. Totally disappointed."
36a0a25d-04e0-4178-ba64-cece5dda21bc,captain,2026-05,2026-05-27T12:34:48+05:30,5,5.77.0,2,bast aap
60b4b115-1e34-4034-985b-110ac6995ed5,captain,2026-05,2026-05-27T17:15:44+05:30,1,5.77.0,13,not a septey protocol for captain in the aap.. I'm very bad experience 😔
c6726925-4254-43b6-b2d5-9a8e466c1c9b,captain,2026-05,2026-05-27T21:03:14+05:30,1,5.77.0,34,veraset app when I want to go the high demand area also I need to wait alltlest 1 hour to get the order vearest app download the uber and ola rapido is the varest app
ca0702bc-2e41-4b64-a119-792100b33023,captain,2026-05,2026-05-28T00:23:53+05:30,1,5.49.0,14,faltu aap ride jyada par paisa kam kamishan bahot khate hain ye rapido wale
d7058d33-da1a-4fc0-b7fc-9b21e992d90b,captain,2026-05,2026-05-28T01:41:04+05:30,5,5.77.0,2,new bike 😀
a98192cf-691e-4565-9168-6bcda9a280da,captain,2026-05,2026-05-28T06:16:07+05:30,5,5.76.0,7,rapido captain service is very good service
d25dc788-5103-4212-9768-432d31c59313,captain,2026-05,2026-05-28T08:10:55+05:30,1,5.77.0,4,worst experience with this
f34255f3-4cba-421a-b5af-8a841b0d6294,captain,2026-05,2026-05-28T10:35:58+05:30,5,5.77.0,28,repito capital app bekar app hai halp sarvice bhi bahot bekar hai aur bahot kam paisa de rha hai mere side se to ye app bad app hai
a8373ae7-ccdc-4e5d-81ea-38878643f3b9,captain,2026-05,2026-05-28T10:40:25+05:30,5,5.77.0,27,superb but customer take extra luggage in Bike Captain i think rapido team add extra charge of weighted laggage. thik about this also increase charges petrol 105/L
b9cdc18d-c198-49dd-8f46-618a383fa26d,captain,2026-05,2026-05-28T12:15:55+05:30,1,5.77.0,9,not giving cancellation fee and no customer care support
128b478c-cb7f-4931-9479-6f44cf7e325b,captain,2026-05,2026-05-28T12:17:26+05:30,1,5.76.0,42,"I was actually looking for the ride which will aligne with my route to office, please make it simple and different version of this app for them who just want to take ride to his office location just to adjust petrol expenses"
b31a7169-4724-4d27-8aac-159fdd2de450,captain,2026-05,2026-05-28T15:56:20+05:30,1,5.77.0,8,Very bad experience with Rapido Team and App
a1c89f12-693b-4cfd-9dc1-beb79a950eee,captain,2026-05,2026-05-28T16:22:13+05:30,5,5.77.0,2,ok ha
5ea9ce1e-3201-4064-b6e5-c372f1d57c6f,captain,2026-05,2026-05-28T16:35:36+05:30,5,5.77.0,51,एक सुविधा ज्यादा होनी चाहिए कि एक लेडिस को जाना हो तो एक लेडिस ड्राइवर two wheel बुक कर सके एक अकेली लेडीज अनजाने आदमी के साथ नहीं बैठशक्ति
ae330b1c-7741-4ea8-8391-051b55359d89,captain,2026-05,2026-05-28T17:33:35+05:30,1,5.75.0,103,Hello sir me Rapido captain hu aaj mujhe ek order mila order no.last ke 1394 hai inko bus leni thi 9:10 ki bus thi aur drop ka time 9:05 show ho raha tha ye bar bar jaldi chalao jaldi chalao bol rahe the mene bola sir thora jaldi nikla kariye is pe inhone gali diya mene bola gali kyo de raha hai to bola tu pitega bhi mene bhi gali di bola gadi rok gali di yehi utar mujhe Paisa lao mana kiya isne marne ke liye utha fir me uha se nikal gaya costumer care ko call kiya mene complaint ki fir kuchh d
8f34e457-ad84-40a4-88a3-22216fb925ef,captain,2026-05,2026-05-28T17:53:56+05:30,1,5.75.0,66,"Highly disappointed with the current payout structure in Ajmer. Fuel prices have touched ₹113/liter, but Rapido is still offering a miserable rate of just ₹4/km to its riders. This is completely unsustainable. We demand a fair revision of the rate to ₹12/km. If our demands are not met, all riders across Ajmer have decided to stop using Rapido and halt all services effective from June 1st, 2026."
bbc4d82d-f065-4f26-9713-96216fb43fe1,captain,2026-05,2026-05-28T19:05:29+05:30,1,,1,worse
aa072019-3a41-4041-a8f8-62f0d083ccac,captain,2026-05,2026-05-28T19:49:02+05:30,2,5.77.0,60,"call support option are not working, cancellation fees not properly update, km fare not clear fare, order accept issues, location issues, sometimes app not working properly and not getting ride's, facing internet slow 🐌, need to update live chat 💬 option, must we are need call support option on application. Please kindly update the Application Or else Chage the software engineer's team 👍"
124f3e64-b47f-41fc-b83a-5414b15be7d2,captain,2026-05,2026-05-29T04:02:16+05:30,5,5.77.0,15,very good for earning money ones u go on duty imidiatly u get started order
45ee726b-eff2-46fd-afbf-60c93755428f,captain,2026-05,2026-05-29T08:42:51+05:30,1,5.77.0,8,it is taking more time for documents verification
20f213f1-c293-4e0b-b70a-9ebf714237a2,captain,2026-05,2026-05-29T11:12:53+05:30,1,5.76.0,4,route distance not perfect
3087c593-1e28-4dca-a288-a5f3e4d48af3,captain,2026-05,2026-05-29T14:14:28+05:30,1,5.77.0,9,very bad service koi help nahin karta rider ki
562af268-d1ea-4e47-aa8a-e850274a9ea9,captain,2026-05,2026-05-30T00:17:43+05:30,1,,4,"Uber ,Ola best hai"
8debfaa3-8da1-435e-b9c7-6b3c5f90e702,captain,2026-05,2026-05-30T04:11:57+05:30,5,5.77.0,3,good excellent work 💯
7285d25b-b79e-454c-895d-2f1fc98304ea,captain,2026-05,2026-05-30T09:05:15+05:30,5,5.77.0,73,"I want to say one thing as a rapido captain, customer support needs to be improved while any rider rides or delivers a food order there's no customer support provided to solving their problem and after wrongly suspended or deducted money from the wallet . please check it out as soon as possible the riders are in a big problem of not provided customer support of SHIPROCKET,MAGIC PIN while delivering a food order."
cdd5aa00-a41b-40bd-a99d-80aa4fd20412,captain,2026-05,2026-05-30T10:51:54+05:30,5,5.77.0,20,The app is very good but it charges a lot of commission and the bike light option should be removed.
63125709-fa4a-4f77-8645-2892903ec761,captain,2026-05,2026-05-30T11:21:16+05:30,1,5.77.0,3,not working properly
617a39de-af19-4b5c-ae62-4211bd827129,captain,2026-05,2026-05-30T13:16:57+05:30,1,5.77.0,3,worst call support.
29f1b04b-7678-44e9-a501-859648d24ad1,captain,2026-05,2026-05-30T20:41:57+05:30,3,5.78.1,2,good vark
8bded032-f594-4447-bf45-7c0d9178f02f,captain,2026-05,2026-05-30T20:44:57+05:30,1,5.78.1,45,"worst worst app ever I am picking a person from 2 km away he cancelled trip, and again not giving cancellation fare,and again this app showing me u will get penalty 😡 that is customer problem and u giving penalty to me there is no fare 😡😡"
24e98f11-54a8-4c6e-bfaa-248d9dd62eee,captain,2026-05,2026-05-30T20:54:50+05:30,1,5.77.0,75,"sbse gandi app hae yeh , mae 4 month se chla rha hu ,, phle toh ammount show nhi hota , fir 20 prcent kaat lete hae , or na hi koi riders complaint kar skta hae customer ke against kiuki na msg hota hae na koi call , or uper se location hmesha galat show hoti hae chahe woh pickup ho ya drop . sbhi ko request hae k yeh app kbhi use mat Krna zindgi mae sbse bekar yeh app hae"
0192ec9d-85ef-47ed-b284-cf7654efa821,captain,2026-05,2026-05-30T23:57:57+05:30,1,,71,no customer care number and contact them..my order was delivered still 325rs was deducted from my wallet such a waste.. today on 30th may I received a order through Swiggy from KFC they didn't accept the order.but I got a request i accepted..from 2hours i can't cancel the order ..they are not cancelling order..am not getting new order is this the way rapido works..shame on you..
696933eb-2ad3-4aae-ac5a-793ef1141c3b,captain,2026-05,2026-05-31T05:29:38+05:30,1,5.77.0,15,very bad navition doesn't show correct location I have faced penalty because of navigation maps
ee594736-5baa-4624-a603-034059b3aebe,captain,2026-05,2026-05-31T14:15:43+05:30,1,,23,"please pickup ka paisa do ya ride ka paisa badha do, kuch nahi bachta hai rapido chalane se Sirf time waste hai bas"
1c5647e8-b7ae-4160-8d9b-c1aa5b75d03b,captain,2026-06,2026-06-01T08:13:34+05:30,3,5.77.0,14,this app is not support in android auto can you please work on this
6c70e065-b2de-45c9-8fc1-c4ec5290c91f,captain,2026-06,2026-06-01T09:34:08+05:30,1,5.77.0,51,not showing call saport option around 2 weeks not gating any adjustments any type of help from call saport bez of not showing call saport that's why captains are not able to inform any type of there's problem I have a req to rapido tacnical time plz return our call saport option....
505eaa5b-5b2f-48ab-a2c1-76fd58f5bf9c,captain,2026-06,2026-06-01T11:16:34+05:30,1,5.77.0,3,bhoot bekar app
9ad9150a-09e1-40af-9a2b-7451a63cfd50,captain,2026-06,2026-06-01T21:05:38+05:30,1,,165,हम सभी ड्राइवर के लिए बहुत दुख की बात है हर चीज की भाव बढ़ रहा है पर हमारा भाड़ा वहां घट रहा है गाड़ी का मेंटेनेंस गाड़ी का ऑयल सीएनजी हर चीज महंगा हो चुका हमारा भाड़ा पढ़ना चाहिए वहां भदा घाट इसलिए हम इस तरह की कंपनी पसंद नहीं करेंगे और सभी ड्राइवर से यही निवेदन क्या आप भी दिन भर में आपका 200 रुपया नुकसान होगा महीने का 6000 रुपया आपका नुकसान जा रहा है किसके कारण हम एप्लीकेशन को डिलीट करते हैं और इसमें काम करने का कोई उम्मीद नहीं रखते हमारा भाड़ा घट सकता है वह कंपनी हमें खुश क्या रहने देगा
70515df5-38b8-4b67-ba42-a790521a2278,captain,2026-06,2026-06-01T21:17:30+05:30,5,,4,بہت اچھا کام ہے
02f09b72-dccc-4761-b52e-d93837541b49,captain,2026-06,2026-06-01T22:02:04+05:30,1,,12,"very worst app rapido, reason for no customer support. very bad app"
903cd8a3-fe54-4a3c-a115-15b4cf977b72,captain,2026-06,2026-06-01T22:19:13+05:30,1,5.78.1,62,per km bhi 6 rs deta hai not good petrol mehenga hote ja raha hai ye rate nahi bada rahe aur commission bhi jyada leta hai aur subscription bhi 99 ka hai 10 ride wala ya koi bich ka option bhi rakhna cahiye taki part time walo ki kamayi ho ## Ya to 18% commission hata do Ya 99 ka subscription rakho## dono m se ek @not recommended@
ec5ae96b-3a93-4f45-8ec1-e2d7405f8095,captain,2026-06,2026-06-01T22:35:12+05:30,5,5.77.0,2,ssuper rapido
b2b03336-6feb-4dfc-89b1-baa2e4c55650,captain,2026-06,2026-06-01T23:25:19+05:30,1,5.77.0,1,wrost
c4b1983e-4409-402c-923a-8a97c74809b6,captain,2026-06,2026-06-02T14:01:29+05:30,1,5.78.1,90,Worst Aap Ever. Zero Captain Support and Call Center Support. I Have Never Seen App Like this Bad Experience. They Cutting Charges they want to be no rules to cut charge. FAKE and Un experience Person made this for their income only not for captions they are scamming peoples for their own profit. they sawing 200 earnings and Nothing to earn. not getting enough rides form pick and drop location in a hour get rarely ride amd then not get connected rides at all. all earnings gone in cancel rides or
c9929f6b-b34c-472b-ae15-fe8f9efac0f8,captain,2026-06,2026-06-02T16:07:05+05:30,1,5.75.0,2,chor app
a7100327-ab76-49e5-abcb-eac90b383484,captain,2026-06,2026-06-02T18:26:37+05:30,5,5.78.1,10,sir mara rapido captaion nhe chal rha h kya kra
6d4121d3-b686-49d3-a658-8f55518b4b29,captain,2026-06,2026-06-02T19:48:21+05:30,1,5.78.1,4,worst day by day
8f5457d7-2ae6-44cb-b709-1779595dc25a,captain,2026-06,2026-06-03T06:20:56+05:30,1,5.78.1,14,in app captain support call function removed. this is embarrassing.keep functioning call support.
8a447d3a-e366-4c8d-b3be-20ab7c861bb0,captain,2026-06,2026-06-03T10:08:38+05:30,1,5.78.1,18,i submitted all the docs and my account is still showing under verification from the past one week.
67a0bd53-6bc3-4b10-ae4e-b3d6b6bd542a,captain,2026-06,2026-06-03T11:46:22+05:30,1,5.78.1,96,kal Maine ek trip liatha saltlake sector - V se jo end hota hay Chinarpark pe khatam hota hay jiska total km tha 12km ka or mujhe payment Mila only 8.38km ka or mostly jahape Kolkata me avi petol ka rate chal raha hay 113.59 per litter bohi rapido ne ham logo avitak bohi purana rate hi de Raha hay... rapido ne ham driver logo ko inshan hi nahi samjhta or majburi me gharse paysha deke gari chalana par raha hay ye vi rapido achchi tarah se janta hay or usika hi fayeda vi le raha hay rapido
c695b563-6d10-4588-b9d0-f7c3ee5ba6d8,captain,2026-06,2026-06-03T17:34:40+05:30,1,5.78.1,5,I am not getting orders
bd5534e8-ed92-4009-a638-9f668911dc8d,captain,2026-06,2026-06-03T20:13:13+05:30,1,5.77.0,9,fraud company nothing showing in app match to reality
3fd5d417-aafe-4c7f-880f-bc17ac784046,captain,2026-06,2026-06-03T20:53:51+05:30,1,5.78.1,17,worst in app only support customer not support riders when customer cancel ride add next 50 rupees phenolety
1e072712-993c-4a35-a8b5-f71a28288dd5,captain,2026-06,2026-06-04T02:23:57+05:30,1,5.78.1,81,"Petrol prices are very high, but per-km earnings are very low. No payment for pickup distance. Waiting time is too long (1–2 hours). Daily deductions reduce earnings further. Please improve rider payouts and pickup compensation. Why should riders suffer for customer-related issues? When customers cancel rides due to their own problems, riders lose both time and fuel. With petrol prices above ₹100/litre, even a 2–3 km pickup can result in a loss if the customer cancels. This is unfair to riders."
3a1666bd-bcd2-415c-b793-7f50999970ec,captain,2026-06,2026-06-04T04:23:38+05:30,1,,23,"third class app , no safety rules for driver , all safety rules for customer avoid rapido be safe do some other work then rapido"
5a955adb-4bb9-4168-b90d-66b801c8672b,captain,2026-06,2026-06-04T11:09:42+05:30,5,5.68.1,4,its gud to do
a2574fae-5dab-4b91-8569-a25413b29c11,captain,2026-06,2026-06-04T14:22:01+05:30,1,5.78.1,23,"worste app, Lowest fares, no customer care support, no card rate increase despite fuel price increase, no perks for captains, should stop using"
259f6c0e-48a6-491a-940e-c4e4dbf2dcf3,captain,2026-06,2026-06-04T14:45:38+05:30,1,5.78.1,96,very worst app. customer support is the worst that u can't imagine. don't believe in u r earnings drivers. if the customer told to change the location end the trip where u r. because the fare will not change and it decreases. this app never calculate the time. if u r going for the trip around 5km about 20min. after that time increased by one hour u will not get extra amount for that extra time. so traffic is there then end the trip leave the customer there only that's it. worst app I never seen
4be6fca6-3959-43ab-8f5c-79d6ce93145c,captain,2026-06,2026-06-04T15:48:32+05:30,1,5.78.1,8,customer care se bt hi ni hota h
d9d91e18-642c-4d7c-92ad-bd94e72d8acb,captain,2026-06,2026-06-04T17:30:39+05:30,5,5.78.1,2,good appearance
1cb58e9b-330b-4c58-8712-b2eac0642f62,captain,2026-06,2026-06-04T18:42:38+05:30,2,5.78.1,20,slow app hangs many times without reason many ride due to that. Calling and messaging the customer is bit difficult.
f1e72ad2-66fb-41e6-8d2d-d4aed66c4642,captain,2026-06,2026-06-05T09:07:04+05:30,1,5.78.1,7,paise km deta h ye bekar h
23baff65-785b-4033-bb74-1e9bb2597541,captain,2026-06,2026-06-05T09:57:26+05:30,1,5.78.1,13,worst support team the raiders they will not response calls the worst support
9aa66f38-bd9d-4089-a9bd-0ebb168f082a,captain,2026-06,2026-06-05T11:06:05+05:30,1,,6,comission khor or lutera company hai
49cf2fc5-1203-4f95-a7f1-9c5c220a1278,captain,2026-06,2026-06-05T16:22:08+05:30,1,5.78.1,2,bed experience
3b7a1ec0-8f83-4aff-815a-9147aabcc0ca,captain,2026-06,2026-06-05T16:57:06+05:30,1,5.79.0,8,₹8 km bahut kam rate he no profit subscription
f36422f0-0a75-4d46-a703-f6de4024c0db,captain,2026-06,2026-06-05T19:46:14+05:30,1,,5,not good no customer support
e6a2ab2c-b28a-493f-8a5f-98e6e1affd14,captain,2026-06,2026-06-05T22:15:20+05:30,1,5.78.1,16,arrived after waiting 10 min. customer cancel ride & repido team remove call system 😡😡😡 no help team support
ccb1ae2a-8221-4469-a153-027700dcd288,captain,2026-06,2026-06-05T23:28:03+05:30,2,5.78.1,16,parcel me drop location PE customer OTP Nahi deta presani hoti he call support not good
acfee37f-f633-4470-8a86-78cb9a5d1e46,captain,2026-06,2026-06-06T13:09:23+05:30,1,5.29.0,4,kam income mehnat jyada
9ab4298b-fde8-4673-a813-b16a11b03e7b,captain,2026-06,2026-06-06T15:47:47+05:30,1,,9,very bad app dont downlode and use all people's
d3732022-9340-4bdd-88cc-549a851653d7,captain,2026-06,2026-06-06T18:50:01+05:30,1,5.76.0,27,one of the worst customer service because. one customer give Mentally Truma during the ride and then I call customer service for complain but no help me.
12fffa7d-d465-40ad-aeb6-0d23544018a4,captain,2026-06,2026-06-06T21:26:50+05:30,5,5.78.1,3,very good aap
49e3fe58-4fd0-49f7-af02-1029530af50c,captain,2026-06,2026-06-06T23:14:12+05:30,1,5.9.1,4,rust application for drivers
31158ec4-b368-442b-b0fa-f58e821306d0,captain,2026-06,2026-06-06T23:42:38+05:30,1,5.78.1,14,band ho jana chaiyye isko ye car me bhi bike wala fare deta h
2d0e8c49-c279-459d-b1e9-677b4fb4fb3e,captain,2026-06,2026-06-07T09:15:31+05:30,1,5.78.1,43,"bahut hi bekar hai ye raipido , 30 se 35 % khud kat leta hai, subscription plan deta hai to wo bhi bahut mahanga, aur kabhi kabhi to wo bhi hata deta hai. custom care walo ka call bhi nhi lagata. distenc me bhi katauti karata hai."
68469146-c925-4d34-8760-a64fde3b2d5c,captain,2026-06,2026-06-07T11:18:58+05:30,2,5.78.1,87,"Customer support is not reachable. 1st you're not getting the option to get support from the app which is initially frustrating. If you manage to get the call support option, after calling them IVR disconnects the call stating that you are not calling using the app. For the last 2 - 3 weeks I've been trying to change my number, but every time it is showing the review is under process for 24 hours. Please resolve this mess. Earlier I've sent out an email with another issue, but got no response."
fd5db929-9611-4669-9f62-8ef58248a281,captain,2026-06,2026-06-07T12:01:50+05:30,5,5.78.1,2,iam happy
8e42603b-21f2-484c-9867-ca8c3b659dbd,captain,2026-06,2026-06-07T12:17:09+05:30,2,5.79.0,24,captain messaging system don't work properly for the customer interaction and rating if update not showing properly & Google maps some time showing wrong direction
82b1e9a9-234d-4a77-87b1-1d1db691dacc,captain,2026-06,2026-06-07T16:27:38+05:30,1,5.78.1,8,third class customer service and full of glitches
62c8bbbd-9ca2-49ac-ad9e-e836d3c17a6c,captain,2026-06,2026-06-07T16:48:47+05:30,3,5.77.0,91,"1st. petrol ka bahat hi rate bad gaya , abhi bhi 8 - 11 tak rate down dete ho, jo equally Rs. 12 / km hona chahiye tha. 2nd. order accept karne ke time pick up to drop jo millage dekhate ho , pin dalne ke baad millage bahat hi extend ho jata hay jo passengers use kar leti hay forcefully. 3rd. Maximum passengers achcha rasta , traffic kam, distance wala rout hi pasand karte hay aur forcefully rider ko wohi raste se le kar jate hay magar rapido har extra mile ke liye extra fair nehi dete hay."
ebd0324b-1190-4859-8749-89fb5b6ac645,captain,2026-06,2026-06-08T07:29:53+05:30,3,5.79.0,64,subscription plans are increasing I used to take 49rs one but it kept increasing and there are no other plans to buy it showing only one plan please resolve this I can explore other plans and I saw on other captains app that there are much better plans please give me all plans so that I can chose one to buy and use it
de2f391d-655a-4d9d-94ea-6fd93679a889,captain,2026-06,2026-06-08T11:04:00+05:30,5,5.78.1,3,Enjoy the ride
2dfbb297-9c3c-4950-8644-70f343b51464,captain,2026-06,2026-06-08T11:43:06+05:30,1,5.79.0,55,how to stop vibration setting in rapido captain app.. it gets very irritating request u to pls guide how to disable vibration setting on Oneplus Nord 5 till time my vibration has not stopped and feeling very irritating and wants to delete my account and uninstall the app.. so pls clarify the issue at the earliest
f6ef9e71-664d-49e2-a695-b7ac22e233a5,captain,2026-06,2026-06-08T13:29:11+05:30,5,5.79.0,4,Great grand 👍 👌 👏 🙌 😀 ❤️ superbly happy 😊
dad7d488-ba5f-4821-a65f-67535469c74a,captain,2026-06,2026-06-08T14:36:18+05:30,1,5.79.0,3,very bad company
6f76932b-8065-43ca-9968-59b7dbf04875,captain,2026-06,2026-06-08T17:41:38+05:30,1,,42,1 sal ke bad Maine ID chalu Kari chalu karte hi kuchh order baje lekin main kam per nahin Gaya order maine uthaya nahi pic kare Karen tab bhi Meri id deactivate kar di gai customer care se sampark bhi nahin ho raha
193d2339-7328-4249-b618-3b0040975f92,captain,2026-06,2026-06-08T19:14:59+05:30,1,,18,Again and Again you was debited more amount as penalty. this is Unnecessary Burden and Reduce my earnings..
ac5d6999-0b38-426d-8304-d365c9f04ead,captain,2026-06,2026-06-09T00:14:14+05:30,1,5.79.0,27,thank you for previous feedback response but just noted is not enough you should add that option of left swipe so rider can accept easily the order
0210a715-af1e-4082-83de-f1c2a60f83a1,captain,2026-06,2026-06-09T00:40:58+05:30,2,,4,my area not available
5f6bd1e5-4077-4502-910b-ad854252cee4,captain,2026-06,2026-06-09T06:05:03+05:30,1,,7,most Fraud Company in bike taxi platform
108f486f-8b2a-4941-bfe3-59e5f795730a,captain,2026-06,2026-06-09T08:13:26+05:30,1,,54,"I am woking as Rapido captain for more than 1 year, From 2 to 3 weeks fare is fixed by ₹ 7, no base fare, half of night Fare , and very few rides, from 3 days no call support option. sometimes charge 40% commission, and innocent customers paid as not so many options, sometimes Rider's earning is lower than Rapido's commission."
2f775acf-28f2-4be1-9ab1-1d537f384c59,captain,2026-06,2026-06-09T09:15:00+05:30,1,5.79.0,3,Fatlu ka system
b6584e99-0a52-4832-bcf5-092f83fa0f02,captain,2026-06,2026-06-09T15:21:37+05:30,1,5.79.0,33,if you have proper customer support team don't run public transport services whatever we ask they told only not able to do our side then why rapido spend money to customer support team
597b58c6-9658-4d50-993f-a1772668c1cb,captain,2026-06,2026-06-09T17:02:57+05:30,1,5.79.0,20,one of the worst support team I have ever deal with the customer service is slow unresponsive and completely unhelpful
fb282da0-245f-4347-b1d2-8b94a2bda66d,captain,2026-06,2026-06-09T21:14:20+05:30,1,5.79.0,23,worst bhai raide cancel hone par ku bhi nai milta hai pickup location par jako bhi. customer care call ka toh address nahi 😔
447597ec-72dc-4ff7-9c4f-76359182a874,captain,2026-06,2026-06-09T21:27:29+05:30,1,5.78.1,4,bht glitch aata h
cab0e47e-81bc-4876-9da8-158a2faa0131,captain,2026-06,2026-06-10T11:37:03+05:30,1,5.79.0,28,no.of complaints raised in every month .same of technical team. u r asking us to send the screenshot regarding all complaints. what will your testing team do?
4743bc0e-cb19-4439-8458-246a8932925d,captain,2026-06,2026-06-10T14:03:14+05:30,1,5.79.0,67,"customers frequently cancel orders because they have given wrong pickup locations, and some are fake orders. If I call customer they are not aware of it and treating us rudely and cancel. It affects our performance. How is this fair? It's very difficult to get an order and complete it. Please address this issue. And there is no help or customer care call provided in the app."
dd273e3a-6538-4211-8aad-543af62c6d7b,captain,2026-06,2026-06-10T20:13:18+05:30,1,,3,no open app
fc608888-2fdd-429a-b190-210e44c3316c,captain,2026-06,2026-06-10T22:08:53+05:30,1,5.79.0,5,app not working on maps
b820a556-ef49-4374-9146-fc50431d3acb,captain,2026-06,2026-06-10T23:05:08+05:30,1,,5,less order and rides coming
e2937999-b31a-44f3-bf13-e2a279b62f34,captain,2026-06,2026-06-10T23:05:23+05:30,1,,72,"one of the waste experience I had cancellation fees not given,the amount for paid GST,platform tax all money going to the rapido app one of the waste app for riders who they didn't get exact amount.so for every Hyderabad rapido riders I tell u that don't do rapido in ur life do any part time jobs this is a big scam and loop u r circulating in ur mind."
c6670812-7ff0-4113-9ae7-7a3cec09359f,captain,2026-06,2026-06-11T00:11:18+05:30,3,5.78.1,42,dear team customer calls are going into spam and couldn't answer .when customer is trying to reach is we could not take the call as it is automatically going into spam please look into that .due to that orders are getting cancelled
025d6eab-e18d-4d84-a20d-5fd6c26e418f,captain,2026-06,2026-06-11T00:23:05+05:30,1,5.79.0,14,app is good nee guddhalo modda commission thagginchukora 100 rs sampadhinchukunte 26 rs nuve dhenguthunav commissions
1e84bfdd-95e1-439b-bafc-d5287467c677,captain,2026-06,2026-06-11T07:31:57+05:30,1,5.78.1,44,Am driving as a captain for past 2.5 months still i couldn't get EXTRA SERVICE i just keep on reporting about this but still there is no clearance for me. Then in my city KM fare is totally less and there is no insensitive too
9a99cac2-3d01-4aff-9570-c7583429d952,captain,2026-06,2026-06-11T11:02:12+05:30,1,,51,"one of the worst app which takes 4 days to verify documents , in the beginning itself it is like this then the ongoing days will be hell with this rapido , don't work for rapido , they have vno contact support ir reply for the ticket raised , worst of worst is rapido & it's team."
ae5b3557-34a8-44d0-b270-9757b7d6852f,captain,2026-06,2026-06-11T12:48:25+05:30,1,5.79.0,9,rapiodo sahi nahi hai sabse Kam kilometers bhejta hai
9d3fb9da-0e76-4592-8ce5-7f971018e57d,captain,2026-06,2026-06-11T15:33:26+05:30,5,5.79.0,41,mai rapido captain but maire I'd login nahe ho rahe baar baar maximum limit exceeded show ho Raha jiske karan mai ride nahe kar pa raha please rply fast and apna customer no bhi send kijiye taake mai baat kar shaku
286d0198-2135-4344-aca5-835f254ef224,captain,2026-06,2026-06-11T17:32:25+05:30,1,5.79.0,168,வாகனம் ஓட்டும் டிரைவர் காண எந்த உதவியும் பெற முடியாது இதில் அட்டாச் செய்து வாகனம் ஓடுவதில் நான் மிகவும் வருந்துகிறேன் ☹️ உதவி மையத்தில் உதவி கிடைக்க வில்லை ஒரு பிக்கப் லோகேஷன் சென்று கஷ்டமர் கொன்சல் செய்வதால் கூட அதற்கான பணம் கேப்டனுக்கு கிடைக்க வில்லை*****இந்த கேப்டன் app யாருக்கும் referal பன்னா எந்தவொரு போனசும் கிடைக்காது தருகிறோம் என்று சொல்லி யமதுகிறார்கள்...... பிராடு ராபிடோ கேப்டன் my regestar number சொல்லியும் பயன் இல்லை உங்களிடம் வாகனம் ஓடி நான் நஷ்டம் அடைகிறேன்
12a89987-d706-4e9b-8808-8d75b99567d7,captain,2026-06,2026-06-11T19:51:41+05:30,1,5.79.0,11,chor rider ka pesa khud kha re 5rs km dere h
cca0fb32-aace-4a26-afd4-a41f17682514,captain,2026-06,2026-06-12T01:39:15+05:30,1,5.79.0,74,"I uploaded all the documents two days ago and the RC verification and Aadhaar verification was still in progress, the account creation is still in progress which is frustrating and I have mailed twice and called the number regarding this also but I didn't got any response. help to resolve this asap. I have sent my registered mobile number to the social@rapido.bike, please help me in resolving this issue at the earliest"
925b81ce-012f-4a17-a1e8-9e849e20cf8a,captain,2026-06,2026-06-12T08:46:04+05:30,2,5.79.0,70,"Literally what developers have been smoking while making the app. when it offers a ride to be accepted, the distance to pickup is calculated just between two locations over the air and not properly via road n routes. if a pickup shows 0.6KM for pickup, after accepting when one clicks go to pickup, there pickup distance suddenly increases to 2-3 KMs bcoz of road medians, u-turns, one way roads etc."
48cac729-0b52-4e20-bd1e-7590522bc3e7,captain,2026-06,2026-06-12T09:31:51+05:30,1,5.79.0,21,app update ke baad se ride aana he band ho gaya hai or na he surge area show kr rha he
f7b4b168-be42-4b69-b7b5-69fb98f59393,captain,2026-06,2026-06-12T10:44:21+05:30,3,5.79.0,93,"Iam A Rapido Captain ,While Iam Going To On Duty While The Rides Was Coming But Not Showing How Many Kilometres For Drop Location ,It Is Only Showing Pickup Location Kilometres And Actually It Is Not Showing The Amount Also, It Is Only Showing That The Drop Location Name But Not How Many Kilometres It Is And Main Thing It Is Not Showing The Amount For A Ride ,It Is Very Irritating, Now Iam Getting The Confusion Like Can I Accept The Ride Or Not Due To Not Showing The Amount Please Clarify 😥"
74466409-9720-4fac-93d1-cd0513c892f5,captain,2026-06,2026-06-12T13:17:33+05:30,5,5.79.0,10,very good👍 app easy to use earn money very well
73fd80cb-d34b-4ae5-bed5-4d052a77db7b,captain,2026-06,2026-06-12T17:29:15+05:30,1,5.79.0,11,always change the subscription plans Rapid only want to loot us
4c78cde5-df49-49c3-bf92-b032c754f5fe,captain,2026-06,2026-06-12T18:23:33+05:30,1,5.80.0,29,i pay the wallet amount of 60 rs it still asking for same money why I should pay again worst app even not able to connect with customer service center
00190ecc-5ec9-4561-a47b-66c279381046,captain,2026-06,2026-06-12T22:10:37+05:30,1,,9,"very bad experience,not send earings bank after 7 days"
71b09407-623d-4e32-9837-eb4d9a586024,captain,2026-06,2026-06-13T01:50:12+05:30,5,5.79.0,1,naic
8eeec76e-32cb-47da-90bb-d8f1949f00a9,captain,2026-06,2026-06-13T03:38:03+05:30,1,5.79.0,4,repido company chor hai
6f7087b6-b320-4ad5-aaa7-7f0828aa99d8,captain,2026-06,2026-06-13T09:48:28+05:30,5,5.80.0,1,exlent
03fe203b-aa53-4fd5-8a00-58128203ceb0,captain,2026-06,2026-06-13T11:15:02+05:30,1,5.80.0,10,order nhi mil rahe hai subah se 3 order mile hai
d39444d4-d444-414e-ad65-486c5e438307,captain,2026-06,2026-06-13T12:18:26+05:30,1,5.79.0,86,"plz drivers don't use anyone these app they are all fraud company, because today I saw that 27km fare according to government meter auto fare auto in Mumbai maharashtra is 463rs in day charge and night 579rs rapido is providing to driver only 360rs in day meance per km 13.66 km from rapido our maharastra government providing by meter fare is per km 17.48 than why rapid is providing so much less fare according to govt meter.banned 🚫 these app because everyday they are taking commission from us"
9412b21c-c37e-4dd5-962d-1a7ebdc6110f,captain,2026-06,2026-06-14T07:38:52+05:30,2,5.78.1,5,bahut kam earning hota hai
9ab10493-5d00-40d7-a8ca-3c36441b9579,captain,2026-06,2026-06-14T07:59:47+05:30,5,5.79.0,4,I'm happy. It's good.
ec8d9d3b-e33f-4d81-bc78-0863f03b192b,captain,2026-06,2026-06-14T10:03:46+05:30,5,5.79.0,2,good performance
5aab1b34-c846-42c1-a506-e5507d9b08a6,captain,2026-06,2026-06-14T10:56:59+05:30,5,5.79.0,2,always good
09b89382-28f1-4365-af77-1ac857844ced,captain,2026-06,2026-06-14T15:18:10+05:30,1,5.78.1,86,this is ubedul Rahman jamalluddin Shaikh I'm the rapido bike taxi captain I picked up 1 parcle order from rapido captain app from vasai station i have to deliver this order at 1 km on 19/05/26 I picup this parcel from coustomer house and start the order when I reach at 500 mtr I'll get accedent by bike slip and i get fracture on my right leg I'll regularly contact rapido customer care help line but they not get in touch with me till now. verry bed for bike captain.
1b01c8dc-9639-42e7-980f-64ec6e0637f6,captain,2026-06,2026-06-14T16:44:04+05:30,2,5.79.0,94,please don't use rapido aap in cabs its a hell app ever bcz always not getting ride like ola and uber its is good for bike service and lower work process they have poor staff also on helpline number they doesn't know how to talk they r giving sedan car 18rs kilometres with ac.. its better to drive auto rikshaw to theg got 26rs for kilometres and rapido giving order after 9hrs of long waiting and we r reaching at guest point they r cancelling the orders always very bad service very bad app
2b13980c-8c02-4871-aeb6-dc02bf7532f4,captain,2026-06,2026-06-14T19:40:16+05:30,5,5.79.0,5,very good option for customers
d973346f-b158-442d-bbf0-4b5184a27364,captain,2026-06,2026-06-15T00:39:13+05:30,1,5.79.0,6,Mostly Faltu app .. uninstall karo sab ..
64125236-f87e-4e57-8f2f-04a2a851b4eb,captain,2026-06,2026-06-15T08:20:44+05:30,2,5.79.0,40,"Can't Change the mobile number option s. Then big issue is can't support properly customer care service. Some times hanging the app. no improvement the updates. ""Now is Computation Gig worker world"" When will understand the rally..? The rapido management."
f0fc594d-0170-4c3b-8e01-05940c74207a,captain,2026-06,2026-06-15T09:16:52+05:30,1,5.80.0,16,worst of the worst. careless answers from customer support. high commission long pickups. worst rating system
09cace80-5bf7-4b6c-b7d7-68459c561836,captain,2026-06,2026-06-15T11:58:03+05:30,1,5.79.0,27,me ne repido chalu kiya hy par bike booster band hogya hy call saport me kiloi call nahi utha Raha hy me reko order nahi qarahy gs
c5e5df12-46ea-4ac9-af39-2c3313fca90f,captain,2026-06,2026-06-15T12:42:05+05:30,5,5.79.0,2,ok ko
df8227dc-901c-4f19-9cc7-5cccfdc602c9,captain,2026-06,2026-06-15T13:27:47+05:30,1,5.79.0,9,worst app uneducated person running this app may be
0dd94c27-48ef-4e4b-9323-4ab357c69917,captain,2026-06,2026-06-15T17:09:24+05:30,1,,2,price low
5da6723a-c055-4c65-9387-fbd33710ef4a,captain,2026-06,2026-06-15T18:54:10+05:30,5,5.79.0,9,Too good but need more big Oders in night
548eafee-4410-44fa-83cd-f748ef5a0ffc,captain,2026-06,2026-06-15T19:06:32+05:30,1,5.80.0,4,low price in varanasi
921e7800-3412-470b-a7ac-8540c282fe30,captain,2026-06,2026-06-16T10:16:45+05:30,5,,5,my account not under verification
2c0bd76d-a963-4fca-a764-62c5af5d22d3,captain,2026-06,2026-06-16T10:18:01+05:30,3,5.79.0,9,plz provide pink bike to hosur city for ladies
22fdff7a-b118-4c58-a9f1-9be2861ef826,captain,2026-06,2026-06-16T11:20:14+05:30,2,5.80.0,43,"worst experience customer cancel the orders while going to pickup and for every order they will take 9Rs , please don't do Rapido customer should get fine if they cancel ❌❌ the orders and some location 📍📍 is not showing properly.... worst worst very very bad....."
7cb6fba8-d93a-46df-a43e-a41b029e6adc,captain,2026-06,2026-06-16T12:54:26+05:30,1,5.80.0,16,customer made payment to rapido scanner but it has not updated and deducted from my wallet
be7f2daa-83f6-47e7-91f4-ef247c615ad9,captain,2026-06,2026-06-16T17:04:02+05:30,5,5.80.0,4,Good Application for unemployes..❤️
0a23c6c3-39b1-4f5a-858b-075b01515b24,captain,2026-06,2026-06-16T20:37:51+05:30,1,5.79.0,38,I have posted a another caption document for login but now I want to post my documents for new captain id. clear my current submitted documents and give me a option to post new documents for new I'd
21152177-0843-4b41-953c-c15eb18d2a2a,captain,2026-06,2026-06-17T10:56:41+05:30,5,5.80.0,9,iLIKE TO RIDE RAPIDO CAPTAIN BUT ORDER IS LESS
98bb0e49-c575-4fd9-9840-0851031ec1bf,captain,2026-06,2026-06-17T11:58:35+05:30,1,,39,worst of all. dont listen to the captains . even after fuel prices increases there is no increament in the rate card (per km price)also lowering the incentives to half. I complained about it but there was no solution
c8ffb7b3-45a1-45cc-b7ba-8434bc5d0076,captain,2026-06,2026-06-17T14:56:19+05:30,5,,3,good job app
e6754d95-c3fb-4b0d-9d65-e8992a683e88,captain,2026-06,2026-06-17T17:00:49+05:30,1,5.79.0,91,"I tried to join as rapido captain. I have uploaded documents and my profile photo is not captured well. I want to upload again that documents. I tried a lot to reach to customer service executive. but there is no way to reach out to them. the documents are still under verification. it's taking lot of time to accept or reject. it is second day that I'm waiting for approval. today 17 june,till there is no response from the side of developers . I request you to accept or reject my documents."
e9275f92-9c2f-416b-b9de-87881810cc6b,captain,2026-06,2026-06-17T20:37:19+05:30,1,5.80.0,4,battery consumption very high
428915a1-6436-4acf-acc2-bf9e65748110,captain,2026-06,2026-06-17T21:30:31+05:30,1,5.80.0,5,Worst support from rapido service.
768f4b03-f6c5-40c1-a695-54518686ee93,captain,2026-06,2026-06-18T00:58:22+05:30,1,5.80.0,61,"I have been a Rapido Captain since November 2025. For the last three weeks, my 5-star ratings have not been reflected, even when customers rate me 5 stars in front of me. Instead, I receive ratings like 4.3, 3.9, 4.2, 4.5, and 4.8, and my app now shows ""Bad Performance."" I always provide timely pickups, maintain a clean bike, wear helmets, and behave politely. Please investigate this issue."
3a140efb-0fc4-4131-a521-ab67b45fcffe,captain,2026-06,2026-06-18T09:26:19+05:30,1,5.80.0,8,"not able to change location, useless customer support"
8fb7eb10-6256-460f-90e7-751f1aa335e6,captain,2026-06,2026-06-18T13:54:36+05:30,1,,2,faltu company
d1e2f53d-5fdf-4b7c-8ff6-208d70d68adf,captain,2026-06,2026-06-18T13:54:49+05:30,5,5.80.0,8,customer support system is very good n supportive....
fb670578-1bd1-4dbe-a338-8767cb3bb870,captain,2026-06,2026-06-18T20:06:55+05:30,1,5.80.0,7,every other day need to update app
c505e354-8107-46db-b003-777eabce7233,captain,2026-06,2026-06-18T23:42:42+05:30,3,5.80.0,122,"सुलतान पुरी मंगोलपुरी आदि जैसे दिल्ली के इलाकों में शाम 8 बजे के बाद कस्टमर राईड बुक करके केंसिल करते रहते हैं। रेपिडो को शाम आठ बजे के बाद राईड केंसिल करने पर किराए से आधी पेनल्टी लगानी चाहिए, चाहे पिकअप 100 मीटर की ही क्यों न हो। अगर रेपिडो केप्टन पिकअप लोकेशन पर पहुंचकर राईड केंसिल करता है तो भी कस्टमर पर पेनल्टी लगनी चाहिए। शाम आठ बजे के बाद।"
6150720f-bd36-4cf2-bf34-36428d767f16,captain,2026-06,2026-06-19T02:56:21+05:30,1,5.80.0,15,rate very cheap 2026 petrol price 114 1ltr price very low 10km ride 50/60/70 rupes very cheap rate
89bcca0b-56d1-433f-8d38-9244dcecc881,captain,2026-06,2026-06-19T04:59:35+05:30,2,5.80.0,74,PLS LOOK AROUND THE FARE IN OTHER CITIES COMPARED TO JAMSHEDPUR PLS PROVIDE US GENUINE FARE ITS NOT AS NORMAL SALARY WAGES ALSO . GO THROUGH UR ALGORITM U ARE PAYING US IN JAMSHEDPUR JHARKHAND AND CHECK OTHER NEAR BY CITIES U R PAYING WE WILL WAIT FOR UR REPLY OR CHANGE IN FAIRS AS SOON AS POSSIBLE I HAVE WRITTEN ABOVE MESSAGE TO NOTICE U ON JAN 26 NO HELP FROM UR SIDE TILL NOW
ec4ad004-1d06-4d1d-9fff-6d4590ba02cb,captain,2026-06,2026-06-19T10:19:04+05:30,5,5.74.0,14,Maximum device limit exceeded login nahi ho rha hai login nahi ho rha hai
550aad25-b3e8-4eb2-b867-4b477f41c47a,captain,2026-06,2026-06-19T13:02:06+05:30,2,5.80.0,18,in a rapido i take a food order means sometimes customer not receive a otp to complete order
3905df83-a6b3-481e-9a19-0b259726fd74,captain,2026-06,2026-06-19T14:43:12+05:30,1,5.80.0,21,very worst app not activated my account. I will upload all documents but under verification 5 days ago. very worst verification process
20d3811d-723a-4d4a-8d39-f781bf362368,captain,2026-06,2026-06-19T22:29:15+05:30,2,5.80.0,5,"pricing very low, every order"
4b7ae42a-6eba-4641-a51c-87fdda0e9ae8,captain,2026-06,2026-06-19T22:49:26+05:30,5,5.78.1,29,Rapido Captain is a great platform to earn money and they should focus on increasing the money per kilometer instead of 13 per kilometer it should be increased to 14 or 15
1e3a8019-092e-4e64-b8b2-a8daf8e0e02b,captain,2026-06,2026-06-20T12:10:32+05:30,2,5.80.0,5,no bookings & fare rate low
19639756-0793-4d65-b1a3-7c7d02eef423,captain,2026-06,2026-06-20T17:32:58+05:30,3,5.76.0,7,app not working please solve this problem
438de7c2-4a15-45b0-88b2-a8f9ed158573,captain,2026-06,2026-06-20T19:36:44+05:30,4,5.80.0,42,location problem bahut jyada kharab h location accuracy problem bahut hi jyada kharab h as a captain ye problem solve honi chaiye coustomer jo location dalta h wo location se 1 km aage milta h proper location aaj tak sahi nhi mili h
de78d151-93d0-4e57-86de-1b9b8a297a32,captain,2026-06,2026-06-20T22:11:47+05:30,3,5.80.0,28,fare price are very low pls increase like other cities we riders are are putting 70 percent of daily income in petrol pls have a look on this topic
6f819214-681a-42b9-b219-4f85d0d31dae,captain,2026-06,2026-06-21T08:21:22+05:30,1,5.80.0,40,rapido wale baimani pr aa gye hai caption ke rupay kaat rhe hai or coustomer na 10 - 15 rupay ki ride book kr rha hai pta ni kyo ye company wale rupay kyo nhi bada rhe hai coustomer support not help full
e13f3cd6-d680-4617-b807-3c79269b5cef,captain,2026-06,2026-06-21T10:43:08+05:30,1,,11,i delivered the food but showing undelivered and got penalty 296 rs
8533fc8f-f045-4b1f-9593-eb8079c66b8c,captain,2026-06,2026-06-21T11:05:21+05:30,1,5.80.0,8,paisa hi nahi sand karta h aap wala
907476fc-ad41-4359-a909-2b0e580fdfe2,captain,2026-06,2026-06-21T13:08:54+05:30,5,5.80.0,1,normal 🙂
3c12a845-64de-4288-b487-73ed8cd0cea2,captain,2026-06,2026-06-21T15:26:28+05:30,3,5.80.0,11,"Team, one week completed but my profile is under verification mode."
7009b562-9032-49a2-b587-e6082c10bcc3,captain,2026-06,2026-06-21T20:52:28+05:30,5,5.80.0,3,nice Fast working
693962d9-a816-4eb5-bae3-16ef5b998f5f,captain,2026-06,2026-06-21T20:54:07+05:30,1,5.80.0,77,your payment ploption is not ok. one most think you need to update is that who book metro bike the distance must not be more than 5 km. people book 20 km far distance as near metro station after reaching their they tell just leave me 1 km their if we denied they give 1 star and what you did with captain who have low rating point. they just do it for you have low metro charge. you increase metro charge
4d93a688-71e7-4ab7-a788-697fb9265e1d,captain,2026-06,2026-06-21T22:13:06+05:30,1,5.80.0,113,"कंपनी सिर्फ ग्राहक का मोबाइल नंबर लेकर उसे जोड़ लेती है। न आधार कार्ड, न पैन कार्ड की सही जांच। अगर ग्राहक किराया न दे, तो कंपनी ज़िम्मेदारी नहीं लेती। अगर ग्राहक ड्राइवर को घायल कर दे या उससे भी बड़ा अपराध कर दे, तो केवल मोबाइल नंबर के आधार पर उसे कैसे ढूंढा जाएगा, खासकर जब नंबर किसी फर्जी पहचान से लिया गया हो?"
4a5f70da-864b-4a51-8b14-f79f7e8530b9,captain,2026-06,2026-06-22T07:43:01+05:30,1,5.80.0,12,yeah app driver ka shoshan Kar Raha Hai isko mat download karo
000d5510-4208-47dd-ac3e-1132c7ca77d9,captain,2026-06,2026-06-22T08:12:26+05:30,2,5.80.0,86,"I am not receiving daily incentives as the incentive option is currently disabled on my account. I kindly request you to enable and add the daily incentives for me. In Raichur, ride fares are very low while petrol prices are quite high. Under these circumstances, it is very difficult to continue doing rides without incentives. I request you to treat this matter as urgent and enable the daily incentive option on my account at the earliest. Thank you for your support. I have mailed the query"
a8d8f74d-98ed-4c94-911c-7b3766c3d4bb,captain,2026-06,2026-06-22T09:02:13+05:30,1,5.80.0,19,"very baad no customer support, you will be not able to cancel package order, there is no cancellation option 😡"
281c6f44-e057-4837-8b53-1c7cd65411b8,captain,2026-06,2026-06-22T09:08:12+05:30,1,5.80.0,27,"⭐ 1 Star Worst experience ever. Contacted Rapido multiple times regarding my incentive, but received no proper help or solution. Very disappointed with the captain support team. Not recommended."
05de4814-3678-44db-a2f6-6a1f0eb93c62,captain,2026-06,2026-06-22T10:37:25+05:30,1,5.75.0,2,customer service
12fbe0e2-4608-4cef-b485-9b83f169b3e5,captain,2026-06,2026-06-22T16:43:45+05:30,1,5.80.0,24,Hi worst app I'm not getting rides and I got bad performence nothing I did I'm uninstalling this app I'll try again tomorrow morning
4fa77045-5bbc-4dbc-a476-a0e5f6b3b5fc,captain,2026-06,2026-06-22T22:17:25+05:30,1,5.81.0,7,repido vale captain ko lutate bahot hai
058cb756-4770-485f-9bdf-34494de9bd3e,captain,2026-06,2026-06-23T00:59:00+05:30,5,5.80.0,3,nice jab platform 👍
087fb10d-c069-4821-a22a-562e19f01c86,captain,2026-06,2026-06-23T02:56:39+05:30,2,,96,"Hello , I'm sushil and I'm joined last 4 month and I'm sharing my today's experience , I'm pick the ride and I drop the custmer more than 1km from the location but they continue said come in the gully and there more then 4-5 person standing I'm a refused to enter in gully the he will forcely said come here or I will not pay you after that I'm run from there and I call the rapido support and he will said once you pick the ride and drop the location then it's your responsibility to take a payment."
2b0700a5-2fcd-4a27-b008-8750fa40fe7a,captain,2026-06,2026-06-23T06:07:35+05:30,1,5.80.0,2,420 fraud Rapid
c8ebaef7-8af4-4497-86e0-7aaa41f5d182,captain,2026-06,2026-06-23T10:11:45+05:30,5,,3,super earning app
af77c414-212f-46ff-9e6b-7600870fa26b,captain,2026-06,2026-06-23T11:50:46+05:30,3,5.80.0,50,The app is good but the charges is very low in my home the riders didn't satisfy with the income average order rate is 19rs to 29rs there is not providing suge also the night time also same cost. please increase the ride rates petrol ⛽rate is 118 in Andhra pradesh
6b0e577b-8a1d-44ac-aa6b-c1f527d93c67,captain,2026-06,2026-06-23T12:04:02+05:30,1,5.80.0,8,sabse ghatiya app rapido customer care no solution
927fbe3f-b734-4cb6-88ed-e48f05ef649a,captain,2026-06,2026-06-23T19:59:03+05:30,1,5.80.0,31,"Document verification is still in progress , I have raised the request last week.. I think there is no action happening in the backend. How come this business is working god knows."
b6551b1a-4b5d-4555-81ad-b7bb19e01c70,captain,2026-06,2026-06-23T20:09:15+05:30,5,5.80.0,3,nice to work
66273fe2-8c3c-4d68-8cd2-6d6ae7bdc24b,captain,2026-06,2026-06-23T20:29:17+05:30,1,5.80.0,29,why rapido map speaker is not working in lucknow temprature is 40 to 44 and we can't use phone on that temprature so please enable this feature so speaker will work
30f0d976-63f4-4402-8b57-bbe75650aec8,captain,2026-06,2026-06-23T23:27:17+05:30,5,,2,great work
e8563994-7b73-4a0a-8b62-63ac66233448,captain,2026-06,2026-06-24T05:05:44+05:30,1,5.80.0,5,less order less earning a
9994f0c3-4eeb-4afe-a823-c83eba99db67,captain,2026-06,2026-06-24T11:35:24+05:30,1,5.80.0,13,nothing in ride & lo ret par km par day income in 300 rupees only
efd67fdd-9553-4d9e-8beb-2ef73fdd09b2,captain,2026-06,2026-06-24T13:57:02+05:30,1,5.80.0,15,rapido is not working in in AC booking non AC bookings not activate AC bookings 😏
99ced571-2e54-436c-9986-24d05c398048,captain,2026-06,2026-06-24T16:40:23+05:30,1,5.80.0,74,"Hello Rapido, i just wanted to bring it to your notice that today i received 1 notification regarding the hygiene that is appreciated but i want to give you 1 suggestion plz increase the rates then only expect us for expenditure of air freshener... as we all drivers are already suffering with this rates issue...hope you guys focus on this matter. and my vehicle comes under premier and i get economic rides witch is unfair."
de960d42-a3a4-46f8-931e-e0eecc138857,captain,2026-06,2026-06-24T19:11:24+05:30,1,5.80.0,6,very very worst app zero rating
c415178f-d1f2-4276-8cab-3be26cb3e6c0,captain,2026-06,2026-06-24T19:28:14+05:30,1,,20,"i am user satrting last of raid, but weekly weekly Los of raid day full time west very bad app."
372e6ea1-eb6d-4901-9529-1a7712938f4f,captain,2026-06,2026-06-25T01:01:55+05:30,5,5.80.0,2,Ha Yeah
13e53e60-0a9c-4a82-a0b7-1c3d502e4163,captain,2026-06,2026-06-25T02:57:48+05:30,5,5.80.0,6,please rs 500+ all bookings provided please
58777f77-e2cc-4b35-84a8-0ab55a09c005,captain,2026-06,2026-06-25T10:29:14+05:30,1,,11,highly charg cuting with riders &not batter sarvice in kota rajsthan
3cb05a71-2971-49f3-8302-17229bc070f0,captain,2026-06,2026-06-25T13:50:15+05:30,1,,51,"Even if I have 4+ stars the rides gets canceling and this is not by the customers, but by the app itself!!! and we won't be getting go to areas rides even if we get and we accept it will get cancelled again!!! this affects our performance Status. THE WORST APP EVER!!!"
e3447d8d-7207-41cf-ab56-0cf2a507beb9,captain,2026-06,2026-06-25T17:51:15+05:30,1,5.81.0,78,"This app has the worst support ever. They unfairly charged a ₹750 penalty on my account without any fault of mine. I accepted a food delivery, reached the shop, and found items out of stock. After a 20-minute wait, the shopkeeper told the customer no food was available. I tried calling support multiple times, but no one answered, leading to an automatic system cancellation. My account was wrongfully suspended and fined ₹750. They refuse to remove it. Utterly disgusting support! 😡😡"
0c369722-55c4-45ee-89cf-8de156792068,captain,2026-06,2026-06-25T18:21:23+05:30,5,5.80.0,4,it's inhance my earning
6068eb18-0405-4d8d-83f2-bba3418f2970,captain,2026-06,2026-06-25T18:24:53+05:30,5,5.80.0,17,I am working as rapido captain we are facing problems with the customers kindly solve the issues.
a34995f3-933b-49b9-8b08-2ca543cdf36c,captain,2026-06,2026-06-25T18:39:46+05:30,1,5.80.0,20,rapido customer care bahut bakwas hai jaise ki unka lekar baithe hue kisi ko baat karne ki tamiz nahin hai
3595b5bd-47f9-4441-a4e2-99f31748863c,captain,2026-06,2026-06-25T19:56:00+05:30,5,5.80.0,2,Good facility
4f9a7c2b-381f-4e81-a3b3-9e12df1e6c3f,captain,2026-06,2026-06-25T22:52:48+05:30,5,5.80.0,7,सर्व काही ठीक आहे
c83b7ddf-3db7-452e-b68a-b52102766d79,captain,2026-06,2026-06-26T07:03:51+05:30,1,5.80.0,25,very bad service Amritsar sir no rate update and fuel ⛽ 106 rs ltr and no rain surge add other state rate good Amritsar very bad rate
90ef80f6-0c25-49ad-b09d-6d42263866ce,captain,2026-06,2026-06-26T10:02:22+05:30,4,5.80.0,11,price increase karna hoga kuchh kuchh bhara bahat kam dikhata hai.
5193e3c7-54a0-4ee1-9f78-11b5a244d1e4,captain,2026-06,2026-06-26T11:02:58+05:30,1,5.80.0,4,बहुत खराब
8c2db7ee-ff45-4bac-8c58-6a1a3869345d,captain,2026-06,2026-06-26T11:49:41+05:30,1,,6,comission jyada lete hai repido wale
72ef0c00-f401-4c6e-81e1-df0f42d28f2a,captain,2026-06,2026-06-26T16:38:59+05:30,1,,18,mene mera he adhar card dala to bol raha hein name mismatch wah wah tumari system kadak hein😂😂😂
f97a05a4-4a2a-48af-a744-21277a1c9373,captain,2026-06,2026-06-26T18:09:50+05:30,5,5.80.0,3,nice 👍 good captain
823300db-2554-42a5-ad59-796732211e8f,captain,2026-06,2026-06-26T19:13:21+05:30,1,5.80.0,85,"3rd class services. they can't support. Even if any issue happened they advise to handle yourself. even they are always ready to deduct our commission. if your redeemed amount is not transferred at the same time it means you should forget your amount because they can not do anything with the pending amount. They claim that the pending amount will be transferred in 24 hours but after fifth day when you call to support, if it got connected they will give you next 24 hours to wait."
8bf14998-2fd6-4f10-a1d8-9f57bfd72621,captain,2026-06,2026-06-27T08:13:57+05:30,5,,5,veri good experience rapido captain
8924500b-1ec6-46c3-9d8d-4d875fed624a,captain,2026-06,2026-06-27T11:30:27+05:30,5,,3,super earnings app
cdac3c92-7925-4b62-ab4e-2dbcf83d9975,captain,2026-06,2026-06-27T14:35:16+05:30,5,5.80.0,2,good aap
c3bd4353-0840-467f-b7d9-bee9ae11b291,captain,2026-06,2026-06-27T21:18:36+05:30,5,5.80.0,29,rapido bixe taxi not allowed in city auto drives use ing there app auto drivers asking who gave permission for rapido rashing auto driver not safty rapido bike taxi
7f607022-c409-445f-a6f5-cf725ff54c2c,captain,2026-06,2026-06-28T15:00:18+05:30,1,5.80.0,57,"No Support Ever, no Rider Helpline, Im Stuck With an Food Order, Store says It has Been cancelled by customer, but not updated in app, It was A pidge order, I tried and tried calling there support, But always app shows something went wrong and if call connects,it says Person unreachable, spoiled whole day of mine."
ea855ffd-32fd-41e6-9827-4294ab8bca93,captain,2026-06,2026-06-28T18:03:04+05:30,1,,9,one of the lowest price earning app very bad
244649ec-9ced-4c59-9525-3f1fb611ba34,captain,2026-06,2026-06-29T00:24:38+05:30,5,5.80.0,14,nice app bus incentive or ride Thora kam milta hai baki acha app hai
b2736860-5156-4b09-b71c-6f1a6208ee43,captain,2026-06,2026-06-29T02:32:47+05:30,1,5.80.0,8,No incentives no subscription plans better to uninstall
74c3b256-d57c-4699-a005-d7e4c627b84d,captain,2026-06,2026-06-29T06:05:27+05:30,1,5.82.1,24,pick or or drop distance dikhate kuch or h or use jyda drop krna pdta h paise bhi km dete h etni. mehngai m
39fe7612-dda2-4586-ae0b-499bd4ede1cb,captain,2026-06,2026-06-29T07:26:37+05:30,5,5.80.0,2,v good 👍
0bf920e3-e19c-4104-85e4-b8eabdcd57f2,captain,2026-06,2026-06-29T11:15:55+05:30,1,5.82.1,4,very worst customer care
84f83546-d144-44cb-8fad-7245dc108422,captain,2026-06,2026-06-29T21:34:06+05:30,1,5.82.1,161,నువ్వు హైదరాబాద్ కి ఎప్పుడైతే వచ్చినావు అప్పుడు బిజినెస్ మొత్తం యం m.గుడిసి పోయింది. వరస్ట్ రాపిడో. worst rapido రాపిడి వాడు 350 రూపాయలకు కక్కుర్తి పడి. నా ఐడి మూడు సంవత్సరాల నుంచి ఓపెన్ చేయకుండా పెట్టిండు. అంటే ఈడు ఎంత పెద్ద మేధావి చూడు 🤪🙏🔥 ఫస్ట్ డబ్బులు కడితే ఐడి ఓపెన్ అయితది అంట. లేకుంటే ఓపెన్ కాదంట. ఫస్ట్ ఐడి ఓపెన్ అయితే నీకు గూగుల్ పే ఫోన్ పే ఐడి కట్టడానికి ఉంటది. నువ్వు నా అకౌంట్ బ్లాక్ చేసి పెట్టినవ్ నేను దీంట్లోకి వెళ్లి కట్టాలి 😭🔥🤪🫣🛺🛺🛺🛺veri.p...... u
41d28f8b-f6fb-4a8c-9c27-d27b2e1983ee,captain,2026-06,2026-06-30T03:20:49+05:30,5,5.82.1,12,"I like it very much brother, I go to my city Satna."
b3b15120-2b41-446a-933e-6f2a93c7eac2,captain,2026-06,2026-06-30T07:01:07+05:30,1,,2,beri bayd
3341c151-c581-40d1-af62-7ba1f6c6ca33,captain,2026-06,2026-06-30T16:18:09+05:30,1,5.80.0,8,waste services don't download amout waste no 0% plan
7aa4173f-f814-4dc8-9059-b3fb193aa588,captain,2026-06,2026-06-30T16:36:28+05:30,1,5.80.0,10,"after every update you're reducing standards. becoming worst. worst, worst"
5248b815-ddda-4bfc-b98c-2f09485f3021,captain,2026-06,2026-06-30T18:36:43+05:30,1,5.82.1,41,3 times a week withdrawal is pathetic also automatic transfer on Thursday also done work n not body care to solve this issue. while other app pay u r earning next day but this company sims not working in favor of riders
ba09ef41-3456-4ec7-831b-69d8c675c87d,captain,2026-07,2026-07-01T07:22:06+05:30,1,5.80.0,1,Ghatya
782ae5b3-d170-43e7-8c0e-9cb64f85fc78,captain,2026-07,2026-07-01T08:21:37+05:30,3,5.82.1,8,can you make n app for ios also
72f91d57-b9ee-40d0-9b30-c54d62d165d1,captain,2026-07,2026-07-01T08:29:18+05:30,1,5.82.1,63,i am working as rapido captain since 4-5 years but per kilometre rate are not satisfied my earnings. parcel delivery per kilometre rate going to reduce and fuel price hike but rapido company not doing anything else for the captains. evey 2-3 rider not satisfied with given rate card and per kilometre rate from rapido company . bas kar kya sakte hai kamana to padega hi.
1cb46c56-b716-4c11-b2df-66a8c9f9a8fa,captain,2026-07,2026-07-02T00:12:12+05:30,5,5.82.1,3,fair usse sir
773b483e-0fb4-4d46-bc70-774e7da8c7b3,captain,2026-07,2026-07-02T01:45:29+05:30,1,5.82.1,25,low chances of good rides no support from customer service sometime don't give cancellation fare not increase ride charges after petrol price hike worst application
3b89c7a0-8830-46d0-bf55-f7601ce4792f,captain,2026-07,2026-07-02T13:11:30+05:30,1,5.82.1,11,"app installed after process is very poor and very slow process,"
a35d11fd-6a0b-4fd7-868b-79f6718a97e7,captain,2026-07,2026-07-02T13:22:39+05:30,1,5.82.1,5,map not wrking long time
c85e6c79-48ec-469e-8caf-e615623cfaf7,captain,2026-07,2026-07-02T15:28:03+05:30,1,,12,worst app driving no response dont use this app take extra money 🫡
ff70cf64-7768-4a7b-9fd9-fae33973307a,captain,2026-07,2026-07-03T10:41:31+05:30,1,,20,"Subscription plans are not made available to new riders; consequently, they are exploited through the imposition of high commission rates."
6cf4fee4-8751-4525-bdb4-410c98b872d5,captain,2026-07,2026-07-03T16:00:44+05:30,1,4.5.82,32,no orders waste giving auto pool auto bosst loot money from us giving 56 even though it's above 2.9 kms all fake rapido is wrose atleast uber is best in all aspect I think
b2b95586-76fb-4c40-926f-af691d02314f,captain,2026-07,2026-07-03T18:35:04+05:30,4,5.82.1,9,please update your map some time navigate wrong location.
3e4441df-7a86-4e8f-8d66-26dd03ab4a4e,captain,2026-07,2026-07-03T19:47:29+05:30,3,5.82.1,37,app is so good n excellent but now I m changing my registered no. so It can take too much time to verify documents it is very bad experience that they can't do anything do something team
d41e91c4-820a-4858-b187-df43306c22d6,captain,2026-07,2026-07-03T20:14:46+05:30,1,5.82.1,12,supThey don't answer support calls and provide absolutely rubbish service to riders
20ad9eb4-d30e-4288-b583-9779e2469117,captain,2026-07,2026-07-04T11:22:42+05:30,1,5.31.0,4,company bohat bekaar h
f5d57c3c-6f0b-4979-af18-755a6401fbb7,captain,2026-07,2026-07-04T13:34:29+05:30,5,5.82.1,7,order is not come and solw Oder 🥺
d1ea1adf-71bb-45d7-9198-9294fd31fcde,captain,2026-07,2026-07-04T16:32:25+05:30,5,5.82.1,12,please please increase fare rate..to expansion drivers side so ..please 🙏 increase
178a706c-2694-43c3-b31d-7dd983444f5c,captain,2026-07,2026-07-04T19:17:08+05:30,5,5.82.1,3,good in earning
2f5f1f58-6ad1-4796-83cc-e28fc83fbf8a,captain,2026-07,2026-07-04T21:41:39+05:30,5,5.83.0,100,"the App should have one option where for example if I am somewhere away from my home for my personal work and from there if I am coming home then I should be able to activate one option where I can get a pick up for someone who might be also looking to go home from the current location to my home place so in that sense the company also earns, the rider also earns, and eventually the client also gets the rapido service.Maybe you can input this option in your app as AWAY it's been suggested by me"
fec13aad-13b7-4fe7-bfe9-0cdf2ff9d85b,captain,2026-07,2026-07-05T01:02:05+05:30,1,,10,most third class aap. totally weast of time and energy
8826c98a-88af-43b4-97b2-8f2c2991bcdf,captain,2026-07,2026-07-05T01:53:27+05:30,5,,13,worst app ...3rx class .. 1 my silly prblm u ppl can't snke to solve
920a6746-b6f8-427d-9fee-fd3af2ac4011,captain,2026-07,2026-07-05T03:04:29+05:30,1,5.83.0,8,company kabhi captain ki help nahin karti hai
75d4bd59-b546-4f77-8a05-7df564035dcd,captain,2026-07,2026-07-05T07:46:10+05:30,5,,3,best performance me
d9825b7f-40dd-41f4-8fa1-cd2996a6a009,captain,2026-07,2026-07-05T13:58:21+05:30,1,,85,"Very poor security. No OTP or verification code is required when adding a new UPI ID, which makes it easy for scammers to misuse accounts. I was scammed by someone claiming to be from Rapido support. She asked me for an OTP and told me not to log in to the app for the next 10 minutes. During that time, all the money in my Rapido wallet was withdrawn. When I contacted Rapido customer support, they simply said they couldn't do anything. This is extremely disappointing."
50c2d0a4-4e62-444b-b2cb-8b89b6670ada,captain,2026-07,2026-07-05T14:07:38+05:30,2,5.82.1,51,rapido team you needs to take goverment approval for this app today in nagpur rto and policy officer are catching up rapido captains and fine them please take government approval and after accepting order drop location not showing with address we needs to pick up and drop location after accepting orders
e841be31-c4db-41d1-83f5-cf43fb013b64,captain,2026-07,2026-07-05T19:17:29+05:30,1,5.83.0,43,"many times, I open the rapido captain app,but every time, I face the same error page,why, help me... Now, I am update the app and tired to upload my documents, but under verification in past 5,6 days ,what I do?..help me...."
595b8d16-1081-4304-83c4-a596c291de76,captain,2026-07,2026-07-06T06:36:23+05:30,1,5.83.0,102,"Day by Day this application is becoming hell .... 1. Previously, the earnings for each ride were displayed, but now they are hidden. Without knowing the expected earnings, how can a captain make an informed decision about whether to accept a ride and whether it will be profitable? 2. मैने अन्य रिव्यू भी पढ़े...सब में आप रिप्लाई सेम ही देते हो ""we have noted your feedback....we will share your concern to the team for better improvement"" लेकिन होता कुछ भी नहीं है 2 महीने हो गए आपको ऐसा बोले |"
3fbfbec8-43a1-4062-a316-630bd11b0bf3,captain,2026-07,2026-07-06T07:44:55+05:30,1,5.71.0,43,I am rapido captain my yesterday unlimited and zero commission plan 5 rupees but same plan 49 rupees more than 10 times charged They are now taking back the money I earned over this period from the ₹5 plan because I switched to the ₹49 'Unlimited Rides' plan.
de26fbee-a102-41d8-a655-8206f5e082c0,captain,2026-07,2026-07-06T11:11:59+05:30,5,5.83.0,13,very good 👍 but moor then fake order Sir please problem with my id
ce5235b9-7662-43e7-8022-ff26bec0627e,captain,2026-07,2026-07-06T12:38:09+05:30,1,,77,first customer books and as a working captain when we reach they don't lift call customer won't respond and customer support worst service . i would literally tell rapido to change if customer won't respond we should get cancelled fee otherwise verify customer address . some times customer phone is switched off like in every customer mistake we should pay the fine why ? I don't understand why you are making it hard for the captain to work with commission
70946fd8-babd-4100-9070-dc347d138ca7,captain,2026-07,2026-07-06T17:26:37+05:30,1,5.82.1,7,worst app i have ever seen 0%support
5ecca299-145d-48ec-a38c-94248e034a44,captain,2026-07,2026-07-06T19:00:49+05:30,1,5.82.1,11,crash all time customer srevice worst cut caption money all time
42a47b28-5a11-4a9b-b76e-3b680f3ba6c7,captain,2026-07,2026-07-07T01:49:51+05:30,5,,18,please increase your night fare less then 25 rs. per km. because of night fare is 20 rs. per km.
ed56da39-b82e-4b6b-8fc0-d6b566a9df4a,captain,2026-07,2026-07-07T10:28:11+05:30,1,5.83.0,10,very poor verification process take long time Bad. registration process
a2bfd4c4-86d9-4f49-9905-1155742a71a0,captain,2026-07,2026-07-07T12:47:17+05:30,1,5.83.0,40,"The customer care service is extremely irresponsible. When I call, they don't pay attention to my concerns, and instead of resolving the issue, they abruptly disconnect the call to prevent me from reaching them again. There is absolutely no accountability."""
64ffc541-2bce-4db8-bf8c-79446429a599,captain,2026-07,2026-07-07T15:16:09+05:30,5,5.83.0,5,rapido is very good aap
5c625520-8083-49bb-8242-39cef1d73a79,captain,2026-07,2026-07-07T17:20:41+05:30,5,5.83.0,3,not open aap
ea5fbf20-9f28-4f19-893c-79b966c6ff0d,captain,2026-07,2026-07-07T22:09:52+05:30,1,5.83.0,3,uber is best
0c88a60a-8672-44b2-b4b2-a3a3d2a34707,captain,2026-07,2026-07-08T01:17:28+05:30,1,5.83.0,26,worst app ... if we don't ride for some day or rides are cancelled by customers it's showing bad performance...it's a mockery of our hard work
44117cda-2fdc-4b8f-a664-9e0ec9b82eba,captain,2026-07,2026-07-08T11:54:53+05:30,1,5.83.0,84,worst captain support they don't care about captians after all corporate right why do you care about gig workers negative starts for you team rapido one day I delivered the food but customer don't have otp I can't end ride and caption can't access support team after trying for 1000 times and staying there for 3 long hours nothing happened that order got cancelled at midnight 60rs have not credited for that delivery and I can't achive incentives also charged me 300 penalty and suspended my id
d1999f2e-f033-4359-b329-d9732f4dad0a,captain,2026-07,2026-07-08T12:36:49+05:30,2,,10,customer paying threw their aap is wasting captains valuable time
ea392e50-7224-4131-aa0f-ce1feea91904,captain,2026-07,2026-07-08T12:48:01+05:30,3,5.83.0,9,stop showing our real phone number to any gender
95413a77-539a-47a0-8932-a795909f856c,captain,2026-07,2026-07-08T14:25:25+05:30,2,5.83.0,18,rapido captian ka ranchi Jharkhand m sb State se jayada subconscious rate hai or rates bhi kam hai 🤔🤝🏍️💔
b0de5f9e-959f-46af-9459-a7e4aa19a272,captain,2026-07,2026-07-08T14:54:08+05:30,1,5.83.0,40,"customer service is vary worst thay don't know problem solved skills , if costumer chose the the """" Driver ask the cancellation """" why effecting the Captain if ask the same Question to customer care, thay said simple go to high demand area 😀."
6668717d-f765-434c-9011-bf12c5cce2c0,captain,2026-07,2026-07-08T17:25:44+05:30,1,5.82.1,83,"I registered as a RapidoCaptain over 2months ago and my application is still stuck on the Under Verification page with no updates. I contacted customer support multiple times but every time they simply say they can't do anything and ask me to register with a different mobile number. Why should customers change their number because of an issue in your app? This is an unacceptable response. Very poor support, no accountability, and no proper resolution. I'm tired of raising the same issue repeated"
ce40552f-025f-4042-9de7-bc9a7bd557df,captain,2026-07,2026-07-08T19:37:00+05:30,5,5.83.0,2,Accha ayaga
9a9b9e40-3f5e-46d6-9575-62c304ac5e64,captain,2026-07,2026-07-09T04:40:18+05:30,1,5.83.0,11,not working the app iam register only bike not add car
9dcd8336-9743-4919-99ee-ee14349c631a,captain,2026-07,2026-07-09T10:16:58+05:30,1,5.83.0,10,fare very low earning love order earning has been zero
b93b93e5-1db6-43de-8b21-1da859cd625d,captain,2026-07,2026-07-09T11:33:23+05:30,2,5.69.0,11,ban illegal bike taxi and Focus on Legal Cabs and Autorickshaws
cd5796d4-417f-45d5-b39c-b11253c5b525,captain,2026-07,2026-07-09T11:57:30+05:30,1,5.2.16,38,"World's no.1 fraud company, because this company eats customer tips as well as riders incentives, I have never seen this type of co. which eats customer tips 🤣🤣. showing cheap fare where as petrol is price high shameless experience"
a4653692-30d7-4c7b-a8a6-67857ab9dea3,captain,2026-07,2026-07-09T17:00:38+05:30,1,5.83.0,85,This is very dangerous and very alarming. When the driver is using the app and has already been active on one ride and in the middle of the ride the app starts to distract the driver by giving multiple popups and starts to ring and vibrate even though the driver is already on one ride. This should be fixed immediately and the driver should not get any notifications for another ride request when the driver is already on one ride and hasn't completed it yet.
e29924db-a0fb-4132-8576-7a61c5cc81a8,captain,2026-07,2026-07-10T02:34:37+05:30,3,5.83.0,2,low earning
426d95af-9ec2-4ee3-adb3-a65e71acd9ba,captain,2026-07,2026-07-10T03:29:38+05:30,1,5.83.0,70,"worrest app in india, I was charged penalty without reason and I am continuously connecting to support agent since 2 weeks but still the issue not resolved and the main thing is rapido is not giving atleast 1% priority to the Captains. they always looking customers satisfaction and 3rd party connections like Swiggy, zomato etc. And if I ask any questions to support agent they are disabling call support option to me."
4744ec43-cf90-4dab-9cac-c73b72611175,captain,2026-07,2026-07-10T12:49:33+05:30,1,,17,"it's been more than 48hrs but in the app showing Wait for 24 hrs, verification is in progress."
e04a454b-f325-481d-97fa-1c0f3eb66300,captain,2026-07,2026-07-10T15:43:26+05:30,5,5.83.0,23,Overall app is amazing but please fix glitch that happen sometimes with the map and please increase rates for rides of bike taxis
d17a6ce9-0ffa-4e2d-9288-365918d9c70a,captain,2026-07,2026-07-10T18:57:11+05:30,5,5.83.0,1,suprer
7319c6ae-034a-45fd-9e95-edbac1b97fca,captain,2026-07,2026-07-10T19:50:49+05:30,5,5.83.0,6,The route map is very slow..
0da13d25-7aa9-47a6-b8d4-d77fdae6d065,captain,2026-07,2026-07-10T21:50:21+05:30,2,5.83.0,15,company khud ride cancel kar ta hai. aur rider ki performance down kar ta hai
c1c98864-85f5-43d4-a39f-c7b0bb77ee6f,captain,2026-07,2026-07-11T11:29:42+05:30,4,5.83.0,85,"My complaint to Rapido is that, just as you keep all the details of customers confidential, you should also keep the details of us captains confidential. You disclose our photo, name, mobile number & vehicle number to customers. It is acceptable to share the name and vehicle number, but why do you share our photo and mobile number, which are our personal details? You should keep those solely for your own records and not share them with customers. Therefore, I request that you look into this."
57b3e312-5fe2-4363-a7ee-ade6891daf49,captain,2026-07,2026-07-11T11:53:46+05:30,5,5.83.0,4,very good for earning
ee04fff0-ae6f-4a9d-a4f5-ff2313f786e5,captain,2026-07,2026-07-11T12:45:26+05:30,1,,70,"One of the worst app used in the meantime, where the support doesn't know anything and blindly disconnects the call and never ever will help anyone if any concerned is raised and they will deduct cash from your account for no reason and never gives a damn about people who work and earn for the platform and instead takes cash from them and will definitely file a lawsuit on this"
37fd7e27-bb57-48bf-ac5e-e60686c94c02,captain,2026-07,2026-07-11T13:50:24+05:30,1,,53,rideron ke liye narak Hai yah agar customer Koi report maar deta Hai turant suspend kar dete Hain rapido wale yah nahin dekhte kiski galti Hai yah to captain ke support mein hi nahin hai aur customer support bhi nahin Hai 6 Se jyada order cancel kar do to ID suspend bakwas hai yah
a6a689ae-fc86-4f44-979a-154f9d5d0838,captain,2026-07,2026-07-11T17:07:41+05:30,5,5.83.0,2,not happy
97e570b5-599c-4374-bd2d-bceb3a1f048f,captain,2026-07,2026-07-11T19:45:29+05:30,1,5.83.0,60,Fraud app I'm drive 20km but fare show only 16km 4km gap why such type of cheat in this captain app.It is a very low fare show all captains are very upset about the fare. petrol price day by day hike but our fare is not updated please update our fare and pay the exact price for our captains.
b7572ca5-123c-4cc7-9db9-85c3cd19c832,captain,2026-07,2026-07-11T19:58:01+05:30,1,5.83.0,9,increase the parcel order price up to Rs 25 km
c2946eb4-449c-4902-8590-869b75c2e818,captain,2026-07,2026-07-12T01:21:35+05:30,5,5.83.0,61,Work Zone option is not working please check it's shows to activate but after I turn it on will not get any order. I have a doubt as well it's only for bike ride or food delivery as well iam doing in hsr layout it's always shows to turn on work Zone but not working please have a look into it
db390e8c-84c9-4326-95c4-e0c6a1f2ce09,captain,2026-07,2026-07-12T12:23:52+05:30,1,5.83.0,27,worst and fraud company i accepted fare 618 and after completing the trip it is showing only 363. like this many times happened. don't trust this Dabba Rapido company
925aebc8-59d5-4dca-8600-6273bb6d5359,captain,2026-07,2026-07-12T12:58:04+05:30,1,5.83.0,12,facing lots of cancellation and also taking hours to book a ride
dec183d7-2450-43b9-a3c5-daf7e8dd29eb,captain,2026-07,2026-07-12T14:16:03+05:30,5,5.83.0,5,nice so beautiful and nice
b4f0475d-0b09-48ab-beff-19f212c50f25,captain,2026-07,2026-07-12T14:28:17+05:30,1,5.84.0,8,yah cancel it is mein jyada hoti hai
eac3c4b3-3c20-4347-976e-f1a74d1cc747,captain,2026-07,2026-07-13T02:40:43+05:30,5,,6,rapido mumbai me kab legal hoga
b25f8321-6909-40a3-ab24-6c1a20544983,captain,2026-07,2026-07-13T11:16:06+05:30,5,5.83.0,2,bike driv
85fb062a-e385-4535-b2e9-ecc075924acf,captain,2026-07,2026-07-13T11:22:42+05:30,1,5.83.0,69,i have two questions from all rapido Drivers: 1- why the drivers not paid for pickup ??? ( no one is paying us for pick up point expenses) 2- who will pay if our vehicle stuck into traffic or signal or damage and broken road???? ( customers are paying the amount as per rapido shows and rapido is showing as per kilometers only) we want minimum 60 rupees fix per ride and 20 rupees per kilometer
2a19af92-43af-4bea-9f4b-6d35664f7a84,captain,2026-07,2026-07-13T23:20:26+05:30,1,5.84.0,17,recend update app demand area not showing. I'll call rapido care complaint but not solve the issue.
15f92315-7ee0-4e66-9691-e42da8e3be7d,captain,2026-07,2026-07-13T23:57:38+05:30,5,5.84.0,13,very good app earnings for zomato not good earnings rapido are good earnings
e96fc74c-edb4-4348-975b-f95f9159396c,captain,2026-07,2026-07-14T03:22:28+05:30,1,5.83.0,9,maximum devise limit exceeded.Bad policy resolved my problem
c60bfbb1-adcf-4b3a-9688-87fe5ed95a9c,captain,2026-07,2026-07-14T08:00:58+05:30,4,5.84.0,8,very useful apps.all ride r enjoy ment.
80f9041e-59da-46d9-9b07-d089a8fd517d,captain,2026-07,2026-07-14T08:38:10+05:30,1,,8,vibration and sound is not safe in mobile
53130dae-b096-4d9a-8e02-00e23a3b38bc,captain,2026-07,2026-07-14T09:09:10+05:30,5,5.83.0,3,bahut axa Hai
fe189e96-821a-4c4b-9e07-71d0f7750413,captain,2026-07,2026-07-14T10:46:21+05:30,3,5.83.0,58,"in my city Suratgarh, MG plan is active issue is No customer Support.... guaranteed amount not adjusted every day but am Completing target Criteria for example 4 & 10 July 2026 MG amount is credited in my wallet but 6 & 8 July MG amount not received why ?? am already Completed needed Criteria of minimum Ride. why customer support didn't know What is MG plan."
19f3b2eb-8a8e-480e-9596-f3f514751021,captain,2026-07,2026-07-14T11:03:27+05:30,1,5.83.0,34,bahut bekar service h rapido ka bolte h guaranteed earning agr earning utna nhi hua jitna woh gurantee dete h to hum apko compensate karega lekin kuch v nhi deta scammer h yeh sab
b1c6b327-9422-4cb1-96dd-616ed28ddea4,captain,2026-07,2026-07-14T11:54:58+05:30,5,5.83.0,71,"I sincerely apologize, Rapido. I know I made many mistakes, and there were times when I did not do my work properly. Despite that, you always gave me opportunities to earn and continue working. I am truly sorry from the bottom of my heart. From now on, I want to work honestly, responsibly, and with full dedication. I want to improve myself, earn your trust again, and move forward with integrity."
b3868858-f22b-44c8-b466-c4dc489d53bc,captain,2026-07,2026-07-14T12:51:06+05:30,1,5.83.0,33,kuch cheze isko thik karna chahiye jese 7 rs par km de rah hai kam se kam 9 rs dena chahiye or order aane par amount show nhi kar rah amount bhi show karna chahiye
b213f752-4fc3-421a-a4df-8e0bd5285942,captain,2026-07,2026-07-14T15:17:25+05:30,3,5.84.0,6,customer care not support two captains
669d173c-bdc2-419c-80dc-6102e1d01a03,captain,2026-07,2026-07-14T16:28:04+05:30,5,5.84.0,3,good morning sir 🌅🌅
3e23e380-6de1-4cfa-8e74-0536b5bac84c,captain,2026-07,2026-07-14T18:22:37+05:30,5,5.84.0,3,I am happy 😁
70502f4b-6035-4b0c-8a71-8ac475aafe56,captain,2026-07,2026-07-14T19:26:20+05:30,1,5.52.0,11,Rapido captain:drive& Earn AB PEHLE JESA Earning nahi deta he
c180ae3b-df2f-483a-85cf-daaf33d77004,captain,2026-07,2026-07-14T19:41:05+05:30,5,5.84.0,2,vere good
ba460617-e565-4d19-8606-bfd23b71e1d4,captain,2026-07,2026-07-14T23:54:04+05:30,1,5.84.0,33,Worst Experience Whenever i pickup parcel ride and start for destination then why bike taxi ride pop up and if i accept bike taxi it show after parcel delivery you can pickup coustomer
8b75feb5-c047-4770-876a-d39f6990d69b,captain,2026-07,2026-07-15T18:05:23+05:30,1,5.84.0,14,please update map navigation properly to reach 1.5km it's showing 4.5 km in route worst
bc61e55c-088e-4902-bf8e-813fe6418b5f,captain,2026-07,2026-07-15T18:20:23+05:30,1,,58,bolte howe bhahot dukh ho raha hai app support 0 hai riders ki koi value nahi hai abh rapido me mera last day working tha is 13/06/26 ko yaha sirf customer ki outlate walo ki suni jaati hai riders ki nahi bina kaam ke ye log penalty riders ko lagaate hai q ke abh riders ki kami nahi inke pass !
411d2246-29f3-4ffe-80c9-cf4c01ef9f40,captain,2026-07,2026-07-15T19:29:38+05:30,1,5.84.0,180,ನಾನು ಒಬ್ಬ ಡ್ರೈವರ್ ಆಗಿ.. app on ಮಾಡಿದಾಗ ಆರ್ಡರ್ ಬೀಳುವುದಿಲ್ಲ.. ನನ್ನ ಪಕ್ಕದಲ್ಲಿ ಇರುವ ಬೇರೊಬ್ಬ ಚಾಲಕರಿಗೆ order ಬರುತ್ತದೆ.. ನಮಗೆ ಬರುವುದಿಲ್ಲ. ಕಸ್ಟಮರ್ ಕೇರ್ ಗೆ ಕಾಲ್ ಮಾಡಿದಾಗ ಸರ್ ನಿಮ್ಮ ರೇಟಿಂಗ್ 4.75 ಇದೆ ಎಂದು ಹೇಳುತ್ತಾರೆ. ಆಪ್ ಗಳಲ್ಲಿ ನಾವು ಚೆಕ್ ಮಾಡಿದಾಗ ಇಲ್ಲಿ ರೇಟಿಂಗ್ 4.2 ತೋರಿಸುತ್ತದೆ ಹಾಗೂ ಬ್ಯಾಡ್ ಎಕ್ಸ್ಪೀರಿಯನ್ಸ್ ಅಂತ ತೋರಿಸುತ್ತದೆ. ಇದರ ಬಗ್ಗೆ ವಿಚಾರಣೆ ನಡೆಸಲು ಕಸ್ಟಮರ್ ಕೇರ್ ಗೆ ಕರೆ ಮಾಡಿದಾಗ ಅವರು ಸರ್ ಏನು ಸಮಸ್ಯೆ ಇಲ್ಲ ಎಂದು ಉತ್ತರಿಸುತ್ತಾರೆ.. ಆದರೂ ಸಹ ನಮಗೆ ಯಾವುದೇ ರೀತಿ ಹೊಸ ಆರ್ಡರ್ ಗಳು ಬರುವುದಿಲ್ಲ.ಈ ರೀತಿ ಕಂಪ್ಲೇಂಟ್ ಕೊಟ್ಟಾಗ ಉದಾಪೆ ಮಾಡುತ್ತಾರೆ
65473c47-2b47-4e25-8deb-5338879bab0e,captain,2026-07,2026-07-15T22:45:55+05:30,3,5.84.0,21,good but after coming update 2 to 3 days rides comes very less if you are 5 star rides also you get less orders
80c19a26-47f4-413f-a22f-9a2b448127c6,captain,2026-07,2026-07-15T23:59:26+05:30,1,,25,abe tumlog garib ke gar mar rahe ho unki majburi ka fayda utha rahe ho kam paisa main kam karwa ke khub gar marte ho.
c6235036-7616-4ea5-8346-8d6a0311a0cd,captain,2026-07,2026-07-16T12:33:29+05:30,1,,15,rete bahut kharab dete Ho petrol rs 102 l hai Kya Kam aaenge aur kya bachayenge
ae0ba941-1cff-4e8f-a6dc-45c279983a21,captain,2026-07,2026-07-16T13:21:00+05:30,4,5.84.0,37,Give drivers the option to cancel unlimited rides like uber app. So that we can decide which one to take . after two cancelation we need to connect to support to cancel another ride. lots of time wastage
61edd351-3543-4ce7-a10e-8cfbf40da3d9,captain,2026-07,2026-07-16T14:41:51+05:30,1,5.84.0,9,long work less money waste of time and health 🙏
64229ab0-00c9-46be-9b26-81a033ceb14f,captain,2026-07,2026-07-16T15:27:31+05:30,1,5.84.0,31,"i cannot login my account,it's shows activate in 60 minutes but not activated.i raised an ticket there is no response.very worst I waiting for the Activation still now onwards."
ef24e011-d51c-4538-866c-bad2ee6d57e8,captain,2026-07,2026-07-16T17:08:39+05:30,5,5.84.0,49,"Great and Fast Service! ""I have been using Rapido for a while now, and it is incredibly convenient. The bike captains are very professional, polite, and always on time. The pricing is highly affordable compared to other ride-hailing apps. It's a lifesaver during peak traffic hours. Highly recommended!"""
dbe51084-a96b-4dd9-91a2-ec918d1cd5f2,captain,2026-07,2026-07-16T17:50:09+05:30,1,5.84.0,3,no use rapido
621931fa-34de-4f64-aaf7-8163ffa24b2b,captain,2026-07,2026-07-16T21:29:42+05:30,5,,10,how to add more than 1 car in rapido captain app ?
6137c214-32d8-4000-8078-9dfffe1816fb,captain,2026-07,2026-07-16T22:10:30+05:30,1,5.84.0,69,very bad రాపిడో. dont ఆన్ డ్యూటీ. not ఇంస్టాల్ చాలా తక్కువ వస్తాయి కిరాయిలు అండ్ చాలా లాస్ వెస్ట్ ఎవ్వరు రాపిడో ఇంస్టాల్ చేయకండి సర్వీస్ బాగుండంది alredy నేను చేస్తున్న చాలా లాస్ ఉంటది
403cf89a-875c-499a-ba31-04532078fefc,captain,2026-07,2026-07-16T22:13:21+05:30,1,5.84.0,6,this app is veri low cost
5ded9e9e-63d0-4a6e-b4a5-e592fdbf80ee,captain,2026-07,2026-07-17T11:20:15+05:30,1,5.84.0,37,"My documents were successfully verified three days ago, but my Captain account is still not activated. The app says that the account will be activated within 60 minutes, but there has been no update even after three days."
f15bd682-9244-4b49-84ee-266ac77621b6,captain,2026-07,2026-07-17T11:56:21+05:30,1,5.84.0,20,all documents uploaded and also verified from last 2 days also I'm raising concern but not getting any call or help
a55ffa19-2be4-4655-bfd2-3a7c2737e7e5,captain,2026-07,2026-07-17T12:17:52+05:30,1,5.84.0,82,"Rapido team, My request to you people to update the app orders not getting if we are in demand area and surge place also why this happening all of sudden it says your internet connection is low but my signal is clear it's is clearly the app mistake and yesterday waited morning the same problem happened and literally my 2 hours of time wasted because of this please try to update the app as you can get the rides were demand and surge"
0ac32327-c8fe-4829-844b-f2726e4f550e,captain,2026-07,2026-07-17T16:58:47+05:30,5,,9,midal class bhut acha kamane jayar india me good 👍👍👍
082cf710-348a-4ac1-bfa8-06158cb56048,captain,2026-07,2026-07-17T19:18:47+05:30,5,5.84.0,1,supar
2636e619-a053-4fe7-8b8d-c7770f45ec0d,captain,2026-07,2026-07-18T10:17:02+05:30,1,5.83.0,6,isse bada lutera koi hai nhe
b5760796-1afe-40e4-9ed0-0edd9b781c02,captain,2026-07,2026-07-18T10:42:14+05:30,5,,3,less kms showing
42e57b44-8a6b-4104-a431-516f080496bb,captain,2026-07,2026-07-18T18:15:25+05:30,5,5.84.0,2,Nice One
68677b55-51c8-41a9-a5ea-89c3651b24f5,captain,2026-07,2026-07-18T18:16:13+05:30,5,5.84.0,2,super benifit
4db3ca41-cd32-4e32-ab07-bdbc2fc80b7a,captain,2026-07,2026-07-18T22:08:49+05:30,1,5.84.0,4,rate is very bad
3bdd38f8-7144-45f2-bfba-0124b50cfe3c,captain,2026-07,2026-07-19T01:05:11+05:30,5,5.84.0,3,good ap rapido
88b62c2c-81b5-409e-adfb-357a374a3a33,captain,2026-07,2026-07-19T01:11:45+05:30,1,5.84.0,10,my I'd not login many time coustomer care not support.
3c5acfeb-b535-4299-afad-33afe38ed6cb,captain,2026-07,2026-07-19T08:33:56+05:30,1,5.84.0,5,map is not working properly
cf59bd7d-790c-4040-8dfe-13cf28bf79e4,captain,2026-07,2026-07-19T10:46:26+05:30,1,5.84.0,48,"Worst app fo rider and captain both, they are using a cheap navigation system. We also prefer best route but not shortcut or alley route. Your app always choose a worst route in cheap rate to grab customers, they also deduct amount from wallet as their own wish."
9ac2d98a-5dd6-4f8c-8d24-48ef21de6105,captain,2026-07,2026-07-19T20:20:51+05:30,5,5.41.0,2,good opportunity
1dc540a2-a2d8-4151-89ef-6380944aad12,captain,2026-07,2026-07-19T21:47:58+05:30,1,5.85.0,91,"Varanasi me Rapido Captain KA Shoshan kar raha hai. Plan ka rate increase hota ja raha hai lekin Rate kam karta ja raha hai jabki Petrol ka price badh raha hai. Customer se cancellation charge 10 Rs charge karke Captain ko 0-5 tak deta hai usme bhi commission kha rahi hai Company. Jaha pe high Demand hai waha bike boost service chalu kar de raha hai For Ex Railways station, Airports. Sara Rules sirf Captain pe lagu hota hai Customer pe koi Rules follow nhi hota hai complent ke bad bhi. Bekar Hai"
9eb4cf87-4c9a-4894-a608-49bb5116ae61,captain,2026-07,2026-07-20T00:24:53+05:30,5,5.85.0,8,please increase rate of ride in per km
2cd91fa4-2b13-4d02-8a99-ced975a7f0e0,captain,2026-07,2026-07-20T06:51:40+05:30,5,5.84.0,4,easy operating this application.
937d338a-12a7-4ac0-9f5b-1c15e529face,captain,2026-07,2026-07-20T13:00:01+05:30,1,5.84.0,30,"Rapido captain is not giving any good update, when do we get money in this and they have stopped food delivery even though they are taking ₹300 for subscription, still this"
027f0aaa-f701-490e-9db9-fa00e9524f4a,captain,2026-07,2026-07-20T13:36:44+05:30,1,5.54.0,4,Useless / Good for nothing.....
f8cd819a-eb05-4053-bff6-4b911191d28f,captain,2026-07,2026-07-20T16:23:08+05:30,1,5.84.0,16,very bad. I don't know how many days it will take for DL verification. worst experience.
20d17a15-812d-4d8f-b42d-3c661bbc67d1,captain,2026-07,2026-07-20T18:21:03+05:30,5,5.84.0,2,good job
b47e3d7a-bcee-46a7-ac78-c7303f736eca,captain,2026-07,2026-07-20T19:28:59+05:30,1,5.84.0,9,shareauto functionality is not working. unable to pause it
90ec1619-f70a-4af0-8f7b-191178d2d8ec,captain,2026-07,2026-07-20T23:16:34+05:30,2,5.85.0,62,"Hi Rapido Captain app developer, Please fix App vibration & Notification tone. I use Android 12 (realme Narzo 20 pro) each and every ride request it's vibrating a lot. I have turned off all vibration & also from notification, but still vobrating on new request.. please update immediately and fix this problem ASAP. & please add night mode or dark mode for battery save and night time."
841fc267-0b5f-41b1-8578-4c973b2cec11,captain,2026-07,2026-07-21T11:59:33+05:30,4,5.84.0,16,no fast order coming slowly order coming price in km lowest price petrol is rate high
ca815e49-5e40-403b-892f-63bec66fedeb,captain,2026-07,2026-07-21T12:20:36+05:30,1,5.85.0,44,worst app OTP dalte hi back ho Raha hai koi customer support nahi caption pareshan ho jata hai koi customer number nahi me 7 din se pareshan hu app me OTP dalte hi app back ho Raha hai mail bhi Kiya magar koi reply nahi
9951b0e9-4106-4b02-8251-6b111d2cae5e,captain,2026-07,2026-07-21T12:21:45+05:30,5,5.84.0,33,i am a rapido captain in the app the parcel delivery option is in review its saying rapido team is checking on your request we will contact with in 24 hours from past 7 days
6322fd51-e373-42e8-a0fc-0a739e62f195,captain,2026-07,2026-07-21T12:56:40+05:30,1,5.85.0,7,very bad experience not working this aap
adca5989-c17f-4582-85cd-0c6966e39eda,captain,2026-07,2026-07-21T13:35:40+05:30,1,,17,"the rental is already very low, but many more massages for extra duty, very worst driver app"
eaa9d8a1-bda5-4ea2-b399-fdfb4e76e7c3,captain,2026-07,2026-07-21T14:13:49+05:30,5,,4,super se bhi upar
31797cf2-f9f5-4c2a-8255-869539946ea8,captain,2026-07,2026-07-21T19:19:29+05:30,1,5.85.0,55,"first of all customers support not working, when we want talk to customer support the number is working at all. now a days rapido become worst, so I shifted to uber app. now a days there is no orders on rapido, if you are in high demand area. I don't no what they are doing"
26c70cbc-7fc7-4c2e-b94a-3602ada14f77,captain,2026-07,2026-07-21T22:32:28+05:30,5,,3,join karna hai
d4d25c59-6ae4-44d1-ba7c-3f55de6454b7,captain,2026-07,2026-07-22T00:19:49+05:30,5,5.85.0,15,My id suspension & just 2 min reply in me Nice rapido captain application in fast service
51456320-8396-4176-b512-58cbc8f62122,captain,2026-07,2026-07-22T03:22:28+05:30,1,5.84.0,30,"They banned me without asking for any reason—banning someone like me, who maintained a 4.8 rating on Rapido over eight years, simply based on 'customer trending' metrics, is terrible service."
12717f87-f35b-4408-a8c9-61b29d437b4f,captain,2026-07,2026-07-22T08:26:56+05:30,3,5.85.0,41,dear rapido team happy morning. i work for the past 1 year but nowadays I addressed one serious issue some captions use auto clickers and use multiple numbers and so he will get more orders and bulk orders . please rectify this issue .
a9f7e4ec-3bd4-41ef-9e82-0c9299fa5a6a,captain,2026-07,2026-07-22T13:37:21+05:30,1,5.85.0,7,am unable to login as am newbie
ddf8a44c-cc9e-4708-92a7-53c3c72152e7,captain,2026-07,2026-07-22T13:40:24+05:30,5,5.85.0,6,very very best app..auto driver's ❤️
e83e0c64-758a-4470-86ee-86318b335989,captain,2026-07,2026-07-22T16:39:34+05:30,1,5.85.0,35,"I am not getting cancellation adjustment, and rapido should also do extra rain fair charges so we can able buy a raincoat and can also enjoy riding in rain, please do this as night fair"
7f0552f8-2b62-4e5b-b76e-23ee0b2b6ed1,captain,2026-07,2026-07-22T19:45:05+05:30,1,,35,rapido captain ke liye company MP Jabalpur me sabse kam rate per right de rahi hai. jisse rapido captain ko itni mahangai mein Koi profit nahi hota . rapido company ko Jabalpur me rate badhana chahiye.
0004fa1d-843c-4358-9de9-1f5e85f62b7a,captain,2026-07,2026-07-22T19:52:33+05:30,1,5.85.0,17,rapido very Chip fare prodive rider this is not faire. i suggest you do not usage rapido.
24b6d539-315e-4cf0-8c1f-fd581ec09b12,captain,2026-07,2026-07-23T07:10:22+05:30,5,5.85.0,5,best app for fast delivery
6e4ea6f4-f3b8-4f24-ad3d-9795feb51531,captain,2026-07,2026-07-23T14:56:07+05:30,2,5.85.0,21,Es aap ko use krene se police vale challan kat rhe hai or a rapid vale koi help nhi kr rhe
e2f0d417-4b8b-4322-87a8-244b233c370b,captain,2026-07,2026-07-23T15:33:54+05:30,5,5.85.0,3,weri good supar
61a04cb2-c603-41d6-8e1f-e98b71fc59b8,captain,2026-07,2026-07-23T17:11:15+05:30,1,5.85.0,1,fraud 420
836e3ec2-e131-44c9-b800-580d0885f529,captain,2026-07,2026-07-23T19:34:35+05:30,2,5.86.0,14,not getting more rides.. if customer gives one star by giving Good service also
92402084-6eca-4bdd-9f04-424418fad919,captain,2026-07,2026-07-23T21:04:31+05:30,1,5.85.0,2,no duty
721963b4-9b81-4db1-a8b2-d8b97e583d7d,captain,2026-07,2026-07-23T21:52:48+05:30,4,5.85.0,7,it's not working in near calicutairport area
7618eedf-9538-4459-9698-7c208673f823,captain,2026-07,2026-07-24T06:58:51+05:30,5,,8,update your map system please only on folt
64073c23-0a02-489f-9fd0-47e120fc3f5e,captain,2026-07,2026-07-24T12:06:18+05:30,1,5.85.0,46,"customer keeps cancelling within few seconds after booking, yesterday around 6.15pm a customer did the same. I was moving towards pickup, customer cancelled and my account got suspended for 7 days. is it my fault? without any reason customer cancelled, even care support call is not connecting"
c735e36f-7990-4cbb-930d-ab9c4dad9f07,captain,2026-07,2026-07-24T16:11:25+05:30,1,5.86.0,6,This app facility is very bed.
6f44603b-6d7a-402f-80b3-ae4d73330c4b,captain,2026-07,2026-07-24T16:52:31+05:30,2,5.85.0,1,2u
2d64b950-35ef-4670-8bd9-3d74ca087971,captain,2026-07,2026-07-24T18:52:40+05:30,1,5.86.0,6,app is not working.. can't login
cfddc914-fdd9-4612-b456-d7191fb7a54a,captain,2026-07,2026-07-25T08:55:21+05:30,1,,5,low price not working correctly
687fe5ad-a467-4b8e-b662-e8e7b3f5a8d1,captain,2026-07,2026-07-25T09:03:39+05:30,1,5.85.0,17,i unable to activate my account on captiam soo please fix that problem iam trying from months
ffb9cec8-e5e6-4521-9585-ad4f209c849e,captain,2026-07,2026-07-25T09:15:08+05:30,1,5.85.0,6,poor service commission is so high
683427cc-29b1-4702-bbc2-184ea9040a3e,captain,2026-07,2026-07-25T12:00:17+05:30,1,5.85.0,39,I traveled Another city Location So Change my Location i Return back to my Registered location it couldn't Go On Duty I changed several times but it doesn't Work it shows Rapido service is not available in this Location
e6432cac-b45a-4cbe-9f31-2c98c8859279,captain,2026-07,2026-07-25T14:22:57+05:30,1,5.85.0,3,No safely Drive
522f381e-c93a-4fbf-9127-22ccb434ada9,captain,2026-07,2026-07-25T20:23:28+05:30,1,5.86.0,4,orders %commession very High
03bf0ee3-8cd9-4542-957f-fff3cb997d31,captain,2026-07,2026-07-25T20:25:17+05:30,1,5.86.0,10,very bad experience. not any hearing or solution for captain.
f8b703fa-06ae-4f9b-b645-31a27f5fd655,captain,2026-07,2026-07-25T21:07:06+05:30,2,5.86.0,30,Rapido Captain earns a very cheap amount we want to earn per k.m 10.rs but we earn only 7.rs per k.m very loss rides at this petrol price
cecd91f4-c3a5-4b9a-941c-97e0e729d804,captain,2026-07,2026-07-25T21:53:28+05:30,1,,6,very bad or frod food order
ecf6f473-4389-4728-82cf-ad781ef85bf6,captain,2026-07,2026-07-26T00:58:58+05:30,1,5.86.0,20,already 2 days completed but id is not generated till now only showing processing for 24 hours no response from customer care
c389573b-aa28-46fd-ae7b-62e68be1e900,captain,2026-07,2026-07-26T03:24:35+05:30,1,,25,at night this rapido is cheating captains because night if we didn't switch on the food orders also they are raining the food orders worst
d0e6e228-3b51-4a3b-b76b-07719e7e2683,captain,2026-07,2026-07-26T07:58:50+05:30,5,5.85.0,2,good job 👍
555417bc-5756-4427-84da-f184ed29ae0d,captain,2026-07,2026-07-26T13:25:36+05:30,1,,14,chandigarh me bike rider ko amount bhi nai krta h kitne ki ride h
648d1413-8606-43de-87b5-f52d7e80302d,captain,2026-07,2026-07-26T16:11:02+05:30,5,5.85.0,4,Good for additional income.
ccf31396-d91b-41db-ad80-87f1a9dd9373,captain,2026-07,2026-07-26T16:14:49+05:30,5,5.85.0,2,super ride
e4e6cfcc-3ba8-4a5b-a53d-58c0325829a6,captain,2026-07,2026-07-26T20:32:26+05:30,2,5.85.0,6,map is useless full sound issues
7095c71f-c9ad-4408-9fe2-d049c6f7c1c4,captain,2026-07,2026-07-26T21:19:51+05:30,1,5.86.0,73,"Very disappointing experience with Rapido. I joined because of the advertised Minimum Guarantee, but after working full days for two consecutive days, I earned only ₹100 and never received the promised guarantee. If there are eligibility criteria or hidden conditions, they should be clearly disclosed before drivers start working. Please don't rely only on promotional claims. Read all terms carefully before joining. I hope Rapido becomes more transparent and fair to its driver partners."
6aa1deb6-f010-445e-b9d9-ba5c1b825fd9,captain,2026-07,2026-07-27T08:50:02+05:30,5,5.86.0,7,Best Earning Money 💰 No boss No Jhanjhat.....
2ea89ed3-65e8-4998-8569-ad30214a5430,captain,2026-07,2026-07-27T18:36:11+05:30,1,5.86.0,28,"I think even 1 star is far too generous. The way they treat their captains is terrible, and calling customer care is nothing but a complete waste of time."
a5c8aa34-2a65-44e9-b184-20eb14c6c2ea,captain,2026-07,2026-07-27T18:44:28+05:30,5,5.86.0,16,people say they do nothing but dear rapido make a platform were you connect and earn
a18da86b-bb7b-40e6-9532-62a2844bafaa,captain,2026-07,2026-07-27T18:46:18+05:30,1,5.84.0,5,"worst experience, worst contact support"
c43b7907-35d1-4728-a53e-1bafe85a1d7b,captain,2026-07,2026-07-27T21:19:22+05:30,1,5.86.0,3,weast of time
c43694e6-bdb5-43ab-93ab-5091d468d4ea,captain,2026-07,2026-07-28T00:15:19+05:30,5,5.85.0,14,good app recently i have used to make a partime earn process it's good
eb4a17c8-1c5c-4466-8d1b-fd850720e0b5,captain,2026-07,2026-07-28T07:12:17+05:30,5,5.86.0,4,ride acchi aati Hai
71c78e32-f7ca-4f51-af47-065f572229aa,captain,2026-07,2026-07-28T11:59:44+05:30,1,5.86.0,31,"very low amount given in Trichy location, 5rs per km, no incentive, no surge amount, petrol and commission poga onnum minchathu . Chennai location ku mattum 12rs per km + incentive. not pair"
54a41f83-1e99-4c50-b921-2aed983a2d55,captain,2026-07,2026-07-28T12:43:08+05:30,3,5.86.0,17,rapido was not give rain surge other apps give it toh riders plz give us rain surge
4a672303-fc3f-4c69-ae5d-d3606fb20c6b,captain,2026-07,2026-07-28T13:13:57+05:30,2,,21,they are messaging me like you 10000 loan but there is no loan option in app how will I get the loan
d73405aa-2fdf-4a15-b998-e58990c3a0bc,captain,2026-07,2026-07-28T14:31:11+05:30,1,5.86.0,3,low rate card
dc33db84-6242-4c4f-a862-f0f1ed08368c,captain,2026-07,2026-07-28T14:34:07+05:30,1,5.86.0,18,petrol ka dam badh raha hai or repido wale har roj paisa ghata rahe jaiye kaha insaf hai
2a1315f8-4d4f-41e4-b0f4-349bf0aaa87e,captain,2026-07,2026-07-28T15:19:09+05:30,1,5.85.0,9,mene to is aap ko band hi kar diya
c08a2d1c-0d5d-4fc5-9f09-bba84317fa45,captain,2026-07,2026-07-28T19:41:29+05:30,4,5.85.0,3,app permission good
84969d7c-dbdc-402e-87ff-1cb6304c8c0b,captain,2026-07,2026-07-28T20:10:42+05:30,1,5.86.0,11,"long pick up long drop but amont 20,25rs very poor app👎"
cd95c650-ced2-45d1-be00-50d62c52b544,captain,2026-07,2026-07-28T20:16:11+05:30,1,5.85.0,8,"not for daily needs, not sufficient rides here (("
30ec392e-8c8d-4b11-927f-0be7be955ead,captain,2026-07,2026-07-29T20:45:56+05:30,1,,39,"ഡ്രൈവർമാരെ ഉറുമ്പിച്ചിട്ടല്ല Uber നോടും ola യോടും competition ചെയ്യാൻ, കഴിവില്ലെങ്കിൽ കളഞ്ഞിട്ടു പോടാ തയോളികളെ."
01236b51-5e91-46a5-8a18-3b89a50a21e7,captain,2026-07,2026-07-29T23:33:07+05:30,1,5.86.0,18,"account activation/ verification takes more then 5 days, 3 tickets was rising for account verification, no response for the team."
c9abcc1e-8928-4613-b0b6-8717556ba323,captain,2026-07,2026-07-30T05:40:09+05:30,1,,15,to much waiting for ride.... and fake Oder... no incentive and no give good fair
108357a0-6acb-454a-8446-c41defcde984,captain,2026-07,2026-07-30T06:30:48+05:30,1,5.86.0,22,"Dear rapido team, not getting orders, iam using gear vehicle please don't separate vehicle wise ex: scooty rides are ladies riders etc..."
e3dd9d9c-fbf3-4336-9a9b-313fe60e1666,captain,2026-07,2026-07-30T11:08:21+05:30,1,5.72.1,16,"Bhut bekaar app h, Paise itne kam deti h koi bhi rider khush nhi h isme"
ca48fccd-6488-4692-826b-c5a11aae78ce,captain,2026-07,2026-07-30T11:54:22+05:30,1,5.86.0,6,no order rapido is waste app
ce5d88ef-7321-4af2-bc42-68feb1ad7327,captain,2026-07,2026-07-30T13:54:16+05:30,1,,7,I can't register my id as raider
0d36427e-2b64-46c8-96b7-a286f94e9e05,captain,2026-07,2026-07-30T23:59:29+05:30,1,5.86.0,39,"The worst app, better not to use it for drivers. If you want to earn money with a bike taxi, it's better to go with Uber. Rapido is taking too much money from riders. Please use UDER DELETE rapido"
398cb6a1-486f-40b0-99b9-b6bbee24b6c2,captain,2026-07,2026-07-31T00:49:25+05:30,5,5.86.0,52,"Rapido team' I am working as a rapido captain .for past 8 months , in my rapido captain app not showing my plan section, I will call 7 to 8 time in costomer care he didn't solve my issue show what I will do to show my plan section any on now this please help me.."
88e7d198-ce8f-4865-b205-7467686d7ea4,captain,2026-07,2026-07-31T03:24:26+05:30,1,,10,very bad earnings Itna Kam Paisa Kon Deta Hai Yrr
bb1162be-bcee-45ae-92de-5b0522efed9b,captain,2026-07,2026-07-31T08:50:57+05:30,1,5.86.0,5,customer care doesn't respond properly
e5d87e21-d74d-4381-9523-dbd7a8f3f734,captain,2026-07,2026-07-31T10:40:34+05:30,1,,11,cancelled by customer but why my rating is down. fix this
27b5f18d-7200-4a6c-8c39-522b96fe60dc,captain,2026-07,2026-07-31T14:22:40+05:30,1,5.41.0,28,bad experience rider wrong penalty lagate he pluse Har ride pe comission ka plan lene bavjud pesha har ride pe kat te he bahut rider ko lutti he
b92ac238-74f7-44e7-92c5-b52e3be548aa,captain,2026-08,2026-08-01T09:07:28+05:30,1,5.86.0,2,bed service
410660eb-60d0-46fd-9d6f-584d4582d241,captain,2026-08,2026-08-01T09:42:59+05:30,5,5.87.0,1,Excilent
cfb285ca-e166-4b3b-aaf7-badf69839c33,captain,2026-08,2026-08-01T09:48:51+05:30,1,5.86.0,3,worst rapido captain
c7416282-5692-4109-9cbb-86c843ec2a51,captain,2026-08,2026-08-01T12:05:28+05:30,1,5.86.0,1,Bura
2615cd50-fb6b-44c7-9389-5c7fb92badba,captain,2026-08,2026-08-01T13:07:32+05:30,1,,4,paisa Kam shore jyada
9df53109-acf5-41ce-bbe6-d672d6a36a6f,captain,2026-08,2026-08-01T18:14:13+05:30,1,5.86.0,20,worst app customer care not responding customer service agent talking to very rudely Uber is best don't use rapido captain
8754afce-a254-4d1f-a1c5-c4e50c5aeeb1,captain,2026-08,2026-08-01T19:09:27+05:30,5,5.86.0,6,rate card kb badega varanasi mai
e8a4a53f-9945-4259-9c35-2b68ab3aca9e,captain,2026-08,2026-08-01T19:19:32+05:30,1,5.86.0,23,sab se gatiya app hi dariver ko din din bhar me 100rs kam deta hi Or 25rs plat from fiss kat ta hi
440719b1-17b1-455f-a1a4-4cc54ab05276,captain,2026-08,2026-08-02T01:31:35+05:30,5,5.87.0,3,order not received
b70dd8cb-0efe-4515-b73c-22bd705f9fab,captain,2026-08,2026-08-02T18:23:37+05:30,1,,24,company chor hai customer paisa nahi de tho company koyi support nahi karti bolti hai aapka metter jase paisa lena ho lo chor company
d36358dd-dc68-47ad-8cee-90d9620a1e45,captain,2026-08,2026-08-02T19:58:44+05:30,5,5.86.0,16,The distance fare for all bike and parcel deliveries has been updated to ₹10 per kilometer. please 🙏.
c43446fc-7241-4719-9a7f-defc011f27ce,captain,2026-08,2026-08-02T22:55:32+05:30,3,5.86.0,2,not good
5bfc48ea-9e48-4783-b195-e31c4a7213f3,captain,2026-08,2026-08-03T09:11:47+05:30,1,5.87.0,17,google map or repido ke map me km ka diferente aata he kam batata he ye km
84826ffe-9a87-4e5e-96a0-0b9f0b658c24,captain,2026-08,2026-08-03T09:14:09+05:30,5,5.87.0,15,satna price is low ride for rider but rewa price is high rewa ride satisfied
d5311648-47a0-461d-bcfa-c88913a9660c,captain,2026-08,2026-08-03T11:27:35+05:30,2,5.87.0,165,"सेवा में, प्रबंधन टीम (Rapido), हम रैपीडो ऑटो ड्राइवर्स कम किराए और बढ़ती महंगाई से बहुत परेशान हैं: बढ़ता खर्च: CNG ₹85/किलो, इंजन ऑयल ₹350/महीना और ऑटो मेंटेनेंस ₹3000-₹3500 हो चुका है। इसके मुकाबले रैपीडो का किराया बहुत कम है। 2 KM फ्री पिकअप: पैसेंजर को पिकअप करने 1.5-2 KM बिना किराए के जाना पड़ता है, जिससे गैस और समय दोनों बर्बाद होते हैं। नो इंश्योरेंस: ड्राइवर्स के लिए दुर्घटना या स्वास्थ्य बीमा की कोई सुविधा नहीं है। हमारी मांगें: प्रति KM किराया (Fare Rate) तुरंत बढ़ाया जाए। 1 KM से ज्य"
ac6ecdab-3117-44fc-a220-0e2ec05e7673,captain,2026-08,2026-08-03T13:38:29+05:30,1,5.86.0,2,Total Extortion.
c8c9e202-f135-442b-b9b4-df819e113e07,captain,2026-08,2026-08-03T18:25:08+05:30,1,,26,in rapido rainy season they will not take a ride from 1 ya 2 hours trying to book the but they are not taking rides what's the problem
c5ad3b71-f98f-4b44-8288-b96658e8cc88,captain,2026-08,2026-08-03T18:40:23+05:30,1,,6,bahut hi ghatiya customer service hai
93c43629-483b-4073-b233-db43bf49bd8e,captain,2026-08,2026-08-03T19:08:54+05:30,1,5.86.0,7,Motihari bihar 845401 pe amount bahut kam hai
546660f9-2634-4e7d-a7de-8c76cd8b2695,captain,2026-08,2026-08-03T19:13:20+05:30,5,5.87.0,27,1. Safe rides for captains and customers 2. App is short and sweet to use 3. Petrol expenses are manageable 4. Good earning opportunity 5. Gives varaperasatham for low class people too
f30a520a-a374-4363-a302-b43437782148,captain,2026-08,2026-08-03T21:10:37+05:30,5,5.86.0,22,it's a good app to earn money in part time and full time the app is too smooth and easy to handle
96f48189-a58a-4064-ab9a-d882eea9370e,captain,2026-08,2026-08-03T23:40:22+05:30,5,5.87.0,55,Ye aap bhut hi achha hai is se income bhi aachhi hoti hai or sath me incentive bhi milta hai jis se income jiada hoti hai mere hisab se ye aap bhut hi achha hai is se sabhi ko aachha income krne ka avsar prapt hota hai is ka sabhi Ko labh lena chahiye. Dhanyawad
226fff1c-eb9c-45ba-b090-b7aeb35b35ce,captain,2026-08,2026-08-04T03:10:30+05:30,3,5.87.0,25,"long pick 1,2 k.m when customer cancel give fix 20 and pick per k.m 7 k.m and pick to drop location 10rs per k .m ."
d755acd7-7bfb-4539-b8c1-3b5f8d934fd3,captain,2026-08,2026-08-04T10:22:11+05:30,1,5.87.0,35,rapido wale Ne bhada badhane ki jagah ghata diya hai isliye koi bhi vyakti rapido captain insttal na Karen. rapido walo tumko sharm aani chahiye. riksha Wale Ko lootane ka dhandha banaa Rakha Hai aapne.
a6b48cb7-e3b0-4a08-94eb-fa5de32ed92d,captain,2026-08,2026-08-04T12:35:03+05:30,1,5.86.0,5,bakwas app castmare care bad
57a72306-42aa-4426-8a6c-a0797fb2df1a,captain,2026-08,2026-08-04T13:10:33+05:30,1,5.87.0,64,"commission is very high. we have fuel cost , servicing cost. comparing with today's situation, commission and deduction is very high, because of that we don't get good money (earning) . sometimes we may get loss also . and rapido removed 17 rs (19rs for some) subscription per day which was little bit better than another commision options. so i am thinking to quit rapido (tata bye bye) ."
01e530eb-716e-4779-9b4a-8d36ee45a15e,captain,2026-08,2026-08-04T17:29:25+05:30,1,,5,low price 😔 😔 service not good
fd45dd13-ec1a-465c-a615-76135936bbbb,captain,2026-08,2026-08-04T20:28:57+05:30,1,,17,The fare is very low. The fares of other bike taxi apps are much better than Rapido.
66a4f50c-5cdc-4aa3-9f7a-0900f6e70285,captain,2026-08,2026-08-04T20:31:46+05:30,1,5.87.0,4,Food Is deactivated why??
d1f56cc9-9fb3-4368-a82e-14f7a758853b,captain,2026-08,2026-08-04T23:51:35+05:30,1,5.87.0,50,veedu starting lo 30 per kM Annadu eppudu em ledhu e rapido falthu gadu non A/ c A/c evadu Adigaru ra ninnu non A/c kavalani falthu kodaka car ki viluva lekunda chesav lan......kodaka base fare lekunda chesav dongana kodaka airport ki 500rs sigguleni bhadakav chillara na ko......ka
8a96ed23-2928-4bfa-a601-29d55928990f,captain,2026-08,2026-08-05T00:18:13+05:30,5,5.87.0,110,rapido bahut acha hai mai bhi kam karta hu aur mare jetna dost sab log kam karte mai bhi jaanta hu ki Mera ghar bhi acha cal raha mai kabhi bhi chalu karta hu mujhe na asa lagta hai ki mai aur kam n karu kyu ki etna acha lagta ki mai kyu bolu aap log bhi kam kare mai bhi acha kam karu bus ak rikwst hai kam kane k time par phone se bat na kare kyu ki achi baat nahi kyu ki aapka fhamli aap ki wajah se problam n ho abhi kam karta mai bahut khush rahta hu aur mera pura family bhi khus hai Thanks
0426833f-6315-4edd-b933-a1ae8a2064e3,captain,2026-08,2026-08-05T08:43:35+05:30,1,5.87.0,33,ghatiya service and no customer sports low price rides or or mera account suspend kr diya h or kehre h ki m offline ride leke jara hu 😂 ghatiya app don't use this application
f2f75e8f-b5ce-4b24-80c3-b49358e18081,captain,2026-08,2026-08-05T11:31:48+05:30,5,5.86.0,8,very Useful to Learn new Things daily routine
f10a77dd-38fd-4593-9b64-2ef40c3c6afc,captain,2026-08,2026-08-05T15:00:12+05:30,1,5.87.0,6,worst app this is cheating app
5d0b34be-0344-497e-af0d-ffa49289924a,captain,2026-08,2026-08-05T18:51:22+05:30,1,5.87.0,21,bahut gande type ya bolo to chirkut customer aate he is app par very bad experience me jyada ride nhi leta
34ee9973-d8f9-40f5-bc45-4b65d9f6534a,captain,2026-08,2026-08-05T19:22:00+05:30,5,,42,"Dear Rapido, In Bangalore the rapido taxi is banned by RTO and some auto driver's. any action taken place from your side. This was an employment and easy to go quickly. kindly take necessary action as per court directions and update quickly.."
69e71850-6e10-42c2-9b70-7d5c4aff7869,captain,2026-08,2026-08-05T20:29:39+05:30,1,5.74.0,5,worst app in the world
aceee0e0-9fd5-4c5d-b14a-31759cf0e06f,captain,2026-08,2026-08-05T20:56:05+05:30,5,,10,HELPING APP AND EARNINGS THANKS FOR RAPIDO TEAM AND FOUNDERS
c9f82b6b-b65e-43b9-9ea2-b88a7f6c8443,captain,2026-08,2026-08-06T00:53:22+05:30,5,5.87.0,39,"it is a very good company it takes good care of both the driver and Customer.. But ?????? There is some problem Related to the Bike For the Customers .... ********Solution ******* ,,,,,DRESSCOT... COMPULSORY RAPIDO BIKE this will keep the Customer Satisfied"
401730b0-1080-49ca-a6b2-f6b974e36fb9,captain,2026-08,2026-08-06T05:22:40+05:30,2,5.87.0,15,bangalore government is seizing our bikes and banned bike taxi. what action you will take
b572dc8e-115e-459e-b80a-e05ab180167a,captain,2026-08,2026-08-06T06:57:46+05:30,1,5.86.0,4,bohot comition khata hai
729099ad-bb93-4fb9-bed3-a2e19ed05628,captain,2026-08,2026-08-06T08:28:48+05:30,5,5.87.0,21,very good platform for more earning money.i am very happy to use this app.i heartfully trusted this app service.
1744c098-aeca-403a-83d4-9fab2d7ee051,captain,2026-08,2026-08-06T08:29:47+05:30,1,5.87.0,23,this app commission is so High please don't use if you want to do work please go for Uber it's better than repido
55700a77-1f35-438f-86b7-b242988fa884,captain,2026-08,2026-08-06T10:46:13+05:30,1,5.87.0,15,apne per/km rate sudharo...nahi to aisi hi rateing milegi...abe bhai Kab Sudhroge????
95020c58-38df-418e-a6e1-21e15f13074e,captain,2026-08,2026-08-06T14:06:18+05:30,1,5.87.0,5,not sat rait fraud company
a8a516f1-5729-4c89-830a-82da4450f981,captain,2026-08,2026-08-06T15:48:16+05:30,3,5.87.0,27,"some time app does not work that mean ,navigation speaker, navigation arrow ➡ mark where I am in, where I am going not give properly confusing that time"
36e1c090-b4e0-4d6c-b225-c9b46b38091d,captain,2026-08,2026-08-06T21:38:52+05:30,1,5.87.0,57,i am a rapido captain many time when I reach customer location as rapido map navigates customer then push arrived and call customer they ask to come another near around location and when I ask pls come on location of pickup they just behaves rude nevertheless I have to wait for them till then not cancel orders
4413b890-a236-45b2-87f8-f7e2aa8ab34f,captain,2026-08,2026-08-06T21:43:44+05:30,1,5.87.0,2,not safe
a81c962a-64e3-492a-9af9-20602abcfc72,captain,2026-08,2026-08-06T23:51:06+05:30,1,5.86.0,38,repido app is very bad driver bhaio mate rate ocho ape se nathi kamani karva deta 25 rupiya key che apta nathi rate etle app is very bad taxi bhaio mate chutya jesa kam kar rahe he repido vala
7c773830-22da-4400-8797-4185e7393d33,captain,2026-08,2026-08-07T11:34:26+05:30,1,5.87.0,24,"Bahut Sasti Trip dikhata hai, Koi vanda 3.5km lene jaye aur uske baad 4.5km drop kare uske baad 33₹ rupees kamao, va kya seen hai 😡"
492ef2a9-41f6-4d5f-9f6d-933c14af9b42,captain,2026-08,2026-08-07T11:43:34+05:30,1,,27,"poor customer service, if u call customer support for any assistant they did not listen ur problem they only saying un necessary words specially female customer support"
b933ffab-e2d7-4756-8188-1ab202403588,captain,2026-08,2026-08-08T00:39:41+05:30,1,,14,have to improve driver map too much trouble for drive always showing long route
32b57ec8-c86b-4ec9-87dc-e2a30af1da35,captain,2026-08,2026-08-08T01:11:01+05:30,1,5.87.0,78,"Very disappointing and worst app. Maps are not accurate, and the biggest issue is Work Zone payment. If it shows ₹12/km, we are not getting the same amount for rides. Whether Bike, Bike Boost, or Bike & Metro, the promised rate is not properly paid. The worst part is customer care—call or email, there is no proper solution. Captains work hard, spend fuel, and follow the rules, but still don't get the promised payment. Really shameful and unfair."
9e54002c-7de7-46d5-9c81-c7ed4717a68d,captain,2026-08,2026-08-08T06:43:04+05:30,5,5.87.0,4,super rides in guntur
5784dad7-08ee-421d-9420-1ccceff880ef,captain,2026-08,2026-08-08T09:46:57+05:30,1,5.87.0,17,please add only delivery option separately bcz in Bengaluru bike taxi is stop so please add this
b3fabcae-7e0c-4250-a9cd-727c29764917,captain,2026-08,2026-08-08T13:43:56+05:30,2,5.87.0,10,app a kaj korta parche na ki kora jay bol
093af6a9-9eb6-4d92-b541-b9b8d5b38d30,captain,2026-08,2026-08-08T14:48:52+05:30,1,5.87.0,9,customer care very bad experience not at all supportive
bb58a9f5-31d7-4a5d-87ba-b54d18ec340a,captain,2026-08,2026-08-08T18:03:32+05:30,5,5.87.0,4,best app on top
e1e30253-2c9c-4215-afe7-f289d09e83f4,captain,2026-08,2026-08-08T18:46:04+05:30,2,5.88.1,20,bahi app lo apne risk per install kare kyu costmure support services bahut kharab hai phone hi nahi lagta hai
3ef19d11-25cf-42ea-8802-b8062d60a0f0,captain,2026-08,2026-08-09T00:11:44+05:30,3,5.87.0,22,main rapido main 4 saal se kaam kar raha hu waise to thik hai sab isme par plan change karne problam hoti hai
deffdd47-a8ed-4b70-afe7-6a4bb057e766,captain,2026-08,2026-08-09T14:39:59+05:30,1,5.87.0,6,ride nhi milti hai time se
8c855482-10d8-4af5-82f8-e7344c10b3be,captain,2026-08,2026-08-09T14:51:01+05:30,1,5.87.0,6,rapido captain is not responsible company
f3a941e9-ae82-43fe-ac0d-22237cc9d641,captain,2026-08,2026-08-09T15:27:37+05:30,1,5.88.1,12,Rapido commission is too high worest experience don't use uber is better
b6d4abb1-1b7f-49b3-8a58-9d041c88a3cd,captain,2026-08,2026-08-09T15:49:03+05:30,3,5.87.0,9,very worst sometimes like issues and updates on rapidooo
010db043-1a79-459c-ae1a-49e0d09c8149,captain,2026-08,2026-08-09T18:49:13+05:30,1,,2,bad response
05dc2a90-4707-485a-9fbe-a78e294ca6d3,captain,2026-08,2026-08-09T23:51:51+05:30,1,5.87.0,10,the company is real fraud scamming both riders and captains
353e1ee9-debf-41cb-a0e9-8a71f5551c5d,captain,2026-08,2026-08-10T00:55:35+05:30,5,5.86.0,5,thanx rapido give safe life
efb9201f-2d5e-40bb-a3d1-384e7938037c,captain,2026-08,2026-08-10T05:26:50+05:30,3,,52,very bad experience with voice alert for navigation. it's must have voice navigation notification for riding because its not Amway's possible to see map on screen in rainy season. please improve google map compatibility. also do something for share location on e scooter navigation. it will be more better for fast navigation
39bd7a44-fd19-4d57-a5b3-01655accc6ff,captain,2026-08,2026-08-10T09:48:57+05:30,1,,7,not good repido captain aap bad aap😤😤
6ddb606c-df44-4e86-ab19-c5249771b8d2,captain,2026-08,2026-08-10T14:40:21+05:30,1,5.87.0,37,"display override karva ke permission lekar is app Ne khoon Pi liya, display per kahi bhi touch karo Inka app khul jata hai, jabki Maine app off kar diya, phir bhi zabardasti notification ati hi rehti hai.😡"
57bf7b90-48d7-4ba8-8e85-c752a8872e35,captain,2026-08,2026-08-10T14:51:24+05:30,1,5.33.0,52,లంగ ఆర్డర్స్ ఇస్తున్నాడు. వెస్ట్ నా కొడుకు. km కి 10 కూడా ఇవ్వడం కస్టమ్ అయ్యింది వాడికి..west rapido. 12 రూపాయలు ఇస్తూ వెంటనే 9 చేసాడు..మళ్ళీ నా లౌడలో జోన్ అంట..
c1bd433a-671f-4602-becf-18d69d3eb383,captain,2026-08,2026-08-10T16:31:16+05:30,1,5.86.0,23,km कम बताता है ऐप और राइड आने पर पैसे नहीं बताता कि कितने की राइड है 😡
7076c4ba-f1f3-4df3-95c9-1d8747004f9e,captain,2026-08,2026-08-10T17:40:05+05:30,5,5.88.1,2,nice driving
3b192080-dd90-4091-8218-dc0a96018931,captain,2026-08,2026-08-10T17:50:10+05:30,5,5.88.1,2,I'm happy
215010be-3432-419e-8e21-a5d5bdc83df6,captain,2026-08,2026-08-10T18:49:57+05:30,1,5.87.0,46,"captain safe nahi hain ,ek hi order sabke pass lagta h ,aur kabhi kabhi ride karte hue road ka beech main bhi booking lag jata hain it's very dengerous and jab rapido start hua tha tab system thik tha. ..abhi nahi abhi dangerous ho gya hain"
e3d4080a-d794-458a-b868-dc035c1b62e8,captain,2026-08,2026-08-10T20:06:23+05:30,3,5.76.0,7,go to option must give what requested.
68beca93-8b92-4c96-876b-e04e7298ef6e,captain,2026-08,2026-08-11T06:23:40+05:30,1,5.87.0,24,chillar job... you can't make money all will be gone in petrol and nothing gain.. only rapido makes money they made captain a donkey
999ce311-83cf-4f58-a649-3a536eaa8a83,captain,2026-08,2026-08-11T06:25:37+05:30,1,,4,very bad in rapido
0db51b57-402a-4cd0-912d-69098662db1a,captain,2026-08,2026-08-11T12:14:12+05:30,1,5.87.0,4,bekaar app he bakvash
04a2ef6e-4372-4b6c-8f5b-70c3b42efe26,captain,2026-08,2026-08-11T12:49:33+05:30,1,5.88.1,24,"When I log in to the app using my number, I receive the OTP, but as soon as I enter it, the app exits."
3ff688e3-b2f6-496f-a965-4d9361ac5a20,captain,2026-08,2026-08-11T13:43:19+05:30,1,5.87.0,2,fraud company.
657f9ed6-e16c-4324-9f78-733e9306c005,captain,2026-08,2026-08-11T15:15:54+05:30,1,5.88.1,40,"When I first joined Rapido Captain, I received regular ride requests. However, after increasing my online hours from 2–3 hours to 5–6 hours a day, the number of rides gradually decreased. Now, I often stay online for hours without receiving any ride."
9be062a5-2643-41b3-8942-823232fdb63e,captain,2026-08,2026-08-12T09:17:57+05:30,1,,55,worst customer support I've done a ride it is shown amount collected online but amount not added to my wallet after calling support team they are saying to collect amount from customer if the payment is failed it should be shown in the app Right worst support team they always ask for without resolving issue
b9b64ec5-cf97-4946-bdbf-d852f259a1e6,captain,2026-08,2026-08-12T10:43:06+05:30,1,5.88.1,2,not speed
0172ba03-ad1c-4cce-b3f7-ace3a648739e,captain,2026-08,2026-08-12T13:22:35+05:30,1,,43,customer support is not available in emergency time and also there is 9 five star rating just 1 is for one star rating then totally changed performance down. why just listen to riders side tho. and it couldn't refreshed at after 10rides. worst service ever.
5f38d8e2-7576-43d6-8b5d-cbeb55c1f067,captain,2026-08,2026-08-13T07:04:37+05:30,1,5.88.1,52,"Taking High commission..not giving incentives ..when we start the ride that day only incentive from next day they are removing incentives ,we will working in sunny , traffic ,in all situations but .rapido taking from drivers as well...see for captain hardwork also ....we are earning 100's,but rapido owner earnings crore's ,,"
19416798-5e0b-4329-a356-1119082ac0f9,captain,2026-08,2026-08-13T09:44:44+05:30,1,,5,not good for a driver
8f72794f-6555-4c37-8c17-3885f1968d0a,captain,2026-08,2026-08-13T16:21:18+05:30,1,5.87.0,10,very bad service.and customer care no response . worst appa
1c4db9e0-6215-4906-9507-fbac64b35678,captain,2026-08,2026-08-13T19:35:05+05:30,1,,46,"wrong penalties 😡😡😡😡 1 Month Experience acha tha lekin abhi bohot problem face karni pad rahi hey. Quick customer care support nahi , 2 Dino se problem face kar raha hu , toh bhi koi quick response nahi , coustomer care ko bhi phone nahi lagta .... uske baad wrong penalties lagana ...all 🥵😡😡😡😡😡😡"
91788f33-7a3e-40e0-81be-a9f7ff96743a,captain,2026-08,2026-08-13T22:37:27+05:30,1,5.88.1,12,5.5 per km is very low plz increase at least 10 rs. per km
e448fa06-5ae7-4db7-8500-174a2c41c3d4,captain,2026-08,2026-08-13T23:27:25+05:30,1,5.87.0,5,rate pathalapa romba vaithula adikira
1395e981-7602-4345-9b92-554af376bd2e,captain,2026-08,2026-08-14T00:34:10+05:30,5,5.88.1,3,fude delevri onli
e51fdfac-27c6-4507-9585-4604fc5e3d3c,captain,2026-08,2026-08-14T02:20:14+05:30,5,5.88.1,12,very helpfull this is right job for full time and part time
0376c027-fc42-4fff-a456-3bde7cc41f0b,captain,2026-08,2026-08-14T12:19:51+05:30,1,5.88.1,74,जब आप पार्सल लेके जाते हो तो कोई कस्टमर सपोर्ट नहीं मिलता है कस्टमर का एड्रेस गलत होने पर कस्टमर को डिलीवर करने के लिए इसका एड्रेस 5 किलोमीटर दूर है फिर भी उसको ऑर्डर को डिलीवर करना पड़ता है दूसरा कोई ऑप्शन नहीं
82b6d521-48e1-4667-a7ab-e08792761150,captain,2026-08,2026-08-14T15:59:55+05:30,5,5.88.1,9,best app supporting for the caption i recommend it
251dd406-220c-496f-86b6-9cb78325618c,captain,2026-08,2026-08-15T01:21:25+05:30,5,5.88.1,29,dear rapido please ev scooty keliye option lao. bohot sare rider he jinke pass DL nehi he but rapido parcel me kam karna chahte he. please note my feedback
40bad330-299e-491c-b870-ec3f14a752bb,captain,2026-08,2026-08-15T10:48:02+05:30,1,5.88.1,4,no subscription no profit
03e23387-4f58-44f0-9401-57b0c2f1b17b,captain,2026-08,2026-08-15T12:40:00+05:30,4,5.86.0,5,App didn’t downloading in iPhone
0f7be149-fea3-460a-8ce3-1532dc4c0776,captain,2026-08,2026-08-15T14:47:05+05:30,1,5.88.1,31,this app is the worst app for earning because the customer care service is not good and they say that they have automatic system for cancellations amount but they don't have
55648258-fbb6-43db-9d14-4697d2807047,captain,2026-08,2026-08-15T14:51:16+05:30,3,5.88.1,47,I want to give 5 on 5 but there is a problem. When we take order it doesn't show how many peoples are there in the order . overall it's good but I request to rapido please add a option of quantity So we could see the number of peoples
f23641e4-b8ef-4f5f-b727-41861bc1b7ee,captain,2026-08,2026-08-15T18:42:10+05:30,5,5.88.1,2,always good
a881a30c-ffb0-498c-8c5f-ddfc080dfc2a,captain,2026-08,2026-08-15T19:42:51+05:30,1,5.88.1,6,Ford app no license illegal run
eff2b638-9063-410d-84c2-142030ec067a,captain,2026-08,2026-08-16T08:47:08+05:30,5,,8,this app is very good app and favourite
21760158-acb8-4a65-9a72-2fc304004245,captain,2026-08,2026-08-16T13:53:02+05:30,1,5.88.1,23,As a captain I am facing some problems in rides... Where I hv to share... please provide customer service in rapido captain app....
6caa15bd-b330-41b4-aef3-0f9cba0d7821,captain,2026-08,2026-08-16T17:24:52+05:30,1,5.89.1,39,One of most worst app. Commission to much high from other app. Wrong KM showing in order. KM rate to much lower then other app. Day by day subscription charges is to much increased. customer care people are inefficient.
724d6609-0e16-493f-b9c0-ef7e99e5a9a8,captain,2026-08,2026-08-16T18:41:32+05:30,1,5.88.1,27,very worst waste of time useless 👎 only for fleet owner benefits by this app not for single vehicle owners don't use this app for single vehicle owners
4a331f57-4791-4614-bced-a8a156216ca9,captain,2026-08,2026-08-16T19:16:30+05:30,5,5.88.1,4,good rapido you job
62f6e50e-274e-4c39-b5ce-5ce1e536cf84,captain,2026-08,2026-08-17T00:36:54+05:30,5,5.88.1,40,rapido ରେ ମୁଁ କାମକରି ବହୁତ୍ କିଛି ପଇସା ଲୋକଙ୍କ ସହ ମିଶିଛି ଆଉ ଭଲ କାମ ଆପଣ ବି ପାର୍ଟ ଟାଇମ କରି ପାରିବେ 💯🙂🎉 ମୁଁ କଟକ ରେ କାମକରି ହିମାଂଶୁ
2c3eacba-bdd1-4aff-b6ba-9e9ea61479f1,captain,2026-08,2026-08-17T09:05:58+05:30,2,5.88.1,4,no customer support available
14f1d1a1-a4c5-4784-8f92-0623fde55acd,captain,2026-08,2026-08-17T15:42:42+05:30,1,5.89.1,5,rapido apni rate sudhar le😡😡😡
0f1e4126-8229-4622-9c05-a532db433e33,captain,2026-08,2026-08-17T22:38:00+05:30,1,5.88.1,8,don't use this app don't solve ur problems
fe10c5b0-7b24-444d-adc5-99668564f6a4,captain,2026-08,2026-08-18T10:39:17+05:30,1,5.2.39,9,repido jo rate dikhata hai vo deta nhi h
ebd46f0d-a3f9-4071-a15a-f273e245794a,captain,2026-08,2026-08-18T11:32:43+05:30,5,5.88.1,2,bast aap
737f6039-abc3-4a99-8f96-bc420304e2e4,captain,2026-08,2026-08-18T14:23:06+05:30,5,5.89.1,6,rapido first kaise kam Karen please
6829880e-37c4-459d-b1e5-75a33e6eaafc,captain,2026-08,2026-08-18T16:41:08+05:30,1,5.88.1,5,Many many disadvantages for captain's 👎
aa351737-4465-4a40-b8c8-6b63a31061fb,captain,2026-08,2026-08-18T22:31:55+05:30,1,,4,ride bhut km aati
2128b2b3-1be2-4c50-8921-2c129b5cd47f,captain,2026-08,2026-08-19T07:48:36+05:30,1,5.88.1,3,very low price
3d96a393-0e58-4653-808b-b284fd19de4b,captain,2026-08,2026-08-19T11:59:56+05:30,5,5.88.1,5,its good app for Earnings... 😊
bbdfd118-14c2-4743-82fe-d1c2e9be0b21,captain,2026-08,2026-08-19T12:49:21+05:30,5,,11,Rapido is very useful for feeding my family. Thank you Rapido.
327b1abc-311a-4103-8bb3-2c917989beca,captain,2026-08,2026-08-19T20:17:05+05:30,1,5.89.1,40,faltu ka aap hai ye captain support ke liye call hi nahi lagta yahan hame auto driver pakad ke mar rahe hain kisko complaint kare ham tumse nahi hota toh kyun kar rahe ho band kardo ye faltu ka aap 👎👎❌❌❌
94b54ddb-387e-4a56-bb12-7bd7a4e3316e,captain,2026-08,2026-08-20T11:38:10+05:30,1,5.89.1,78,"still not respond.I am a Rapido Captain, and my account has been suspended. When I contacted customer care to ask why my account was suspended, they told me that a customer had complained against me for using abusive words. They said the complaint was made on 9 August 2026. However, I did not complete even a single ride on that day. I asked customer care whether they had verified the complaint, but I did not receive any proper response."
6539eb1c-caa0-4653-9075-c945c01649ae,captain,2026-08,2026-08-20T12:20:46+05:30,5,5.89.1,2,best rapidi
43c8342a-94c9-4a5c-ae88-0a60e14473c1,captain,2026-08,2026-08-20T12:35:28+05:30,1,5.89.1,8,sabse gatiya app hai band kr do isko
fa6ed01d-6ee7-4869-a140-997f55c4475c,captain,2026-08,2026-08-20T19:30:01+05:30,1,5.89.1,14,how can a person accept the ride in 1 second notification worst app for driving
d58125d1-4926-428d-b442-072ffee8e872,captain,2026-08,2026-08-20T21:04:28+05:30,5,5.89.1,5,good but order km h
6ba4a538-2911-4f2a-9e4e-090bdac4844f,captain,2026-08,2026-08-20T23:55:59+05:30,5,5.89.1,11,good app for students to schedule earning time for your availability
293a7c0a-d219-4a27-9ce6-cb24c1537ecf,captain,2026-08,2026-08-21T01:29:04+05:30,1,5.89.1,11,fraud app subscription lene ke baad bhi paise cut karte h
a020eeda-b3ec-4926-87e6-19a0f5ac082d,captain,2026-08,2026-08-21T09:42:59+05:30,1,5.89.1,18,"weost App as a Partner, always think about customer no concern about the rider please avoid everyone rapido."
5bd05b09-b889-43f5-99bd-68e674f7e193,captain,2026-08,2026-08-21T11:00:51+05:30,1,5.89.1,6,plz contact me login problem he
9b88d452-b89c-4d1c-8d07-5ccbb66bcd41,captain,2026-08,2026-08-21T11:13:11+05:30,1,5.89.1,76,"worst, waste, stupid. cheating the captain with worst rate card am writing to express my strong dissatisfaction with the current rate card and pricing structure for captains. The available plans and deductions are unfair and unsustainable for drivers. Currently, only the 18% commission plan is available, along with a mandatory 79 rupees per day subscription plan. On top of these charges, a 10% government tax is deducted, while the payout for a bike taxi is only 5 rupees per kilometer."
08643749-c822-4c56-aadc-be5a6b9cf1bf,captain,2026-08,2026-08-21T11:52:10+05:30,1,5.89.1,49,"Very bad customer support! Maine 1-day subscription plan liya tha, phir bhi ride se ₹23 commission kaat liya. Jab support par call karke baat ki toh agent sunne ke bajaye call disconnect kar dete hain. Damaged service and worst driver support system! don't use this app.... worst and fraud Rapido"
599db143-9822-43fe-b904-4651401ac6f5,captain,2026-08,2026-08-21T12:06:21+05:30,5,5.89.1,12,good but this time mere me ride hi nahi a rahi hai
124d4d36-1473-4b17-b4ad-c4044653deb8,captain,2026-08,2026-08-21T12:08:06+05:30,5,5.89.1,11,app good but customer canceled ride lose the rider petrol time
be4090cc-ac49-4b12-8c70-2d4c5ec3c2fd,captain,2026-08,2026-08-21T12:51:56+05:30,1,5.90.0,4,bhadu ochu ape che
fc14e3db-e787-4d1c-b1be-30fbd38cc442,captain,2026-08,2026-08-21T13:04:47+05:30,1,,18,very bad 👎 sarkar ne par km.20. he to rapido ku par km.11 dathe divar bhai kay kami ge
fec6ede6-48f2-4817-979e-783d42ac4eb5,captain,2026-08,2026-08-21T17:20:11+05:30,5,,11,Only One word that 8th wonder on Earth that is Rapido.
ddaf7195-6691-4522-a7cd-e7c2a54640b4,captain,2026-08,2026-08-21T18:07:52+05:30,1,5.90.0,89,"app made only for the Profits. rapido doesn't care about the captain. if a captain is in trouble during the ride they don't care at all, they simply said it's between you and the rider. there are multiple incidents that happened recently with me but they didn't help in a single incident. and an important thing if a captain continually complains about the issues rapido starts not providing rides. For example at the same spot if there are 5 captains I am not getting ride requests. a lot to ✍️ but"
f3856222-2ea8-4cdf-94cb-913d37c3d8ef,captain,2026-08,2026-08-21T20:32:27+05:30,5,5.89.1,23,बुकिंग नहीं बजा रहा है सुबह से लेकर शाम तक खाली पीली बैठा रखा है
0bff1e1c-5c43-44ad-ae24-47ea6990e4f9,captain,2026-08,2026-08-21T22:09:58+05:30,1,5.90.0,88,"I'm fed up with customer care numbers as it is replying with use call support options to connect with customer care, I tried many times to contact with customer care through call support option but I'm getting the same replies from IVR system everytime. Whom should I approach if any emergency situation happened. Yet issue got not resolved even though mail sent them as per your comments. I again sent a mail to them along with video proof as per their instructions. Not anyone even called me yet."
87747125-2519-41fd-abbc-6ddfb72238bd,captain,2026-08,2026-08-22T00:54:19+05:30,1,5.88.1,4,veri frausted this app
4ef14865-baf9-42f8-854e-3b3b4a8ae83b,captain,2026-08,2026-08-22T09:43:49+05:30,5,5.89.1,6,excelt way to help needy person ..
bbcbf8e9-5fba-4a9c-b3fa-45ca86cefb0a,captain,2026-08,2026-08-22T10:24:32+05:30,1,5.89.1,8,show QR code erorr when picked up parcel
2d73cfcb-410e-4155-b975-a4910fb2b41b,captain,2026-08,2026-08-22T11:08:51+05:30,1,5.2.38,7,( Verry Bad ) customer support is not reachable.....
6e202980-1f55-408c-b40e-ffb7659ce58e,captain,2026-08,2026-08-22T12:10:29+05:30,5,5.90.0,18,rapido mein kam karne ke liye bahut achcha lag raha hai Ham aage bhi kam karenge birthday mein
9b6bd9a1-3542-4824-80ce-7142326e0df0,captain,2026-08,2026-08-22T21:54:36+05:30,1,5.89.1,55,yah app koi matlab ka nahin Hai third party app hai food delivery case mein customer service kuchh bhi nahin milati Hai jiske vajah se aaj mujhe Bina Karan penalty miliye jabki galti customer ki aur inki thi Inka customer care service kuchh kam ka nahin Hai call per call karo but call nahin lagta 😡😡😡😡
d4b349d2-f935-427b-92d3-848b916cb98a,captain,2026-08,2026-08-22T22:35:15+05:30,1,5.89.1,8,bakwas service hai ek number ki rapido ki
87ac51f1-d4dd-4c6f-a0ee-c40a0b4d3615,captain,2026-08,2026-08-23T03:42:41+05:30,3,5.89.1,12,Incentive Issue aa Raha he Jab se Start kiya he Tab se
a11d71ee-9d6c-419b-8cf4-212138919a92,captain,2026-08,2026-08-23T11:13:34+05:30,5,5.89.1,5,need more promotion in srinagar
9998e38e-24f3-4fda-9181-a196c3cebac4,captain,2026-08,2026-08-23T15:20:47+05:30,4,5.90.0,7,rate sahi nhi hai bahot kaam hai
190a34f4-c820-4e3e-8645-fe4047b8084a,captain,2026-08,2026-08-23T17:06:55+05:30,1,5.90.0,7,"bakwas, fraud, useless, fake, 3rd class app."
dda7d57c-7544-4891-9adb-831e6ff44afc,captain,2026-08,2026-08-23T17:12:33+05:30,2,5.90.0,45,rate pr rate gira dii hai inhone or 0% commission ke name pr 6 se 7 rs tak kaat rahe hai woo bhii sirf 2 se 3 km tak ke kya ride krenge or kya hii earning hogi uninstall krdoo isee sab bhoot lose hone lag gya hai abb to 🤬🤬🤬🤬😡
ab4eddae-ce11-4861-8f74-ef0f8615a041,captain,2026-08,2026-08-24T00:36:30+05:30,1,,7,faltu bara bhara kom dey baler apk
4d2488f5-7e48-48bc-9cf4-0b08c2bb7aac,captain,2026-08,2026-08-24T11:08:37+05:30,1,5.90.0,20,"worst app, orders get auto cancelled by rapido itself, lowest fares we get, and customer service is helpless as always."
b2c2ae8f-13b8-4e2b-ae88-c3571b9e9481,captain,2026-08,2026-08-24T12:57:28+05:30,1,,4,customer service very poor
f46975a7-fa10-4783-b010-7d0f2c6dbb24,captain,2026-08,2026-08-24T13:51:02+05:30,1,5.89.1,5,GIVE OPTION FOR CHANGING DL
ddb24789-94cb-4cf3-a836-a1f2f52befcf,captain,2026-08,2026-08-24T14:02:59+05:30,1,5.89.1,36,pehle jesi app nahi rahi puri tarah se driver bhaio ka sosan kar he rapido ki vajah se hi baaki app ne apna rate kam kar diya. apana commission kam karo dusaro ka hak mat chhino.
ba1d8d54-501c-4ba0-a355-172e74aadac7,captain,2026-08,2026-08-24T17:02:45+05:30,1,5.89.1,4,bekar haii matt kro 🥱
09ce7594-2380-4a80-84ab-d545c9d56496,captain,2026-08,2026-08-25T02:34:34+05:30,1,5.90.0,15,iam already uploaded documents that is not responded what is happening here Please tell me
a8c45a2e-3e45-4a75-8abd-923632f2cc1f,captain,2026-08,2026-08-25T04:17:18+05:30,5,5.90.0,17,best app just need to give incentives everyday to all and give cheapest subscription plan to all
80277885-8519-4bf3-adcf-04e8c1f4de03,captain,2026-08,2026-08-25T10:25:21+05:30,5,5.80.0,5,excellent for part time job
c99c962c-56c5-4264-a10c-8db10d7c14df,captain,2026-08,2026-08-25T11:38:46+05:30,5,5.90.0,38,Best experience with rapido last one year but few some days Rapido fare is very Low on long distance ride this is rediculas for Rapido Riders. I think commission is Rapido very high few last days THEN UBER
d334571a-d36c-4688-9b1a-7af7d850202c,captain,2026-08,2026-08-25T13:26:50+05:30,1,,3,bekaar service h
ecc8b7ba-9714-474c-8b5b-cadf2de2d960,captain,2026-08,2026-08-25T19:41:52+05:30,5,5.90.0,7,when IOS will get rapido captain app?
9e0bd538-115a-4fe0-8e5a-a11489ec1d0b,captain,2026-08,2026-08-25T19:44:21+05:30,2,,36,"Wrong calculation of Rides accepted and cancellation, and Maps support by Google is wrong It shows the longest route travelling despite they should use Map my India Mappls which is detailed with Indian Roads and access"
f2e9abda-a88d-43c4-a9d7-b7479fc7575b,captain,2026-08,2026-08-25T20:22:19+05:30,1,5.90.0,54,rapido captain didn't not give fare enough to their riders it gives 6rs / km after travelling 3 to 10 km in your city my experience is worst with rapido captain please no one became rapido rider it sucks your time efforts and fuel it promotes only bike boost where rider can't get enough fare after rides
65eb19b2-08c7-43a0-b197-a5b29d02389f,captain,2026-08,2026-08-25T23:41:52+05:30,1,5.90.1,4,sab too future app
379a9c94-9a95-4e61-b936-39fbab1c8d92,captain,2026-08,2026-08-26T06:29:20+05:30,1,5.90.0,4,chor company ha ya
b9a86aaa-10e5-49ad-ae7d-64a24898df65,captain,2026-08,2026-08-26T15:19:41+05:30,1,5.90.0,4,chal nhi Raha hai
453d6056-f537-4c7e-ab9c-626a253902e8,captain,2026-08,2026-08-26T19:14:10+05:30,1,5.90.0,6,bekar company ghatiya ret dati he
ced233f2-cdb9-4623-90ff-2e8b268218cb,captain,2026-08,2026-08-26T21:39:08+05:30,1,5.89.1,22,problem with auto drivers.. they are rudely behave with rapido partners. IS IT LEGAL OR NOT in tamilnadu. But people really appreciate
c2e303c2-4fd8-4f6b-8ecb-b84d4f9d13b0,captain,2026-08,2026-08-26T21:56:55+05:30,1,5.90.0,28,Mai app mai login nahi kar pa raha hu device limit exceed bol raha hai kisi bhi phone mai login nahi ho raha hai worst 😐 service from Rapido
2d0f5ba5-6492-4aba-adeb-ec7fa8394316,captain,2026-08,2026-08-26T22:33:39+05:30,5,5.90.0,2,veri nice 👍👍👍👍👍
26f21eee-91c4-4f35-a4d6-5bdc886561e7,captain,2026-08,2026-08-26T22:38:04+05:30,1,,85,"Guys, don't install the Rapido Captain app. Here's why: I downloaded the app a month ago and submitted my Aadhaar card, driving license, vehicle number, and vehicle RC. Fifteen days after submitting everything, I received a message stating that my driving license was ""under verification""—a status that persisted for another ten days. I sent numerous emails and WhatsApp messages and even raised support tickets via the app, but there was no response for a long time. Now, they are asking me to re-up"
ad17d01b-e0b2-4ae1-b435-0ef550d076b6,captain,2026-08,2026-08-27T05:56:26+05:30,1,5.90.0,6,rapido ek bahut kharab company hai
42f41aca-2ccf-4965-8622-f2dae0c3ca39,captain,2026-08,2026-08-27T05:59:55+05:30,1,5.90.1,37,Worst App access fee ke nam par har bar 5/- kaat lete hai aur har ride par commission alag se lete hai aur customer care ka no. bhi nahi lagta hai. kahte hai ki zero commission on Ride
607dd471-e41b-4f9e-ab91-b706a2568d1e,captain,2026-08,2026-08-27T13:41:36+05:30,5,5.90.0,1,bonus
94db5cd7-a74d-4815-919b-2b447d556aff,captain,2026-08,2026-08-27T18:45:07+05:30,5,5.90.0,2,good sir
87a62eb2-b8bc-4af5-a79e-1570850d188e,captain,2026-08,2026-08-27T19:08:23+05:30,2,5.91.0,13,while I am calling to customer it was showing me line is busy
cddfdc5b-6d80-4246-a388-ad7304c8e9b0,captain,2026-08,2026-08-27T19:36:23+05:30,1,5.90.0,55,aapki app mai sabse badi problem h ki captain support se contact nahi kar paa raha abhi mere pass new rides nahi aa rahi h jabki mai high demand zone mai bhi ho aur support ko call kar raha hu tho call jaa nahi raha h please fix this problem it is my humble request
a205b47d-02f7-4974-b88a-9cb7fb8ae2ef,captain,2026-08,2026-08-27T19:39:07+05:30,1,5.90.0,4,not login my account
1249ecea-351b-4556-9160-db5364b044b0,captain,2026-08,2026-08-27T21:12:54+05:30,1,5.90.0,79,"I have been using my own bike as a rental taxi through Rapido, but my payment has still not been cleared even after one week. Despite repeatedly contacting customer support, I have received no proper assistance or satisfactory resolution. This is completely unacceptable. If riders provide their service on time, Rapido should also be responsible enough to release their legitimate earnings on time. I have used various services before, but I have never experienced such poor payment support a"
245413f3-a2f4-4aa7-8e3c-a864086b94f6,captain,2026-08,2026-08-27T23:34:35+05:30,1,5.90.0,20,worst app how captains are working sooo hard but paying less compare to other platforms and also mapping also worest.
cbfa983a-d383-4b57-b4e4-7ed6d71f1818,captain,2026-08,2026-08-27T23:35:28+05:30,1,5.90.0,11,rate kam deta hai bahut bhai koi isme job mat karna
0852d06f-31df-46eb-802c-80986dfa6f9f,captain,2026-08,2026-08-27T23:51:01+05:30,1,5.90.0,40,Mai ek rapido rider pichle 5 years rapido ride kar rha hu achanak aaj 27 aug 2026 ko meri id suspend 100years ke liye yeh saale customer selfish hote hai apna gussa arrogance Nikalte yeh rapido wale without any reason id suspend wooww
913a7c42-cd08-4b4c-81a5-2f76af45e084,captain,2026-08,2026-08-28T07:42:25+05:30,1,5.90.0,36,"This app is terrible. When an order arrives, the distance is one thing, but once the order is confirmed, it increases further. It never provides an accurate location. It also charges less based on the distance."
a12241e8-9839-4b65-a686-be9124bebeee,captain,2026-08,2026-08-28T09:30:44+05:30,1,,4,not useful for rider
de2ad6b2-a753-42ab-90de-a500545b16d7,captain,2026-08,2026-08-29T13:51:27+05:30,1,,2,froud company
c188ff25-3e11-4522-b280-c7809c5a59fd,captain,2026-08,2026-08-29T16:00:04+05:30,1,5.3.41,128,"⚠️ सभी ड्राइवर भाइयों से निवेदन है ⚠️ रेपिडो के साथ ड्राइवरों की कोई सुरक्षा और सम्मान नहीं है। अगर कंपनी ड्राइवरों की समस्याओं और अधिकारों की परवाह नहीं करती, तो सभी ड्राइवर भाइयों को एक बार सोचने की जरूरत है। 👉 मेरी सभी ड्राइवर भाइयों से अपील है कि ऐसी कंपनी के लिए काम करने से पहले अपनी सुरक्षा, मेहनत और भविष्य के बारे में जरूर सोचें। ड्राइवर एकजुट रहें और अपने अधिकारों के लिए आवाज़ उठाएँ। ✊"
02d79332-5b64-416e-9313-550d27d33c06,captain,2026-08,2026-08-29T17:55:54+05:30,1,,10,kozhikode rapido open annu ellarum rapido book cheyiu enjoy cheyiu
c3c5d452-68e0-4f38-81eb-e4e739f31f72,captain,2026-08,2026-08-29T20:37:21+05:30,1,5.90.0,35,mahangai din per din badh rahi hai per driver ko kyu maar rahe ha kam paise mein bhi driver uthaega majburi Hai uski priority wali ride wala kiraya kar do CNG LPG wali ke liye
cbc92c5d-6ef1-4fd0-a78f-d7490e6fd7dd,captain,2026-08,2026-08-29T22:28:56+05:30,1,5.90.0,23,very worst app. i am paid joining fee on 10 aug. but till date not activate my account. no any response. no any contact.
e5a1117e-74ba-44c0-a93d-6e04db231fd7,captain,2026-08,2026-08-30T05:49:41+05:30,1,5.91.0,3,30 to 40% money deduction
0a3886f7-9fc5-4474-a667-9ec4b220e583,captain,2026-08,2026-08-30T08:22:09+05:30,5,5.90.0,60,"The map/navigation in the Rapido Captain app is not showing on Android Auto. It works fine on the phone, but it does not appear on the car’s Android Auto display. Please add Android Auto support for the Captain app so that captains can use navigation directly on the car screen. This would make navigation much safer and more convenient."
ece27b43-9b86-48be-94d5-d39f62ad3a7a,captain,2026-08,2026-08-30T19:20:53+05:30,1,5.90.0,3,very poor response
4f6df82c-7a29-4121-858d-ee198adb0b1b,captain,2026-08,2026-08-30T19:29:08+05:30,1,,18,all over is good but one big problem if cusmuer cencellsd oerdr so why its effect captin pafomance
6118de22-7acc-40e4-86d7-f918d650ba13,captain,2026-08,2026-08-30T21:58:49+05:30,5,5.91.0,14,why rapido is not providing cancellation fee automatically we have to call and confirm
f528fcf3-82f1-44ab-928b-59b412d6dc65,captain,2026-08,2026-08-30T22:36:32+05:30,1,5.90.0,4,sabse Nandi company fraud
ae30aace-a861-4e7a-b863-55e0338e1b0b,captain,2026-08,2026-08-31T00:30:07+05:30,1,5.90.0,21,one of the east app in delivere because no castor care not respect in delivere boy not support without reason penalty
0c4f0cb1-9773-4e04-8a32-e38f1ae847fa,captain,2026-08,2026-08-31T12:52:58+05:30,1,5.91.0,2,ghatiya application
4d4bccc6-71b1-4f1a-8961-b479acb6b6e9,captain,2026-08,2026-08-31T16:09:40+05:30,1,5.90.0,8,"very bad customer support, not giving proper resolution"
2a3ebf6c-8ced-42a3-ab28-70d7bc7175c8,captain,2026-09,2026-09-01T11:29:03+05:30,1,5.91.0,98,Bekar ak dum ghatiya app h company chor h yeh rider ko ride deta h fhir khud apna system se cancel karke kisi aur rider ko assign kardeta ha order fhir n he cancellation fees deta h company m call karo to company wala bolta ha aap eligible nhi tha isliya aapko cancellation fees nhi de payenga upar se itni ghatiya location iss app ke 3-4 km ke route ko 7-8 km ghuma kar batata ha uska baad jab marze apna pass se fare kaam kardeti haa company isse wahiyaat ghatiya app koi nhi haa itna ganda app h y
f9451b71-4976-455d-beaa-713a8ce628c6,captain,2026-09,2026-09-01T15:04:24+05:30,5,5.91.0,3,Nice income app
22a692f0-4c5f-4e5a-9023-ff34760307e9,captain,2026-09,2026-09-01T15:12:27+05:30,3,5.91.0,6,rapido captain driver ke liye best
75b19a4f-4b5b-4e49-a0a1-822043628913,captain,2026-09,2026-09-02T10:17:15+05:30,1,5.91.0,15,The worst experience is huge cancellation charges including customer cancellation. They also charge our end
1bdadef8-b752-458c-a771-5a7957bb7607,captain,2026-09,2026-09-02T12:50:01+05:30,1,5.91.0,89,"This is one of the worst apps. Every time, they automatically put me offline for 4ho to 4 day. During that period, I don’t receive even a single order. I keep riding around searching for orders, wasting all my petrol. Even after working hard the whole day, I end up with less than ₹500 in hand. There is no proper problem-solving or support, and I can’t even get through to customer care. If you depend on this app for your livelihood, it can seriously ruin your life. Very disappointing experience."
5cc9e5cf-da71-4244-9992-ec483a9a6271,captain,2026-09,2026-09-02T16:36:14+05:30,2,5.91.0,34,don't trust app... spread fake or false news even many issues are going in Bangalore City still false news spreading that there r no issues reported.. don't trust and use app untill court order
fefb8a18-e88d-44b8-beaf-f9da5349c4f1,captain,2026-09,2026-09-02T19:46:21+05:30,5,,29,the aap crashing. i accept the booking and till I reach the customer it is getting automatically cancelled and i have confirmed with the customer i don't know why 😞😞😞
e9c13496-8d07-4cec-bfee-097f75489c12,captain,2026-09,2026-09-03T09:10:20+05:30,5,,4,super app to earning
8114dd90-819c-4003-8182-c03d3fdb96fc,captain,2026-09,2026-09-03T19:33:38+05:30,5,5.92.2,6,excellent but extra add to money
89fcf9f0-5743-4264-a6df-06a2b52ac68c,captain,2026-09,2026-09-03T20:41:39+05:30,2,,21,everything going well unit you raise the price of subscription and it is too high please reduce the price of subscription
996820a2-618d-4532-ac6b-3c5e9177817a,captain,2026-09,2026-09-04T05:29:03+05:30,1,5.91.0,2,nonsense spp
29464bb2-dfdc-4fef-8170-8e514a6aef1a,captain,2026-09,2026-09-04T10:21:19+05:30,1,5.91.0,9,login issue poor management worst app.don't install it
64efec2d-97d1-4b6e-9075-ea8668133f3f,captain,2026-09,2026-09-04T10:57:44+05:30,1,5.91.0,7,service option not provid on this app
483a5b2c-715c-4182-96d7-36a8c370894d,captain,2026-09,2026-09-04T12:16:21+05:30,5,5.92.2,1,15 varsh
2bc6f0e9-37d8-433a-a550-bc4455c52abf,captain,2026-09,2026-09-04T12:35:42+05:30,5,,8,very nice and good app for earings money
bb55dd64-62ec-4757-8e60-816f05241aab,captain,2026-09,2026-09-04T17:25:07+05:30,1,5.91.0,3,number 1 thevudita app
b204a0bf-a00f-419b-8936-de2e4b8c3a33,captain,2026-09,2026-09-04T17:51:48+05:30,1,,1,dislike
d7ec9ebe-48af-44e7-b6b2-20c6a5b781ca,captain,2026-09,2026-09-04T18:19:38+05:30,1,5.91.0,70,"As a Rapido rider, I am disappointed with the lack of transparency. Ride requests do not clearly show the actual pickup-to-drop distance or fare before acceptance. Rapido also deducts around 16% commission + 11% service charge, leaving very little for riders after fuel and maintenance. Compared with Porter’s 7% commission, this is excessive. There is also no proper option to speak directly with customer care. Rapido must improve transparency and rider support."
093b56d7-3fcb-42b3-a00d-e6ab26a01888,captain,2026-09,2026-09-04T19:48:09+05:30,5,5.90.0,1,welldone
f7e2c4d9-62b7-4297-9f97-e4e822890f8d,captain,2026-09,2026-09-04T20:34:03+05:30,3,5.91.0,3,thut go jgc
0f3d0d97-3b93-4ffd-b13d-497053b07bc1,captain,2026-09,2026-09-05T07:03:24+05:30,1,5.91.0,51,i m rider and i got parcel in rapido from Shiprocket. I deliverd order and asked for otp. but customer not gave otp . i was totally upset from 11pm to 1 pm at night. then I return to home. now I saw rapido penalty of 750 rupees. but why. please resolve my problem
395dbe84-4566-4be5-a73b-af91f3e18235,captain,2026-09,2026-09-05T07:40:44+05:30,2,5.91.0,8,in my location..that amount was not satisfied 😞
2e9a7973-bc1c-4996-b139-1d5a35290453,captain,2026-09,2026-09-05T11:10:02+05:30,5,5.88.1,1,BAPlBARMAN
1034deca-3ca8-4f26-b225-be106e0a082d,captain,2026-09,2026-09-05T13:29:21+05:30,1,5.91.0,4,100time very bad experience
691c72e1-9775-42ae-b27b-566500bfe445,captain,2026-09,2026-09-05T16:03:16+05:30,5,,3,good service FACILITIES
6984c1c5-552a-45cd-8d1f-7fac8ca6a120,captain,2026-09,2026-09-05T16:54:37+05:30,5,5.91.0,3,best earning money
9d71210c-32fe-420f-983c-5a2ffc90ddee,captain,2026-09,2026-09-05T18:37:49+05:30,2,5.92.2,18,"Why is the fare not showing for my ride? Fix this issue or I will delete the app."""
6fc1e6c7-d07b-4aad-8d3f-92fe1b5e2fe1,captain,2026-09,2026-09-05T22:36:05+05:30,1,,27,Mehsana ma badha ne chutiya banave che repido rate barbar nathi malto 6 km 18 rs ma ko n jaay atle kau chu mehsana ma chutiya banave che repido
25a8ab3f-deda-4ed6-98fb-460f7671be62,captain,2026-09,2026-09-06T00:08:42+05:30,5,5.91.0,1,faizoxm
bad563fa-0eca-482c-8795-218ffc4cace6,captain,2026-09,2026-09-06T01:22:38+05:30,1,5.91.0,2,bad behave
c1fcf0c1-f4c0-4bd9-904c-4a8895ad328a,captain,2026-09,2026-09-06T02:10:45+05:30,1,5.92.2,2,app uncomfortable
63aaee8a-7d7c-44f1-8e58-6e96e58bce3a,captain,2026-09,2026-09-06T11:02:58+05:30,1,5.91.0,21,"DL processing took more then 3 months and still in process to verify, I don't know what you guys want to verify"
ca33708a-42ea-42c7-8b6b-7fb77e6e2e45,captain,2026-09,2026-09-06T12:02:08+05:30,1,5.91.0,8,worst rapido captain support team call never connects
e16b088a-36b2-4a98-b3ce-ba6cc808dea7,captain,2026-09,2026-09-06T16:13:46+05:30,5,,1,shandar
cd4c09b6-3079-48ee-a393-76b362945d40,captain,2026-09,2026-09-06T17:36:42+05:30,1,5.91.0,11,never ever download Rapido captain app there customer are very bad
57506caf-1d08-4f7e-95e6-79d77d750b7a,captain,2026-09,2026-09-06T22:55:55+05:30,1,5.91.0,1,bed
67a82610-d049-409a-af0f-5459c720cdaa,captain,2026-09,2026-09-07T00:53:08+05:30,2,5.91.0,62,Iam a rapido captain since last 3 years I have an issue since 2 months all the riders are using many auto clicking apps like not accepting to press by hand using auto clickng third party apps like auto clicker so many apps are in play store also please change the software version not accepting auto clicking apps Please do faver for genuinen riders
e05374ea-0e49-4923-9cf3-bb36f1b2f94b,captain,2026-09,2026-09-07T08:09:13+05:30,1,5.92.2,65,"Back to Bike Taxi is not working, every time it's showing something went wrong please try after sometime only. I tried to connect with customer support from the support option but the call is disconnecting by saying call support option ni upayoginchaledu, but I used call support option only. Every time the same issue. no one is responding to these issues. worust customer support connectivity."
5c189938-d3aa-4fbc-a30e-2c55fedff2c9,captain,2026-09,2026-09-07T11:22:57+05:30,1,5.91.0,3,not custmar shopot
6f93bba5-c55a-4222-9b36-be24b26d0094,captain,2026-09,2026-09-07T11:31:26+05:30,1,5.92.2,5,chor ka bhi baap rapido
014b0f05-b1eb-4641-95b7-08aaf50f367c,captain,2026-09,2026-09-07T16:49:25+05:30,3,,5,Midnight orders are very low
94c9bf9c-43b5-41d4-8ad5-d3f4dec3ce0a,captain,2026-09,2026-09-07T19:52:39+05:30,5,,17,Good income source app thank u so Mach rapido Life ko thoda aage Le jaane ke liye
79725ce7-f712-42df-838e-86c1a49afab3,captain,2026-09,2026-09-07T22:23:36+05:30,1,5.92.2,4,insentive chor hai company
a372ea93-e0ee-4f65-b0cf-c03fba1abba1,captain,2026-09,2026-09-08T10:24:11+05:30,5,5.91.0,1,happy
5ffd38b5-a87a-4cd3-a212-a8e130b92ca8,captain,2026-09,2026-09-08T13:56:11+05:30,5,5.91.0,5,Good App Interface is Good
cb9303a2-610f-439e-a4ea-fc4e8e7a0832,captain,2026-09,2026-09-08T14:54:29+05:30,5,5.92.2,1,ookokk
e58deeee-ef66-422b-9916-66a404a370d4,captain,2026-09,2026-09-08T15:05:41+05:30,5,,5,please galti se ho gaya
e647a501-0118-4f11-99d7-27cfe73b47c8,captain,2026-09,2026-09-08T16:02:53+05:30,5,5.92.2,3,it's good aap
832b2195-bb3d-41ed-85c1-c6f1ca4f40a1,captain,2026-09,2026-09-08T20:47:14+05:30,5,,2,good night
9aa978c9-2823-4f88-916c-9c5b956777b6,captain,2026-09,2026-09-09T06:03:46+05:30,5,5.92.2,5,bawana ki or jana h
d14c0136-2a52-48eb-af80-299caa4b89d6,captain,2026-09,2026-09-09T09:34:56+05:30,1,5.89.1,6,very bad app do not download
da44810c-1fc7-4e8c-89fb-fa22e6d02c44,captain,2026-09,2026-09-09T12:07:02+05:30,1,,7,fraud chor company please beand this company
398f99c5-67df-48ef-8f38-9701dda45844,captain,2026-09,2026-09-09T17:17:19+05:30,1,,9,very bad there is no proper customer care support
e2bdfd6a-017e-4f7d-98f3-f45366370417,captain,2026-09,2026-09-09T20:24:34+05:30,2,5.92.2,15,sir mujhe 8 Rs par km kiu mil rha hai jab ki 10 Rs par km hai
158c8991-efaf-48d2-99b4-e8033a4c2e73,captain,2026-09,2026-09-09T21:37:49+05:30,5,5.92.2,1,ANWARKHAN
010ada92-50ae-4bc3-ba76-badfb5456478,captain,2026-09,2026-09-09T21:38:12+05:30,1,5.92.2,75,Don't join in Rapido as a captain because If we cancel order we are getting negative rating and penalty If customer cancelled I am getting negative rating without my mistake My order's mostly cancelled by customer in middle or after reached location. My last order also same customer putted wrong location he called to me I said I am coming in middle he cancelled my order I got negative rating ####Rapido team what is this
cb26455d-b2ac-4957-a5da-3b9bb90e62bf,captain,2026-09,2026-09-10T10:40:08+05:30,2,5.92.2,94,"the new September update with new UI and removing the refresh button has ruined my work schedule and earnings , I can't get orders, I miss them to quick cause they don't stay there for long enough to accept it, later the ride comes again still I can't get it cause it leaves fast , then comes order accepting glitch , I press to accept it didn't accept, it has a bug or glicht issue where I have to spam accept button to accept, then comes the refresh button when helped me alot to get rides easily"
421a71bf-3107-4eef-916d-3b0c7399d74d,captain,2026-09,2026-09-10T10:47:43+05:30,5,5.92.2,2,nice work
a5d6b877-8bcf-4c94-a210-c5df3de50458,captain,2026-09,2026-09-10T10:54:32+05:30,1,5.92.2,11,rapide ek fraud company hai Koi driver mat chala rapido ko
0f89997e-302f-4254-848d-6404e8c01b52,captain,2026-09,2026-09-10T12:56:15+05:30,1,5.92.2,36,"I am unable to contact customer care, and I am not receiving proper service. The customer is not arriving, and I am also unable to cancel the ride. Please resolve this issue as soon as possible."
ac399c8f-1b0e-4e24-ad6d-a78563bb78a9,captain,2026-09,2026-09-10T13:30:02+05:30,5,5.92.2,2,"y,u"
b2485316-1620-4a27-a072-86a86e928c65,captain,2026-09,2026-09-10T16:40:43+05:30,4,,1,supab
1c19caeb-9239-4cea-ae3b-fd4ea1e54a01,captain,2026-09,2026-09-10T19:04:39+05:30,1,5.92.2,14,very bad experience not verification in 3 days this app services not call not available
3911f86f-5e0e-4008-be8d-8b04728083c8,captain,2026-09,2026-09-10T19:56:58+05:30,1,5.92.2,7,worst app lo drive 100 cuting 25 rs camisson
1dfa3e59-2040-4c17-b7a1-81fc2fbfcdc0,captain,2026-09,2026-09-10T20:07:28+05:30,1,5.92.2,3,froad company hai
80faa993-7270-4d5b-b72a-c6cb0c3871ff,captain,2026-09,2026-09-10T22:43:53+05:30,5,5.92.2,5,best app for earn money
8d0ffdb5-5d78-4786-aea5-b0fd220876f9,captain,2026-09,2026-09-11T13:00:12+05:30,5,,1,8 month
7085a3c7-81b6-4237-81ee-6b2cc73e4c28,captain,2026-09,2026-09-11T16:30:35+05:30,5,5.92.2,3,give more order's.
895cb4ed-57cc-4254-bc63-2848b2c976d1,captain,2026-09,2026-09-11T20:54:45+05:30,1,,95,bad bekar app he koi safety nahin Hai Na Koi driver ki baat Mani jaati Hai Jo Karti Hai rapido company apni manmani karti hai is par kaarvayi kara jaaye gadi 15 km chalti Hai aur hamen 10 km batate Hain ki aapki gadi 10 km Chali aur hamari driveron ki Koi sunvaee nahin Hoti ismein yah rapido company sabse bekar company hai ismein driver ka koi safety nahin hai koi jimmedari nahin hai koi bhi aao Koi bhi Jao kisi ko bhi maro pessenger ko Maro customer ko Maro driver ko Maro yahi sabhi rapid Ho Ga
b03c8ca1-0eb3-4722-a030-cee3cfe4c9bc,captain,2026-09,2026-09-11T21:59:05+05:30,1,5.92.2,16,west application hai logo ko khali lootne ke liye banaye hai west off time and money
ccd36f9b-0be5-407c-854b-2ddc534e68f4,captain,2026-09,2026-09-12T04:02:35+05:30,1,,9,bhai kam se kam rate badha do mere bhai
e1e99524-f41c-4748-9dce-153cdb0a29d2,captain,2026-09,2026-09-12T14:31:23+05:30,1,5.92.2,44,"traning not start try maximum time but not start , customer care not received call worst experience 1st time on this application. in 4 traning 2 training start 2 complete many time, but training 3 and 4 not started and not completed, and my 1st order not get for earn."
6f3c526b-26fb-491f-81bf-0e79d31788c1,captain,2026-09,2026-09-12T19:04:22+05:30,5,,11,"good for all customers booking , reasonable rat, and good service provider"
65cdd473-ca60-4a97-b632-54cbecdcb44f,captain,2026-09,2026-09-12T20:24:18+05:30,1,5.92.2,13,"your system is not available for captain , and not good work for captain"
12eac8dd-41f1-4caf-b735-7bf81961cfa0,captain,2026-09,2026-09-12T22:03:10+05:30,5,5.92.2,1,superbly
3803fa5b-9660-4fbd-b75d-ee0c42f88cc2,captain,2026-09,2026-09-13T10:54:51+05:30,1,5.92.2,81,"Iska customer service accha nhi hai zero commission me gst or extra commission k name pe lagbhag 10%-15% tak kaat leta hai,km dikhta kuch deta kuch hai bnd rashta me rashta dikhta hai complain krne pe kehta hai rapido route follow kro manmani ratecard deta hai 7rs km maximum time deta hai jisme petrol service sab krna hota hai jhuth hai ye ki 30000 ghar reh kar kamao captain k sath bahut hi ghtiya karta hai koi rapido nhi chlao Patna me"
a0c5803d-2405-44ae-8693-31141b78a94e,captain,2026-09,2026-09-13T11:04:34+05:30,5,5.92.2,2,ha ol
45a1920d-a16b-4955-935c-35d269f18527,captain,2026-09,2026-09-13T13:05:58+05:30,5,5.93.0,1,issue
a0785087-749c-433f-aa0c-0731a84f693b,captain,2026-09,2026-09-13T15:41:01+05:30,1,5.92.2,9,mera verification ni ho rha hai kaise thik hoga
65a33a74-fc66-48e9-b4a2-bca1b56662d9,captain,2026-09,2026-09-13T18:05:05+05:30,5,5.92.2,9,बेस्ट ऑफ़ सुन रैपीडो👍
8d9e8476-07cc-4911-9d0f-06d2c5180434,captain,2026-09,2026-09-13T18:38:46+05:30,1,,62,duniya ka sabse ghatiya app platform charge pay kr dya abhi tak ak bhi order and kitni bar in logon ko message kiya Inka koi reply nahin aaya koi bhi isme payment mat karna yah bahut ghatiya app hai agar order Mil bhi jaega to yah log tumhari ID ko block kar denge aur inke bad ye kuchh bhi solve nahin karte
7fb6becd-d4a0-4bec-aa6c-c38cad3ca557,captain,2026-09,2026-09-13T18:51:30+05:30,5,5.91.0,48,Rapido please aapko ek chiz or aadd krna chahiye ki jo rider hai uska weight kitna hai or jo coustmer hai usko bhi add krna chahiye apna weight booking ke time kyuki scooty pr 80/90kg ke rider hoge or coustmer bhi 80/90kg ka hoga to problem hoti hai 🙏
320d9f1e-376a-425f-81d4-23fbd3f49e30,captain,2026-09,2026-09-13T22:58:34+05:30,5,5.92.2,1,16 eyars
64c79291-bb49-4662-ba45-73307ec877d0,captain,2026-09,2026-09-14T10:26:42+05:30,1,5.3.25,3,banch😡d company
a07b12e0-0e2d-43f6-b1d1-2ed2f5b50050,captain,2026-09,2026-09-14T14:17:29+05:30,5,5.92.2,2,Call me
8996670e-c031-4d6d-a294-c0e29f1c413d,captain,2026-09,2026-09-14T14:45:27+05:30,5,5.92.2,5,Moj par diverse creator content
63491870-fa8b-4673-ae17-3e47ec1bf5da,captain,2026-09,2026-09-14T16:45:51+05:30,5,,2,1 year expirice
ccebebbd-d7b6-40d5-b975-d27ea9e2454f,captain,2026-09,2026-09-14T17:13:30+05:30,4,5.93.0,32,ऐप्स अच्छा है रैपिडो कम्पनी भी अच्छी है पर वाहन चालक को पर किलो मीटर कम भाड़ा कम मिलता है।
c3f5e5b5-30f8-46d1-aaa9-a362654bf3b7,captain,2026-09,2026-09-14T21:53:26+05:30,1,5.92.2,6,very low price 😞😞😞😞😕 total rs 8 km
cff367ed-81d3-4190-b269-6b5e8059b553,captain,2026-09,2026-09-15T02:31:46+05:30,1,5.92.2,9,mere documents hi upload nhi ho pa rhe h
adbdee61-5030-4ac2-8a7e-be6dd49bc41d,captain,2026-09,2026-09-15T11:47:30+05:30,3,,12,I need to join as captain but still it's showing verification processing
d3d0f6b4-71a2-4183-9192-70408db2e112,captain,2026-09,2026-09-15T12:18:06+05:30,5,5.92.2,88,"hi developer team, Hope you are doing well, help customer service support call number is not working, if the call service is closed or something else happened please let me know it comment , or fix asap, and switch back the feature of trip travelling mapping price with km we had issue. price not update when km is more then shown km, loss 8 km fare difference. many people not give cancellation charges, when there is clients mistake. please I'm beg you to help the system to sustain well.ty"
cbbf629e-cdc5-4a18-82b5-80ab6cb311f0,captain,2026-09,2026-09-15T12:30:25+05:30,1,5.92.2,26,auto driver and rikshaw driver strike they book fraud booking and cancle why you terminate repido rider ids you need improvement your apps to secure riders
97979713-1bb4-41b9-b9c7-41e03063ccc8,captain,2026-09,2026-09-15T12:54:19+05:30,5,5.93.0,15,The only problem is that the customer support is so weak. Every situation feels helpless.
a8c619cc-2216-4e93-b51a-9337814c9c72,captain,2026-09,2026-09-15T18:44:35+05:30,1,5.93.0,46,"The display light does not turn off automatically after an order is completed, causing the battery to drain very quickly. I have already reported this issue, but it remains unresolved. Please take immediate action and fix the display to turn off automatically after every completed order."
075ad996-97e8-49e1-8339-b4b98b5969af,captain,2026-09,2026-09-15T22:39:44+05:30,1,5.93.0,12,unable to move back to bike taxi mode from bike lyft mode.
b6ed55d7-399e-4d03-a22a-760d01ed6c73,captain,2026-09,2026-09-15T22:59:07+05:30,5,5.93.0,5,very very nice thanks bro
6495fbb9-e98d-4ce2-893f-70c4cbd7a3aa,captain,2026-09,2026-09-16T03:31:30+05:30,1,5.92.2,6,I can not change my vehicle
16c6e31d-d192-432d-b4a8-952bcf66de06,captain,2026-09,2026-09-16T06:51:20+05:30,2,5.93.0,4,tazpur twoon bad chiltha
feb6e6d4-170d-4432-8d37-8931b46dddb0,captain,2026-09,2026-09-16T12:06:21+05:30,3,5.93.0,4,like this is cancelled
9b6ec6c1-a990-4048-b828-0d164ad0ff44,captain,2026-09,2026-09-16T17:39:54+05:30,5,5.93.0,7,hi Is very good platform for arning
e5e02d6c-4d76-4097-b44c-0950f4f498ab,captain,2026-09,2026-09-16T18:39:17+05:30,1,5.93.0,53,i editing this review in hope that rapido team will me to activate my new id which is pending for doc verfication since lastany days more then one week an mail id provide to write to rapido is not working mail was not sent on it so let me know what to do
f185b6db-07e4-4245-9f32-e85ebfd9598c,captain,2026-09,2026-09-16T23:05:27+05:30,1,5.93.0,1,cheaper
a5272a38-7dda-46cf-be04-a8c3313712e8,captain,2026-09,2026-09-16T23:55:32+05:30,3,5.93.0,3,low rate provide
f28927f8-4ae1-4547-b2dc-2488bff1afef,captain,2026-09,2026-09-17T01:37:40+05:30,2,,16,RAPIDO RECHARGE WALLET AMMOUNT DOES NOT EDIT MANUALLY PLEASE ADD FUNCTION MINIMUM AMMOUNT RECHARGE NOT TOTAL
51c7d6a4-b495-4364-ad8f-973fead250db,captain,2026-09,2026-09-17T14:50:55+05:30,1,5.93.0,86,"your app is worst and don't have customer support for drivers your taking money of drivers we have to work 15 to 16 hours to run our houses and then what about vehicle expenses there is no saving remain for insurance, maintenance, taxes your are not taking responsibilities of drivers . now I complete ride rapido want to give me 100 rs and customer 600 rs + 40 re waiting charges but when I complete ride rapido give me 45 rs and and customer 664 what the hell is going. I know you will delete"
f3f92685-05da-4e1d-90ef-b0d5bad0e5c4,captain,2026-09,2026-09-17T16:07:58+05:30,1,5.93.0,30,"Mahachor, HARAM khor company, Rider's ki kamai khane wala haramkhor log, immediately should be shutdown by public,and Rider's.Tabhi yeh katora leke sadak pe bhik mangega Malik company ka"
c49619d5-679d-4b03-80e8-3cab865153b4,captain,2026-09,2026-09-17T19:48:38+05:30,1,5.92.2,68,"Dear Rapido Team, A rider's ID has been blocked after a customer made what we believe is a false complaint. We request that you please conduct a fair investigation before taking such action. Please review the ride details, call records, GPS data, and any available plz rapido company se nivetan hai mari rapido chalu karwave request hai plz aap chay to castmer se bi baat kar skte hai"
f66f5ae3-ca55-4955-bd61-0485746c79a2,captain,2026-09,2026-09-17T19:49:52+05:30,5,5.93.0,2,nice AAP
a54cfcb6-52ec-4781-b231-df52fda80982,captain,2026-09,2026-09-17T22:08:17+05:30,5,5.93.0,2,good 👍 aap
ca72b47e-0034-4601-ba25-0ad134b9d7b6,captain,2026-09,2026-09-18T14:45:39+05:30,1,5.93.0,8,third class support customer support call not connected
4d2e5043-a352-4fbd-8ecc-f555dd81fb53,captain,2026-09,2026-09-18T16:34:01+05:30,1,,32,"Rapido is exploiting both customers and captains, especially in Vizag. They canceled useful subscriptions to maximize their own profits, deeply hurting the drivers who rely on this app to make a living."""
2b8911e2-37c0-4449-b6cd-b07142facf6d,captain,2026-09,2026-09-18T17:58:55+05:30,1,5.92.2,3,frame of india
af6a57d0-03f2-4673-9448-ef0f618305dd,captain,2026-09,2026-09-18T19:08:58+05:30,5,5.93.0,4,रेट बढ़ाए
f9571e14-0fe9-456a-b8c0-2ef8300e1507,captain,2026-09,2026-09-18T23:36:23+05:30,1,5.93.0,2,low price 👎
6241c185-4d87-4bc4-a2d3-703ce389c0f4,captain,2026-09,2026-09-19T03:04:21+05:30,1,5.93.0,23,"wrost app ever ,, within 1 minutes they are switching your ride and they say sorry,,I don't help you,,plz uninstalled this cheated app,,"
5070ab6b-8fa4-4cf2-9ad8-325ff685867a,captain,2026-09,2026-09-19T06:55:54+05:30,1,5.93.0,10,maximum acput limit error in my phone why this happening
e3666693-c427-4e48-8a5f-3a3d1f59d1e4,captain,2026-09,2026-09-19T08:17:47+05:30,5,5.93.0,5,Middle family rapido gold please.. ❤️
dbe5ebca-2754-42ee-a508-d0879f11887d,captain,2026-09,2026-09-19T10:19:43+05:30,5,5.93.0,4,very nice earning app 👍
c1b965a9-654b-43d8-b479-1238dbb06893,captain,2026-09,2026-09-19T19:18:36+05:30,1,5.93.0,40,my account suspended food and groceries one accepting bike issue coustomer care call not connecting worst platform app you interested food and groceries good app shadowfax Free cancel and malti order accepting very good app don't use rapido food app
50c54645-900b-4b90-a82f-8b03ad7cd1b3,captain,2026-09,2026-09-19T19:22:57+05:30,1,5.93.0,75,I've been using this app for a week and and only getting 20 to 30 rs ride of 2 to 3 km pickup and 2 to 4 km drop and past two day customers are cancelling orders even after subscription I'm not getting orders this worst platform to work I request to people looking for work don't use this app policy is unfair and fraudulent it's misleading and using people as cheap labours I will not give even a half star
e8d966e5-76d9-4cd4-9a8f-0c76cbcf63b2,captain,2026-09,2026-09-19T19:29:07+05:30,1,,3,waste app ever
16ff3901-5690-4a30-a0a6-4db701fe20b5,captain,2026-09,2026-09-20T07:31:07+05:30,1,5.93.0,14,pichhle kai hafto se name verification me hi hai complete nhi ho raha process
d51cd9c1-4522-4d1e-8908-4b7369e7d397,captain,2026-09,2026-09-20T07:46:50+05:30,5,,11,Rapido captain I find so helpful to ride from this app
cd30c56b-1f38-44e5-af47-b2a1d65681bb,captain,2026-09,2026-09-20T13:01:39+05:30,3,,11,pesa kam milta hai isse jyada blinkit me mil rha hai
aa31b574-3edb-424e-bbb0-9c05ed0a5835,captain,2026-09,2026-09-21T01:50:31+05:30,1,5.93.0,23,maha Mather chod company bina wajah ban karti hai sirf customer Ki sunti Hai Bus aur kisi ki nahi Mather chod chor company
c4f81295-85cf-4984-be23-6bb2437c2f85,captain,2026-09,2026-09-21T07:00:51+05:30,1,5.93.0,6,no other account login my phone
5bc5d4e5-cabd-45ed-ae89-d84cd30a5310,captain,2026-09,2026-09-21T10:07:41+05:30,1,5.93.0,35,be careful he is very big cheater I have been driving Rapido for the past one month There is no option or way to contact customer service Shows low mileage Also location Very little help
00c95618-0037-4bd5-8e44-74289ba43370,captain,2026-09,2026-09-21T11:31:47+05:30,1,5.94.0,3,low payment s
56005f74-5ff4-4e1b-a46c-c1be4e73f37a,captain,2026-09,2026-09-21T15:18:04+05:30,1,5.93.0,31,"इस से घटिया ऐप मैने आज तक नही देखा, आदमी मर भी जाए,फिर भी इनके कस्टमर केर का नंबर नहीं लगेगा ,"
615db266-9fb5-45d3-80e5-b469e944ec67,captain,2026-09,2026-09-21T20:19:00+05:30,1,5.92.2,57,"Very disappointing experience with Rapido. My account has been blocked for two years because I was unable to complete a ride when my phone switched off, which prevented me from reaching the location. I understand that ride completion is important, but a two-year account block for this situation feels extremely harsh. So never choose Rapido App"
85f37026-cb66-4f28-9640-2005ce0a9707,captain,2026-09,2026-09-21T21:37:45+05:30,5,5.93.0,12,mujhe kamane ka jariya ban gaya hai yah ek sarkari job hai
1160ecf4-af12-40ca-84a3-8a71db0f6cca,captain,2026-09,2026-09-22T01:19:07+05:30,1,5.93.0,14,very worst app and customer captain service very poor..please dont use captain app
e843ec3c-1b21-432a-b83f-0338a309d7ad,captain,2026-09,2026-09-22T08:14:02+05:30,5,5.94.0,4,सुपर aps he
ba2ace70-ffa0-4167-a58f-691b4e18b832,captain,2026-09,2026-09-22T11:13:30+05:30,1,5.93.0,135,"இந்த ஆப் ஓட்டுநர்களின் ரத்தத்தை உறிஞ்சும் ஒரு அட்டைப் பூச்சி, அது மட்டுமல்லாமல் ஓட்டுநர்கள் மற்றும் வாடிக்கையாளர்களின் தனிப்பட்ட அனைத்தையும் திருடி கொண்டிருக்கும் ஒரு நிறுவனம், கார்ப்பரேட் நிறுவனம் என்ற பெயரில் ஓட்டுநர்களுக்கும் மக்களுக்கும் சேவை செய்கிறேன் என்ற பெயரில் ஓட்டுநரிடம் என்றும் மக்களிடம் இருந்தும் திருடு கொண்டிருக்கும் ஒன்னாம் நம்பர் திருடன்"
a235d4ce-8dc7-4e7e-bf39-825c16993a76,captain,2026-09,2026-09-22T13:23:47+05:30,1,,9,Rapido should launch cycle option for the parcel deliveries
523779d4-7ef8-42c2-8a04-005810b20aa4,captain,2026-09,2026-09-22T19:29:01+05:30,1,,6,gatiya harm ka khane wala app
00140c10-b66d-4606-854e-c6e81fe0a65b,captain,2026-09,2026-09-22T20:42:31+05:30,1,5.94.0,10,this application is not happening for customer support so bad
84fae250-f6d0-43f7-9c3b-16a432aa9e37,captain,2026-09,2026-09-22T21:11:39+05:30,2,5.93.0,75,"Customers r important 4 every business, but staff is equally important bcoz w'out them, orders cannot be fulfilled. Rapido’s policies, seem customer biased, often leaving Captains to bear losses, even when they r not at fault. For example, a Captain accepts a ride, confirms by call that if the customer can wait 5 minutes and starts riding. After covering half the distance, customer cancels. Captain loses time, fuel & effort, gets 0 compensation, the cancellation still affects his performance."
773410d5-622c-4b2c-b2a4-71fd9c6e6126,captain,2026-09,2026-09-22T21:20:21+05:30,1,5.93.0,40,bahut bekar services hai helpline per call karte hain to attend nahin karte enco bus auto driver ke commission se matlab hai sirf rapido user ke liye available rahte hain rapido captain user ke liye Koi madad nahin please boycott
aeb28638-bc6c-43cb-b8e9-9ef58cae05c4,captain,2026-09,2026-09-23T11:14:53+05:30,1,5.93.0,1,bakacho
997d7637-a88c-4a73-8b9d-9fd6a99cf440,captain,2026-09,2026-09-23T14:10:20+05:30,3,5.93.0,3,need bidding options
e8492b78-a303-4ed3-a2b5-67b40acae2ae,captain,2026-09,2026-09-23T16:49:25+05:30,1,,58,"India's poor taxi service app. Connecting with customer care for any help even in emergency not connected. Price compare to other platform like Ola, uber is less. No respect for captain who doing ride in rain, cold or heatwave. I am calling to all captain to give low rating and complaint against Rapido policy to give professional services."
ae84806c-3d74-4ce1-8969-d8f3c1fc4a2c,captain,2026-09,2026-09-23T16:55:15+05:30,1,5.93.0,13,"kachra paisa banta hai ispe,isse accha to sawari se bana lete hai,"
329814dd-1778-4aa2-a889-eca80c7e8f65,captain,2026-09,2026-09-23T21:55:28+05:30,2,5.94.0,23,"Dear team, I am noticing a lot of issues in your app. The hanging issue is happening quite frequently."" map also not working"
b37be8b2-2035-4305-aeb9-a9c37c6a14ea,captain,2026-09,2026-09-24T09:27:04+05:30,5,5.94.0,4,good app in world
04358f9f-dafb-4a52-b33b-d66eabb41208,captain,2026-09,2026-09-24T09:46:47+05:30,1,5.94.0,41,I'm trying to delete my profile from last week because your support team mentioned the wrong name on my profile and I'm not getting any support for the process and it's very ridiculous that you guys don't have systematic call support
223fb86a-3c9b-4a10-ba13-15ac3393c656,captain,2026-09,2026-09-24T11:04:39+05:30,1,5.94.0,148,दोस्तों मैं बहुत समय से यह नोटिस कर रहा हूं कि रैपिडो कंपनी जो है ड्राइवर के साथ बहुत बड़ा स्कैम कर रही है। हुआ कुछ इस प्रकार कि जब भी कोई ग्राहक राइड बुक करता है और जैसे ही हम उसकी राइड एक्सेप्ट करते हैं उस समय तो किलोमीटर हमें कुछ और शो होता है और पिकअप पॉइंट पर पहुंचने के बाद ओटीपी डालने के बाद फिर जब मैं देखता हूं तो उसमें दो से तीन किलोमीटर एक्स्ट्रा बढ़ जाता है अपने आप ही। जिसका हमें कोई भुगतान नहीं मिलता है
abd2af82-0738-415e-b647-c13388fa7325,captain,2026-09,2026-09-24T12:16:36+05:30,1,,13,app not working properly and solve the problem 😕😔 this app is very baad
38679dc6-b765-49ca-b98a-46c8b207984e,captain,2026-09,2026-09-24T14:30:10+05:30,5,5.93.0,2,GOOD But
3c697a85-efaa-4b08-9b03-0f62a03859ca,captain,2026-09,2026-09-24T14:44:42+05:30,1,5.94.0,6,sabse ghatiya company hai Rapido service
a310335e-b38e-4878-af80-7331d81e85b3,captain,2026-09,2026-09-24T14:49:47+05:30,1,,20,zero rating app please don't waste your time on this app and They fool people in the name of verification
2e37001a-f29c-479e-beb0-7656e2257e16,captain,2026-09,2026-09-24T15:06:43+05:30,1,5.94.0,23,very bad experience facing from the app on ride ernings very low prices this is not good . please remove the auto boost service
d3dae685-b8d9-4c28-b4ff-8263a3c72385,captain,2026-09,2026-09-24T18:30:39+05:30,1,5.94.0,2,no oders
477cd75d-9c23-49df-83da-7564d47383c0,captain,2026-09,2026-09-24T19:49:39+05:30,1,5.94.0,2,third class
d6aad4d5-30eb-4418-b186-4d927905198a,captain,2026-09,2026-09-24T19:56:49+05:30,1,,40,Thanjavur. All documents verified 3 weeks ago but my account is still not active. I raised a support ticket in the app but got absolutely no response from the team. Please check and activate my captain account as soon as possible
c4c54187-7e3c-45b4-a8e9-460863175563,captain,2026-09,2026-09-24T20:09:41+05:30,1,,87,repdo bilkul fudu company hai bina vaja rider ko he panalty lagati rethi hai agar kishi ctr me juth me be koi complaint kr di to be bina soche samje id band kr deti hai ase me koi nahi chaliyega esko muje khud 3bar panalty laga chuki hai or os me koi sunvai nahi huai sports teams wale saf mana kr dete hai ki panalty nahi hategi dekh lo mere passe 4bar kate the tum logo ne vo be bina vaja ab cancel ho ghia na licence
792fa7d6-cb04-46e6-8df3-392806225ba5,captain,2026-09,2026-09-25T01:47:28+05:30,5,5.95.0,6,Sar mere ko driving karni hai
9060d591-9792-40d7-8e41-872c53b3f7ea,captain,2026-09,2026-09-25T06:17:44+05:30,1,5.94.0,14,5km pick point dropping naa pakkana this is the rapido app very worst app
8cd12151-45d7-477d-a639-d51fd7abe271,captain,2026-09,2026-09-25T06:56:09+05:30,1,5.94.0,2,cotiya company
357de6d0-d529-4c25-8140-35079629f8ae,captain,2026-09,2026-09-25T08:39:20+05:30,1,5.94.0,2,நீ orders
5fde4d1a-c409-48e2-868b-e6d733cb7240,captain,2026-09,2026-09-25T10:17:19+05:30,3,5.94.0,5,app run is very slow
881fe02d-53ce-4a62-ad02-9f510cb91766,captain,2026-09,2026-09-25T10:27:12+05:30,1,5.94.0,13,Received a call from an unprofessional and pushy representative hence uninstalling your app
64a8399e-d57c-483a-b56b-275b777f0644,captain,2026-09,2026-09-25T11:52:38+05:30,1,5.94.0,10,Always show missed orders. I am happy with this problem.
ce31f933-2379-4425-b424-a2da6bd2baab,captain,2026-09,2026-09-25T15:57:48+05:30,5,,3,oder is late
1f9055fb-43db-46c0-9d3d-c79ac11b124c,captain,2026-09,2026-09-25T19:05:32+05:30,1,,14,this app is not properly working my photo is under pending from last 3-4days
63ae9b22-7490-4a0a-91f4-7b26f43b7903,captain,2026-09,2026-09-26T06:16:16+05:30,1,5.95.1,10,very bad costumer service not approved me DL with 3 days
13eae692-1fa0-4e09-916b-4d2df3bb571d,captain,2026-09,2026-09-26T07:51:56+05:30,1,5.94.0,6,SF g bc ahhh d vb
ada6d1ec-8a2a-47c7-acf9-91288add2dc4,captain,2026-09,2026-09-26T09:48:05+05:30,1,5.94.0,56,mere 5 oder कंप्लीट karne par mera 70RS ka insentive ka mujhe nahi diya customer ko 2 din se lagatar कंप्लेन kiya ab jakar aaj Rahul das ne bataya ki 5 ride pe km kam hone ki wajha se nahi denge is liye meerut me repido ko kam use kiya ja raha hai
2416f10a-e1c0-4307-866d-928b684f3961,captain,2026-09,2026-09-26T20:10:50+05:30,5,5.94.0,2,no expression
3326dd74-7275-4844-b5b4-610ca1563035,captain,2026-09,2026-09-27T01:15:45+05:30,4,5.94.0,9,"it's too much required update notification,what is this"
4db1f8f0-70f8-442f-8799-d6c839231561,captain,2026-09,2026-09-27T01:30:03+05:30,1,5.94.0,81,"Hello Rapido Support Team, I am facing a recurring issue with Zomato food orders on my Rapido Captain app for the last 10 days. Whenever I receive a Zomato food order and accept it, the order gets cancelled immediately after acceptance. The app shows the message: “Customer cancelled the order.” This is happening repeatedly and almost immediately after I accept the order. I suspect this may be a technical issue with the Rapido–Zomato order integration rather than an actual customer cancellatio"
4d201a95-51b2-4ea4-af98-1d622c38b919,captain,2026-09,2026-09-27T11:06:41+05:30,5,5.94.0,4,rent ten rupees help
1302b441-fd09-493f-8497-fa027c15c55a,captain,2026-09,2026-09-27T13:53:36+05:30,1,5.94.0,19,rapido provide longer booking only for fleet vehicles so attachment vehicles driver's will receive 125rs bookings only for cab
88c6b782-79d8-4a34-bc2a-d2f788ada8d9,captain,2026-09,2026-09-27T20:51:16+05:30,5,5.94.0,2,baike raider
5167bbca-5b5b-4044-b2e9-de71eea7d0fc,captain,2026-09,2026-09-28T00:19:18+05:30,2,5.94.0,42,"I am using rapido from last 9 months but when I referred I did not get any amount, the rider in front even completed the rides but still I did not get the money, that is why I am uninstalling it because this"
c6ed2eb9-ab27-471b-8014-211dbb9b211f,captain,2026-09,2026-09-28T00:21:54+05:30,5,5.95.1,8,iam not able to open this app y
dffde140-5283-4cd5-b6fe-b83f30752969,captain,2026-09,2026-09-28T06:27:25+05:30,1,,43,"Highly disappointed. The ride fare was clearly stated as ₹478 including everything, but I was overcharged up to ₹581. When companies start cheating on small fares, they lose all trust. Avoid using this service if you don't want to get scammed by hidden extra charges."
2d0a6201-3013-4f64-962b-91928507f861,captain,2026-09,2026-09-28T11:48:04+05:30,5,5.94.0,5,good for part time job
c68ff132-8d1e-42e7-980c-c19408d79995,captain,2026-09,2026-09-28T13:42:04+05:30,1,5.94.0,9,worst application drivers not worth use very very bad
8d641303-2c0f-4be2-b1f3-c7201fb9013b,captain,2026-09,2026-09-28T14:27:53+05:30,1,5.94.0,19,Call Support Not response 😔 Any Issues Trying to Call Support but No one does not respond to the call
d1b89770-a4ac-4bb3-a1a8-2eacb1ee1925,captain,2026-09,2026-09-28T15:15:25+05:30,1,5.94.0,7,waste customer care no use at all
5aedb249-e7d1-4dc4-aa73-111576f4d867,captain,2026-09,2026-09-28T16:59:10+05:30,1,5.95.1,52,Ek number ki chor company h rapido rider ko bhot kam pesa deti h. Customer dusre app se ride book karke chale jate h cancel bhi nhi krte or fir call kro kehte h cancel kr do or naa hi uska pesa deti h rapido or na hi waiting charge. Boycott Rapido
6f6a5831-ea27-42cf-8c23-1a7775329ec5,captain,2026-09,2026-09-28T19:30:46+05:30,5,5.95.1,2,nice aap
c2baba89-878d-47d4-99da-963c40d925eb,captain,2026-09,2026-09-28T20:47:26+05:30,1,5.95.1,4,this app not open
42065718-5591-454c-b677-8145a3ea44b9,captain,2026-09,2026-09-28T21:30:50+05:30,1,5.95.1,72,"After the new update, the way orders are being canceled, it is not possible to cover 2 km within 2-3 minutes, if you can't reach, it shows that the order is canceled by the customer, but the customer is not actually canceling. Will Rapido take the lives of the captains? Today, 11 orders have been canceled and 20 km of idle petrol has been wasted, thank you Rapido for wasting a liter of petrol worth Rs. 113.99."
fc493e33-395f-4450-9d75-01040109834b,captain,2026-09,2026-09-28T22:52:27+05:30,1,5.94.0,34,i am driving with repido last one year my complain about rating system if complete 4 5 booking still my rating was not changing and if rider cancel the booking sdunly rating was down 👇 very bad
dc5ce922-882b-4f4a-b372-741a4a797c3b,captain,2026-09,2026-09-29T05:02:53+05:30,2,5.95.1,23,i am working from 8year rider econfirm was problem and pick distance was showing wrong very parcel ride drop distance was getting wrong
227787f2-1d0d-42ea-b51f-7e5378cc76c5,captain,2026-09,2026-09-29T08:39:41+05:30,1,5.94.0,7,app drain battery night mood not available
75ff121b-a4aa-41b4-8a43-d5888ec9b177,captain,2026-09,2026-09-29T17:16:40+05:30,1,5.95.1,2,chip app
a21acc50-3e77-4add-9de4-4d5ad3b49b31,captain,2026-09,2026-09-29T20:18:07+05:30,5,5.94.0,7,I'm New please help me with demo
936100a4-7e66-4aae-9605-abcb79f5f836,captain,2026-09,2026-09-29T21:29:25+05:30,2,5.95.1,69,They drain your blood by putting height tax and commission. At the end of the day you will earn only petrol money which you put in your bike that's all you earn by this app. They take a heavy commission by enjoying their ac office. you work for the like donkey all day and at the end of the you will not get anything in the name of earning.
88314508-8b1d-4e6f-aa82-b534a175782b,captain,2026-09,2026-09-29T22:24:23+05:30,1,,49,bloody bastards don't use this bloody bastard app because without announcement without telling they will be converted into byte to auto either car call to auto either auto to car what it may be automatically they will convert into your account into other vehicle this is the bloody bastards 😡😡😡😡😡😡😡😡😡😡😡😡😡😡😡😡😡😡😡😡💩💩💩💩💩💩💩💩💩💩💩💩💩💩💩💩💩💩💩
38ab1fa3-deba-4f4b-bb16-4b74856ba1dd,captain,2026-09,2026-09-30T08:44:47+05:30,1,,2,bo no
7f11bcce-9ea1-4d8b-b092-498dafacaa53,captain,2026-09,2026-09-30T08:47:17+05:30,1,,4,bad app mt kro
11b9c61a-b35d-47d7-abd9-89c8c08a0618,captain,2026-09,2026-09-30T09:41:39+05:30,1,5.94.0,20,"worst captain app ,no customer care support ,harrasment app at all . balance deducted even customer cancelling orders , very bakwas app ."
6d64fba5-d11d-4166-bf67-0eadecc78b32,captain,2026-09,2026-09-30T11:26:38+05:30,1,5.95.1,38,"they just listen to the customers.. suspended my bike metro, bike boost etc. showing wrong & fake allegations given by a customer & didn't even had a conversation with me!!!!!now I can tell rapido is the worst of all"
b6e1de62-b0f9-49fe-8a74-f719ff36cf8a,captain,2026-09,2026-09-30T11:39:02+05:30,5,,2,nice aap
9eadfaa9-dd69-4167-93bb-431cbc5b1e80,captain,2026-09,2026-09-30T12:38:00+05:30,5,5.95.1,8,this is so good aap and good profit
2eec1309-ec5a-4439-9b6e-56b941cc6a58,captain,2026-09,2026-09-30T15:48:27+05:30,1,5.95.1,8,raat me bohot Kam pese Dene Lage ho
bb780909-937d-4c79-9d7d-196f5059ca3b,captain,2026-10,2026-10-01T01:23:11+05:30,5,5.95.1,12,very nice app 👌 har time pesse kamao kabhi bi kisi bhi time
6cf84bfd-902b-402c-8e3d-2916b37afed8,captain,2026-10,2026-10-01T01:29:14+05:30,1,5.95.1,4,rapido owner chor hai
11063e86-9146-464c-b783-0e32f25eae61,captain,2026-10,2026-10-01T02:00:15+05:30,5,5.95.1,4,Good job for rider .
a54b5ab9-7623-467a-83c1-07d92fd0cc62,captain,2026-10,2026-10-01T04:11:15+05:30,3,,3,it's constantly crashing.
e869ff6c-d092-4072-8dc7-8da31f7219d5,captain,2026-10,2026-10-01T07:02:59+05:30,5,5.95.1,86,"Rapido is a very useful and convenient app for daily travel. Booking a ride is simple, the app is easy to use, and finding a bike, auto, or cab is usually quick. I like how the app provides ride details, driver information, estimated fare, and trip updates in one place. It is especially helpful when you need to reach somewhere quickly without worrying too much about transportation. The overall experience is smooth and convenient, and the app makes daily commuting easier. Overall, Rapido is a goo"
4876e39e-3436-407c-812c-de81d76c76bb,captain,2026-10,2026-10-01T07:34:38+05:30,5,5.94.0,9,Good App but Navigation and map could be better
f7f7ff1d-b85e-44e3-b49c-3703b2a9ef70,captain,2026-10,2026-10-01T07:57:24+05:30,1,5.95.1,4,very poovar signal stranth
b4cf5cc2-5dc0-4274-b2c1-25dba7b9428a,captain,2026-10,2026-10-01T08:07:06+05:30,3,5.95.1,12,most of time getting low network low network what happen ur app
c7c7d07e-912b-4b2a-8686-071c9c5cde4b,captain,2026-10,2026-10-01T08:49:13+05:30,3,5.95.1,4,customer service is poor
90f02b05-a5e4-4b58-bf3f-226c04e790cf,captain,2026-10,2026-10-01T09:01:35+05:30,1,,4,not login new device
ca670943-fd45-40b7-8e05-8ab5bacadfdd,captain,2026-10,2026-10-01T09:05:42+05:30,5,5.95.1,20,Very supportive platform. Interface is fast and easy to use. Please keep sending more rides and orders thank you rapido
008c6ccc-bc0d-4b60-8409-ef98a3f0ebba,captain,2026-10,2026-10-01T09:17:45+05:30,1,5.94.0,27,fraud This company is sucking the blood of the driver partners. यह कंपनी ड्राइवर पार्टनर का खून चूस रही है।
de29c6d0-4ced-47d5-8790-c931c3fd75ae,captain,2026-10,2026-10-01T09:22:41+05:30,4,5.95.1,4,very nice to meet
2734c3dd-7e93-4baf-88f5-9270fc4fc59f,captain,2026-10,2026-10-01T09:51:46+05:30,1,5.95.1,21,incentive ke ride badha rhe h pr incentive nhi badha rhe Ur to ride ke rate bi kam de rhe he
bb2ed228-7072-4629-8b20-7c0e52f403f5,captain,2026-10,2026-10-01T10:10:00+05:30,2,,5,no good aap always problem
581a5a91-40c2-4dcb-ba4e-390335a14bf4,captain,2026-10,2026-10-01T10:11:21+05:30,1,5.95.1,10,"it's sucks battery , like any other app I have seen"
e76e883b-fe9e-4974-8aa6-fad2fba66e3a,captain,2026-10,2026-10-01T10:26:23+05:30,1,5.94.0,21,very bad and not working server error and not responding help line very bad to take ride so is very worst
a84a7de2-6e10-437e-a628-fb11509b2d96,captain,2026-10,2026-10-01T10:49:11+05:30,2,5.95.1,15,not satisfied with the service they are providing.honestly the orders & the pickup km range
9b0cbc9a-f0e5-4b51-acde-fd260a43f830,captain,2026-10,2026-10-01T11:02:17+05:30,1,5.95.1,19,"very worst customer support, first teach your customer support team to how to speak with customers, very unprofessional speaking"
261e7cce-b6ec-4946-b112-8da2da55db3b,captain,2026-10,2026-10-01T11:04:45+05:30,1,,14,number one fraud company rapido captain please install nammayatri auto passenger customer good service
36c65c3d-52c1-4dc8-b518-9cff585ab1fa,captain,2026-10,2026-10-01T11:58:35+05:30,5,5.95.1,2,good job
9926056c-6f9f-4664-ac58-81c243ca5fc9,captain,2026-10,2026-10-01T12:20:50+05:30,1,5.95.1,31,Pathetic app when trying to change cab no. and uploading documents it always gives error: Failed to upload ..app is always updated..even I want to change cab no not happening
ab94c42f-05a9-4dba-9350-159fdf4d634f,captain,2026-10,2026-10-01T12:28:39+05:30,5,5.95.1,4,very nice for earn
12cfb9d1-bf32-451b-944f-26e7bfc30d1c,captain,2026-10,2026-10-01T12:48:09+05:30,1,5.5.0,14,"Warning ⚠️ total fraud app, not responding captains issues , no taken any kind of responsibility."
fac64c6e-d224-42d8-a04b-9557564e5166,captain,2026-10,2026-10-01T12:49:47+05:30,1,5.95.1,127,बहुत ही घटीया सिस्टम है राइड आते ही कैंसल हो जाती है ओर अगर राइड आए तो भी कस्टमर सपोर्ट की टीम कस्टमर को कैंसल करने को बार बार मैसेज करती है ओर इनका हेल्प सपोर्ट भी बिल्कुल 3rd से भी लोवर क्लास है कभी भी कॉल नहीं लगता ओर लगता है तो सपोर्ट एजेंट भी प्रॉब्लम का समाधान नहीं कर पाते बस गोल गोल घुमाए जाते हैं और लास्ट में सोलुशन कुछ नहीं होता उनके पास
ada58bc7-0026-4bcc-a46a-aff7cc6fc420,captain,2026-10,2026-10-01T13:06:15+05:30,1,5.95.1,34,"show the rating of the customer. like which customer is good and which one is wrost. otherwise what is the point to give customer star after completing ride, if you can't show theirs star"
dbca219e-60ee-4908-893d-f6ef9d1c070b,captain,2026-10,2026-10-01T13:13:53+05:30,1,,26,ek number ka chor Hai rs rs 18 km ki baat karta hai aur deta Hai 10 se 12 km customer ko phone karenge to bolata barabar mila hai
33d806f5-8100-4304-9ccf-3417ee9a0c67,captain,2026-10,2026-10-01T14:09:23+05:30,1,5.21.0,30,trip ka payment show nahi kar raha and customer care me call bhi nahi lag raha .. bhut try kar raha hu .. trip kaise receive karu trip ka payment dekhe bina
1a4d0e06-aba1-44e5-a88c-933a3b0ac6c6,captain,2026-10,2026-10-01T15:12:00+05:30,1,5.95.1,93,"I recieved an food order 6:30 today, restuarant is closed and their contact no not reachable. now the time 9am. still the order is showing on the screen hence I cannot new orders untill the previous order is close. and am trying to reach the support. maybe they are also switched off the phones and sleeping still. CAN SOMEONE RESPOND TO THIS ?.wow I just opened the rapido app it saying -700 in my account. wonder why. I wish I cud post a screen shot. but for the same order which I posted on mornin"
97c01b31-36ed-4fac-83fc-432c211cfd4c,captain,2026-10,2026-10-01T16:02:02+05:30,1,5.94.0,14,before i drive bike but i want to change my auto so helpm me
20162b7b-e59f-48e5-9c92-5c3f0ef5a4a9,captain,2026-10,2026-10-01T17:18:56+05:30,5,5.95.1,2,good day
314b75fb-dbfa-44f6-b027-3af38ecaf72f,captain,2026-10,2026-10-01T17:28:02+05:30,3,5.95.1,9,money not transferred and very low price 😭 no benifit
f4228e4c-d623-4338-8b9b-57adbb490b38,captain,2026-10,2026-10-01T18:21:21+05:30,1,5.94.0,27,"The customer care is absolutely terrible; I've been stuck with a problem and have been calling them for two hours, but I haven't received a single response."
692fcc4e-859f-4c34-bf07-dd98199557b8,captain,2026-10,2026-10-01T18:29:01+05:30,1,5.95.1,59,"mai manish kumar ""Sir, meri Bikaner ki Captain ID hai. Main daily 15+ rides kar rha hu, 4-star rating hai aur 100% acceptance rate hai. Phir bhi incentive section me 'Nothing available right now' dikha rha hai. Email karne par bhi support team koi reply nahi de rhi hai. Kripya meri problem solve karke daily bonus chalu karne ki kirpa kare"
eed2cf44-158e-4b12-96b9-ca5fc1c6756f,captain,2026-10,2026-10-01T18:30:05+05:30,2,5.95.1,22,Very Bad support team my verification pending for last 20 days and I raised many tickets but they don't help me in it
93e67a10-5939-453c-b62e-bf0bfcd57e8d,captain,2026-10,2026-10-01T18:35:55+05:30,5,5.96.0,4,please use Google map
1c5c5610-974d-4643-8904-9126c0eb90de,captain,2026-10,2026-10-01T18:50:07+05:30,1,5.94.0,3,no proper service
e8fb9f60-9ed9-4aeb-8352-8d82a4740c4b,captain,2026-10,2026-10-01T18:54:06+05:30,1,5.95.1,43,I worked as a captain in last 2 year but also I have tried lots of time to call support team but they do not able to attend the call wrost app I have to request in panipat haryana don't use this application thanks
8dc1849b-cf70-4abb-befc-aee562fedcdb,captain,2026-10,2026-10-01T19:09:29+05:30,1,5.94.0,13,"worst experience ever , waited for 2 hours and still didn't get a single ride"
0a72d51f-007e-4cde-aa2f-9e47cca1dfc7,captain,2026-10,2026-10-01T20:00:13+05:30,1,5.95.1,7,ekdum bhangar Rapido Rate khup kami ahe
b11323a4-c572-4b58-bae4-f2fbea918caf,captain,2026-10,2026-10-01T20:06:27+05:30,5,5.95.1,3,laging a lot
a6bafe37-4f76-48ba-b60b-597fc4043b79,captain,2026-10,2026-10-01T20:37:50+05:30,1,,15,"Every time, it shows the training tutorial video even though I have already watched it."
eda7cfbb-5bf0-4df4-8062-815d6d479e97,captain,2026-10,2026-10-01T20:56:50+05:30,1,5.5.0,9,rapido company chor Hai sirf customer ki sunti Hai
c44938c4-77b4-4e26-8c7d-7f0240a75e1d,captain,2026-10,2026-10-01T21:19:36+05:30,1,5.95.1,46,"when real need of costumer service no one solve issue and no one pick the call , one more thing parcel of groceries very bad 😞😔😔 experience no approve given by costumer at time of delivery 🚚 1 waste my 45 minutes. no bonus not extra money... really so bad service..."
59c67ddd-7a5c-402f-9ad5-8a9bce065ac0,captain,2026-10,2026-10-01T21:20:28+05:30,1,5.95.1,15,west time controlling limited trips don't give trips target 1500 west time using like timpas batani
6d96b20a-b69a-40d5-bdb9-1bd1ccccb5ca,captain,2026-10,2026-10-01T22:30:05+05:30,5,5.94.0,33,"Repito is a really useful app for learning and practicing English. It is simple to use, and I enjoy practicing English conversations on it. It has helped me become more confident in speaking. 👍"
ce33421f-0696-4107-97ad-df150d619041,captain,2026-10,2026-10-02T00:36:29+05:30,1,5.95.1,15,scammer app delivery rider k hak k paisa khate hai ise acha to shadofax hai
e13cfa5b-3147-4ca3-ad6d-5da05a494d0e,captain,2026-10,2026-10-02T01:03:16+05:30,5,5.95.1,4,rapido captain nic app
2402d4fd-a343-4eb3-8ec1-b68266d8302f,captain,2026-10,2026-10-02T01:48:41+05:30,5,5.94.0,1,happy 😊
c4033e25-ecdd-47bc-928e-9b5e2600e1c6,captain,2026-10,2026-10-02T02:25:11+05:30,1,5.92.2,17,this companies of fraud company manipulate the travels take a not show app transition with daily charges
7ace11a2-cabc-48d0-8520-959ea25ee941,captain,2026-10,2026-10-02T04:09:52+05:30,1,5.3.46,6,Worst apps faltu app time waste
4c72a121-e317-4d05-b978-ee83c4f1bc10,captain,2026-10,2026-10-02T04:57:09+05:30,1,5.95.1,33,"Had a very bad experience with this app, worked for a long time, but customer reviews are given more importance and there is no value for the rider to work on this app."
d0b04336-1cf0-4ef2-a38b-8cd947540123,captain,2026-10,2026-10-02T07:02:23+05:30,5,5.94.0,1,dudhdh
482307d5-9dba-42bf-b2d5-e70e391b53d2,captain,2026-10,2026-10-02T08:11:46+05:30,5,5.95.1,3,sakhi develop mend
cefd613c-474f-4867-8286-460ab5f9f942,captain,2026-10,2026-10-02T08:50:07+05:30,1,,94,"Problem solution hot nahin tumcha kade? System? Not acceptable rapido? Our time is being wasted and I am yet to find a solution to the problem. If there is a problem with the system then the Rapido people should have cleared it and given it to you. If there is a problem in the system, a solution should be found immediately because our time is wasted. If we are starting the right in the morning then it is not getting approved, so should we start it in the afternoon, Sir, this is not our"
cf7cffe0-b7d6-4ea9-bf69-681271f93a40,captain,2026-10,2026-10-02T08:50:24+05:30,3,5.95.1,7,bad coustomer care service very very bad
fc1285f6-4963-4ccc-ae2c-c614ac7f36c0,captain,2026-10,2026-10-02T09:13:10+05:30,2,5.96.1,69,hi rapido your new feature is a very worst because if any captain cancel ride after accepting because there is a big reasons like road close u turn close and heavy traffic then we cancel any ride and we are not happy to cancel any ride try to understand the situation.u can't suspend any captain on this so called over cancletion so please remove the worst feature ever!!!
9a542e87-e5f6-4f88-bb47-03202fb77c50,captain,2026-10,2026-10-02T09:35:41+05:30,1,5.95.1,4,why price not display
fec011ea-e742-4207-bbb6-e546d17b7439,captain,2026-10,2026-10-02T10:39:56+05:30,1,5.95.1,45,system assigned the orders right but after we accept the orders and when we are about to reached the pickup location system cancels the order and blame it to the customers that customer has cancelled the order. same on your management team blaming to customers.
f657a4d6-99ff-46c2-b608-345a499bc056,captain,2026-10,2026-10-02T11:11:05+05:30,1,5.95.1,45,"""Hello Support Team, I registered on the Rapido Captain app 30 hours ago. All my documents have been successfully verified, but my account is still not activated even after waiting much longer than the stated 60 minutes. Please activate my account as soon as possible. Thank you."""
33143a19-007d-4c2b-b65c-b3947013f1a6,captain,2026-10,2026-10-02T11:14:56+05:30,1,5.95.1,52,"I applied for account activation, but it has been stuck for more than 2 days. My Driving License was verified, but the Photo, Vehicle Number, and Aadhaar/PAN Card details have been stuck on ""Under verification"" endlessly. Raised multiple support tickets, but there is no reply or accountability. Pathetic onboarding and support experience."
20cda897-f5ab-4574-a60e-a46f9c80aad6,captain,2026-10,2026-10-02T11:31:27+05:30,1,5.95.1,5,cheating app not use this
34346f98-1703-4dac-b2c2-c5e01bb38a8c,captain,2026-10,2026-10-02T11:58:41+05:30,1,5.94.0,51,"worst app every time it's asking low internet,and u didn't get fare rides it's give you low amount for more kilometres and pickup location shows less kilometres while ordering after accept the order it will show far distance 😞 so don't do this do uber ❤️ give fare amount for fare kilometres"
ca9dd2d1-bdde-4a14-a2cf-6361a146a9ec,captain,2026-10,2026-10-02T12:36:04+05:30,2,,3,d db🍑🍑🌰🍑u
63d8cd73-1a49-4ecd-841d-c5ebbcb4a255,captain,2026-10,2026-10-02T12:43:25+05:30,2,5.95.1,66,for new captains it's not showing the subscription option and reaching out to the customer care is like a dead end. not a single call is connected to customer care. and they even not responding to any mails. the fee or commission they are taking is 30% of fare. it will be very less margin for the captains. rapido should take care about the app and subscription
fcf46908-60fb-4ca9-b02c-22d4bf67c107,captain,2026-10,2026-10-02T13:01:33+05:30,2,5.95.1,5,not back to back order
aad6c019-59df-4c0e-8d88-bfb82d404f79,captain,2026-10,2026-10-02T13:25:09+05:30,2,5.85.0,6,10000 ka Chala kon bharga rapido wala
b916b41a-889c-4ddd-aa43-7451a306f5da,captain,2026-10,2026-10-02T13:32:42+05:30,1,5.95.1,33,"Before accepting an order, the app shows a shorter distance, but once the order is accepted the distance increases. I don't understand how Rapido calculates ride distance. The distance shown beforehand is misleading."
cfe01513-345a-4c9d-a61c-83558fe80b02,captain,2026-10,2026-10-02T13:51:51+05:30,5,5.94.0,2,good aap
126be7c1-a2a3-4186-9f06-64e09fd7cb17,captain,2026-10,2026-10-02T13:53:39+05:30,1,5.95.1,30,for last 15 days your so called captain support is not reachable what a disaster order ride cancel hone pe koi cancellation fee nhi mil rha na koi customer support worst
da40e294-9124-4aca-8c7f-08d6eb56fab0,captain,2026-10,2026-10-02T13:56:35+05:30,5,5.94.0,9,Did your phone get Warmer While using the aap
895cf8b9-db28-4e02-a77f-4ee1ee1281e1,captain,2026-10,2026-10-02T14:38:13+05:30,1,5.94.0,4,ride nhi aati hai
8de5b3e1-9ece-4a9f-a3fc-2f2780239bce,captain,2026-10,2026-10-02T15:34:05+05:30,5,,17,Rapido removed in bike taxi comission in hyderabad thank you so much entire rapido team and management.
55fd3875-abef-426b-8998-8946a795fe04,captain,2026-10,2026-10-02T15:51:17+05:30,1,5.95.1,56,jab seene mein rapido star start Kiya Hai tab se ID sahi se chal rahi hai aur na hi Paisa ride ka according mil raha hai aur uske sath sath parcel ki ride aur grocery ki bi ride bhi nahin a rahi hai unhone pata nahin kyon update kiya hai app ke liye very bad performance
23453cc8-4269-48c4-8f15-2ac3a8008c4d,captain,2026-10,2026-10-02T15:52:03+05:30,1,5.94.0,34,waste app from morning to evening a single ride will not come in my app after contacting with customer care they told wait . I am in high demand are but still not getting ride
7a51d0bc-222a-4b59-955e-2e778133b5f7,captain,2026-10,2026-10-02T16:39:53+05:30,1,5.95.1,79,ಈ ಅಪ್ಲಿಕೇಷನ್ ಕಸ್ಟಮರ್ ಮಾಡೋ ತಪ್ಪು ಕಂಪ್ಲೇಂಟ್ ಗಳಿಗೆ ಕ್ಯಾಪ್ಟನ್ ಗೆ ಪೆನಾಲ್ಟಿ ಹಾಕ್ತಾರೆ...ನಾವು ಮಾಡೋ ಕ್ಯಾಪ್ಟನ್ ಗಳು ಮಾಡೋ ಕಂಪ್ಲೆಂಟ್ ಗಳಿಗೆ ಇವರು ನಯಾಪೈಸೆ ಬೆಲೆ ಕೊಡಲ್ಲ...ದಯವಿಟ್ಟು ಯಾರು ಕೂಡ ಈ ದರಿದ್ರ ಆಪ್ ಅಲ್ಲಿ ಡ್ಯೂಟಿ ಮಾಡೋಕೆ ಹೋಗಬೇಡಿ...
8b3b21b7-e948-4e24-a685-c31927fd7171,captain,2026-10,2026-10-02T17:04:18+05:30,1,5.94.0,18,customer support bekar h koi problem solve nhi karte rider ki. mera paisa fsa hua h earning ka..
0a3c7eb6-95ff-494f-b0ce-31ec3fa11657,captain,2026-10,2026-10-02T17:15:06+05:30,3,5.94.0,66,I am using the app for 7 months it have many bugs in the choose your plan option there is 4 plans 0 comission plan and 17 % comission plan and ₹10 comission plan and 0 comission subscription plan and ₹11 per kms plan in those I choose 11₹ kms plan but it's not working unable to switch the plan other plans are working I don't know what type of bug in the rapido app
77a99578-c87e-4061-b5c6-bbe7c7db1532,captain,2026-10,2026-10-02T18:03:06+05:30,1,5.94.0,18,worst app 3 times I have paid payment my account get debit then payment got cancelled not getting refund
fb0f9972-846a-4a03-b98f-880636d0f09e,captain,2026-10,2026-10-02T18:14:02+05:30,5,5.94.0,1,veerendrabangalore
fc39c03b-c022-4e63-8b3d-3b0060d3de53,captain,2026-10,2026-10-02T18:55:14+05:30,4,5.94.0,15,Unable to activate food delivery after updating the app. It just shows the blank screen.
1fea6190-89c0-4cba-8f5d-45189287b1bf,captain,2026-10,2026-10-02T18:59:21+05:30,5,5.94.0,3,is not good
4da542c2-5099-41e6-a284-251c34ddcfa8,captain,2026-10,2026-10-02T19:00:11+05:30,4,5.95.1,42,"Best app ,but battery 🔋 draining,fully background running, again battery 🔋 drain issue, background running all time ,option enable, mobile too much of heat produce, customer cancel the parcel order ,captain points reduced, parcel order 0% commission, but next day convenience fees charged Rs.9/-,"
d5791d58-5012-4214-9833-6ef3180dbd9b,captain,2026-10,2026-10-02T19:06:01+05:30,1,5.95.1,136,बिल्कुल बेकार मेरे सारे डॉक्यूमेंट लेलिए पेन कार्ड RC कार्ड और 3 दिन से ज्यादा हो गए एक ही जगह अटका हुआ है सब हो गया बस नाम और फोटो पर 3 दिन से अटका हुआ है मेरे पेन कार्ड का फोटो दिया RC कार्ड का फोटो दिया डिटेल दी है। मुझे इसका प्रॉपर जवाब चाहिए नही तो मे पुलिस मे कंप्लेंट करूंगा। डाउनलोड मत करना आपकी ID ले कर कुछ नही करेगा और बाद मे ID का रिस्क रहेगा।
f60f7c8b-b54d-4caf-8123-10288c9bafeb,captain,2026-10,2026-10-02T19:11:06+05:30,1,5.95.1,48,"worst experience,waste of my time..My documents successfully submitted but account verification still pending last 4days.. every minute chat costumer service nd calls coustomer care,send the Mails but no use every time costumer service response wait in 24 hour's but no use (4 to 5 days same repeat answers)"
a8d13ae9-df9e-4401-9423-90a99fce2949,captain,2026-10,2026-10-02T19:20:08+05:30,4,,22,hello rapido partner I m rapido captain in 3 month nice app and very helpful is extra earn money so thnku rapido app 🙏
3209e0d5-6c40-441c-9af1-fde9126f8350,captain,2026-10,2026-10-02T20:14:17+05:30,5,5.95.1,4,Best earning Pletform aap
0908776f-6dfa-47c4-90b9-a466fffe7d90,captain,2026-10,2026-10-02T20:21:02+05:30,1,5.94.0,3,some disturbance everyday
b8331d8e-d382-41c6-813f-d521641c0746,captain,2026-10,2026-10-02T20:21:09+05:30,4,5.95.1,3,bast earning metade
6bd7ecd4-3f7d-45e9-934e-26c408f21c3b,captain,2026-10,2026-10-02T20:58:51+05:30,5,5.95.1,17,call me muhje vehicle change karna hai par ho nhi rha hai please rapido team contact me
d40fca22-f2b0-4dc1-83f4-772bde8fab6e,captain,2026-10,2026-10-02T22:51:28+05:30,1,5.95.1,4,worst app never seen
6314df53-1ab0-4da3-ad7b-534075c51bbf,captain,2026-10,2026-10-02T23:16:33+05:30,1,,45,"This caption app is weast for riders only benefits giving to customers only and customer care service persons are talking very Care less answer to captions and they are not ready to give any support to captions, only they have taste customers underarm,and cock."
78322d2f-268a-4147-98bf-461d9e60c58a,captain,2026-10,2026-10-03T00:01:11+05:30,5,5.96.1,2,sabse Best
5bb4b138-50af-47a3-a6f7-f77c5c9972be,captain,2026-10,2026-10-03T01:18:34+05:30,1,,79,"You bragged about ""100% earnings to captains"" and ""Rapido pays govt taxes,"" thinking we’re illiterate and can’t calculate basic math. You quietly slashed the rate card from ₹12/km down to a disgusting ₹7/km and killed every single incentive! ​5.2 km paid ₹68 earlier. Today you throw ₹51 at us. You aren't ""absorbing"" anything—you are picking captains' pockets while petrol prices bleed us dry. We burn fuel and ruin our bikes to build your valuation, and you pull this cheap trick? ​Explain this.."
fc801407-89d0-4a73-986e-ea88bfa6d19c,captain,2026-10,2026-10-03T01:25:30+05:30,5,5.96.1,9,very very nice platform 😍😍 but commission is too high 😔😔
540be525-6cc5-4b48-8721-935f6e8dd092,captain,2026-10,2026-10-03T03:06:03+05:30,1,,9,It's bad for Rider. it's chor rapido captain app.
f2bc101f-fb28-474a-8c64-b7596bd32062,captain,2026-10,2026-10-03T04:57:55+05:30,5,5.94.0,2,super smart
b33975e3-0660-4faa-8353-48fbc902db39,captain,2026-10,2026-10-03T05:23:13+05:30,1,5.95.1,3,iski maa ki
7ff38cb4-3651-4904-a9ad-e43f626eb64f,captain,2026-10,2026-10-03T08:46:53+05:30,1,5.95.1,31,rate bahut kam hai no ride rate ko Sahi Karen 25 km ka 300 fair hai 12 lakh ki gadi do 250 ki ride driver kya khaega kya piyega kaise apne ghar ka gujara Karega
8e4eb560-a2fd-4a0e-91a4-055c119c2d4a,captain,2026-10,2026-10-03T09:12:45+05:30,5,5.96.1,7,one of the best app for earning
a86f46e6-0485-4a23-89a5-d65ba5cff4ad,captain,2026-10,2026-10-03T09:16:16+05:30,1,5.95.1,31,"This is not an app, this is a tickling time bomb, that will explode your phone while riding. If you want to keep your phone safe, stay away from this app."
6c2f0e3a-8d5c-4823-a537-e5b0782ad9c1,captain,2026-10,2026-10-03T09:19:10+05:30,5,,3,Google supervise service
6e24e007-d687-41d6-9332-00bae414bed9,captain,2026-10,2026-10-03T09:24:57+05:30,1,5.96.1,42,cut the commission higher than u expected not enough earning to manage your Fuel or maintenance Rather then it's not giving the reasonable price to you and take the higher prices from the customer but not giving reasonable price to the captains
9e7c44f0-e980-42fb-97d3-f9cccaa8025d,captain,2026-10,2026-10-03T09:36:13+05:30,1,,10,ghatiya app din mein sirf do hi order milta he
30dd70d4-c7dd-418b-bf56-e4863e3b6fc7,captain,2026-10,2026-10-03T09:52:41+05:30,1,5.95.1,48,"Very poor experience with Rapido. My order was already cancelled by the restaurant, but it was still showing active in the app. I waited for around 1 hour, yet I was charged ₹245.80 penalty and my Captain ID was suspended. Support has still not resolved the issue. Very disappointing service."
62f04d26-bcca-4633-997b-0850be263d5d,captain,2026-10,2026-10-03T09:59:56+05:30,1,,11,"Aapka team ka nike kahol lagata naye , koi baat hoti hai"
f55aefa4-f6a5-4f9a-86b4-26de28f2e2ff,captain,2026-10,2026-10-03T10:07:10+05:30,1,5.95.1,50,"""The ride starts about 2 kilometers away from where I usually stand. If I go to that spot, I get rides from where I was before."" ""The current rate card feels unclear and the pay feels low for the distance and effort involved. A clearer and fair rate structure would help."""
56a67bfa-9ff4-4ab8-a16f-4253a99511ec,captain,2026-10,2026-10-03T10:23:32+05:30,1,,14,better to use uber specially in bangalore very poor costumer care also there audience
d9d0a49d-046d-4c12-b299-0001b11dbe2b,captain,2026-10,2026-10-03T10:31:19+05:30,1,5.95.1,15,rider any asking help is not connecting to worest customer care service in this app
93cec2e1-813e-434d-932b-d0efdfd90261,captain,2026-10,2026-10-03T10:54:12+05:30,1,5.96.1,9,rapido captains taking extra amount bike auto cab all
85511230-2537-4495-bb33-154812e0d678,captain,2026-10,2026-10-03T11:16:23+05:30,1,5.95.1,23,"In this app, there is no typing option for captains to report safety-related issues caused by auto drivers at the pickup location."
b81f1b76-ffb9-4902-8b6e-4d545e622914,captain,2026-10,2026-10-03T12:38:23+05:30,1,,14,I am a Rapido captain but I am not getting a ride or incentive.
be082c16-9d15-491d-bf41-932fcb732977,captain,2026-10,2026-10-03T13:04:21+05:30,1,5.95.1,40,"इतना गाली देने का मन कर्ता है कि बता नहीं सकते हैं, support team bhi waisa hi खत्म लोगों से भरा पड़ा है...... 200rs के राइड पर 70₹ चार्ज ले रहा है....... Mc"
d6e12c14-6258-46a9-8105-81de682f9597,captain,2026-10,2026-10-03T13:05:37+05:30,1,5.96.1,85,"bad experience 🤮🤮🤮🤮,, राइट कंप्लीट करने के बाद कमीशन के नाम पर यह लोग पूरा पैसा काट लेते हैं आपकी अर्निंग में से पूरा 20% काटते हैं अगर आप सो रुपए कमा रहे हो तो आपको उसमें सेसिर्फ 80 रुपए मिलेंगे ,,, इनकी पॉलिसीज सिर्फ शो ऑफ के लिए है 1 कि का 10 रुपए है बोलने के लिएहै ,,,"
4f897ec6-5332-4213-a772-4cf761c3109e,captain,2026-10,2026-10-03T13:23:51+05:30,1,5.95.1,28,"fraud company. After perchesing the zero subscription plane, they are not giving any ride. 3rd class company. They don't care about riders. what they care is only commission."
21117442-90ec-4ab0-b381-9c008a86636d,captain,2026-10,2026-10-03T13:37:20+05:30,1,5.95.1,2,ghatiya app
7696bb98-7ab6-432b-b721-55cb6e65d31c,captain,2026-10,2026-10-03T13:58:43+05:30,1,,26,mene rapido captain ke liye registration kiya to mera name galat register kr diya ankit yadav Krna tha Pappu yadav kr diya please use thik kre
848aadbb-7682-49af-9b53-acd26098aa33,captain,2026-10,2026-10-03T14:20:35+05:30,1,5.95.1,83,"We need surge around Chandapura and Attibele regions. Low orders and less pay. if we go from bommasandra to Marsur, we don't get any orders from there. The roads around upkar and Mansur is in the worst conditions. Chandapura traffic is so hectic that it takes 1 hour to pass 1km. We cannot ride for 5-8 km and come back to the same route without any orders. It's difficult to accept orders for 35-40rupees. The rides are not worth it and UBER actually pays more"
fe62cfe4-9a20-4f70-856c-1d6bb2833ee3,captain,2026-10,2026-10-03T14:24:27+05:30,1,5.95.1,79,"Very disappointing support experience. My Captain ID was suspended because of order cancellations, but the cancellations happened due to a genuine bike issue, and I had informed the customer as well. I tried contacting customer support 29 times, but I could not connect with an executive when I needed help. Instead of properly checking the situation or discussing it with me, my access to food, grocery and parcel orders was suspended directly. Captains can also face genuine emergencies, and there."
5ca811be-f1cf-4ef8-b5f2-1fddf365d0a2,captain,2026-10,2026-10-03T14:37:34+05:30,5,5.95.1,1,gajab 👌
f0eb0048-4282-443a-869d-53bab788605f,captain,2026-10,2026-10-03T14:44:43+05:30,1,5.95.1,29,worst application no support when facing in apk problem. After complaining several times of price is not showing of the rides rapido support team is not solving the problem.
a309583c-7cfd-4cfc-a9ce-6b5182769aa6,captain,2026-10,2026-10-03T15:48:16+05:30,1,5.96.1,20,రోజు ఒక 50 రూపాయలు ఆర్డర్ ఇస్తారు 29 కమీషన్ తీసుకుంటారు సూపర్
264d72ce-54b1-4124-a29f-f961e4fbeb62,captain,2026-10,2026-10-03T16:24:46+05:30,1,5.3.41,2,low orders
ce73d2b0-3fdf-4cc4-9a7f-4080b77d600a,captain,2026-10,2026-10-03T16:39:34+05:30,5,,4,very good earning app
e2b60384-fceb-484b-b962-ee4ce3664e2e,captain,2026-10,2026-10-03T16:48:17+05:30,5,5.95.1,30,Sob accha platform hai Rapido captain. All India iss platform kaam kar.Koi apna ghar chala hai Koi apna emi Barta hai.Koi apna baccha ka school fees Barta hai.
0bd31c86-4fa5-4f38-9a24-f291345ddf27,captain,2026-10,2026-10-03T16:51:31+05:30,1,5.96.1,61,worst service I ever had earning is good but customer care service is worst no number to call if I call also in first ring call automatically cutting what will I do when no one care about customer n caption worst app better we can do uber there are good in customer care service if we compare to this worst app
fbe0cd72-3282-4c82-bacb-4a6e0a9e5990,captain,2026-10,2026-10-03T18:05:19+05:30,1,5.63.0,5,rate bahut kam rahata hai
c30dd60e-c1d6-4bfe-9288-ac72e0dd4075,captain,2026-10,2026-10-03T18:57:07+05:30,5,5.95.1,3,I'm very happy
b3a671b3-fda2-4615-bc47-27b5706e6274,captain,2026-10,2026-10-03T19:10:48+05:30,1,5.95.1,12,worst service in rapido captain customer care service not response any reason
1734b2c4-db37-4487-9d4a-4575bc242166,captain,2026-10,2026-10-03T19:39:04+05:30,1,5.94.0,9,phone mein open hi nahin ho raha hai ID
05f406a7-31d0-4402-8b01-7a5f2ff83da6,captain,2026-10,2026-10-03T19:51:56+05:30,1,5.96.1,8,bro no fast response from the help line
90d882db-e4fc-4430-a726-9300e055fd92,captain,2026-10,2026-10-03T20:15:01+05:30,1,5.95.1,14,sabse ghatiya app hai rapido sudhar jao rapido driver ka khun pina band karo
ad23cf54-3110-4677-a805-51234798d9d1,captain,2026-10,2026-10-03T20:15:22+05:30,1,5.95.1,35,customer paid online but didn't recive on my wallet it's 154 amount. order id 5052 bihar patna didn't find mail id of rapido in which I provide evidence of customer payment screenshot provide me rapido mail id
882ff795-02a2-4bad-a72c-438c23423320,captain,2026-10,2026-10-03T20:20:10+05:30,1,5.95.1,21,Every week there will be new update available? why? Also if passenger cancel ride then also the rating decreased by Rapido.
8b581e05-f866-4abf-9580-197ea0a421b3,captain,2026-10,2026-10-03T20:55:10+05:30,1,5.95.1,9,no customer support absolutely pathetic service for the raiders
fe68c60c-ff22-4a75-9c84-d751a125a797,captain,2026-10,2026-10-03T21:00:58+05:30,1,5.95.1,18,my new bike rc showing under verification.since 10 days.and not getting orders properly.showing wrong map directions.
a72b06ad-9747-4cff-9482-20d41fb50cff,captain,2026-10,2026-10-03T21:05:20+05:30,5,5.95.1,35,"Alert 😱 Trips showing only 1 second so definitely we can't accept and evening compalsary they move only opposite direction trips only we can't Go home froud cheating company, monthly income below 5 k so don't join anybody......"
7ec4aeae-abe0-4e22-9957-fd6881bb4540,captain,2026-10,2026-10-03T21:09:50+05:30,1,5.95.1,7,costumers se related koi help nhi krte
d3226b0a-970b-4a98-bbe3-df11d224926f,captain,2026-10,2026-10-03T21:12:07+05:30,1,5.95.1,83,"फूड डिलीवरी का 150 रुपए जॉइनिंग फीस ले लेता हे फिर फूड डिलीवरी का सर्विस शुरू नहीं करते, कॉल सेंटर को बार बार कॉल किया तो हर बार बोलते हैं कि आधा घंटा में चालू हो जाएगा, आज 5 दिन हो गया है किन्तु सर्विस शुरू नहीं किया rapido वालो ने"
738b3356-5c8e-4fcf-b6d0-d55afe3b1d01,captain,2026-10,2026-10-03T21:59:10+05:30,1,5.95.1,22,customer care so bad....aise lagta he ki hum ne paap kiye he....sabse ghatiya...aisa aaj tak jindagi me nahin dekha
61f31f90-926b-40bb-9d56-68da6ac6c276,captain,2026-10,2026-10-03T22:03:09+05:30,1,,4,Wrost Support For Captain
e2c76a0a-638c-4182-bab5-649e77bb580a,captain,2026-10,2026-10-03T22:08:01+05:30,1,5.96.1,21,very very bad app very bad price and not showing correct map then showing map in 5 km more very bad app
eb7029a8-df99-4585-86b7-6fcfcf3b6da4,captain,2026-10,2026-10-03T22:15:24+05:30,1,5.95.1,3,third class app
04fb8af6-596a-462d-a0ae-0a69b147a60a,captain,2026-10,2026-10-03T23:04:37+05:30,5,5.94.0,27,super very cool and comfortable ride in low price every time 😍👌🙏 love this Rapido Team To Support every time and enjoy times and meet some new friends
1183e268-7706-4d6d-af30-260ea8132c9b,captain,2026-10,2026-10-03T23:32:51+05:30,1,5.94.0,63,"I don't get a ride. Where 10-20 drivers are standing everyone gets a ride but I don't get one and this is a daily problem, that's why there is no value in working in your company Sometimes by mistake you people give me work for one day in a month then again the same daily drama what is the meaning of work for Rs.100-150???????????"
2642a03c-b50e-4c47-8303-1f4726afd686,captain,2026-10,2026-10-03T23:43:39+05:30,1,5.94.0,7,I'm unable to upload rc and documents
36bb0463-51b6-41f1-9e73-773113193442,captain,2026-10,2026-10-04T00:40:02+05:30,1,5.58.0,73,is app me bohot sari dikkt he ye kehna galat hoga ki ye app bekar he but rider jo admi apne 12 se 15 ghnte kam kr rhe he unhe ride nhi milti h jo log part time kr hisab se chalate he unhe milte he me pichle 3 mahine se chala rha hoo or aj bhi sham 6 bje se rat ko 12 bje tak betha he rha hoo 43 rupys ka kam kiya hai is aplication se
106d3433-5a49-4f81-b999-4679f6b64979,captain,2026-10,2026-10-04T04:16:14+05:30,1,5.94.0,6,not polit rapido team for drivers
f69e2ca2-ff4f-4d8e-bf6c-8bb4ebb834cb,captain,2026-10,2026-10-04T06:47:11+05:30,5,5.95.1,4,good and public helpfull
f6a1512f-7862-465b-9122-f6c75febedcb,captain,2026-10,2026-10-04T08:19:48+05:30,1,5.95.1,10,"amount is so less, plzzz improve amount for the captain"
3feb2a80-ad56-4aff-a544-f33e48d620be,captain,2026-10,2026-10-04T08:23:05+05:30,1,5.95.1,2,low earning....
35d632f2-ef95-42e0-90a6-770a1cca24ab,captain,2026-10,2026-10-04T09:00:06+05:30,5,5.95.1,11,thank you very much rapido but please fix your map Assistant
dd4c7610-2573-4b7a-baae-45dfbc20cb8b,captain,2026-10,2026-10-04T09:10:45+05:30,5,5.94.0,2,ek number
3e32d4b0-3484-41b8-b2c8-4cc159a25f5f,captain,2026-10,2026-10-04T09:39:28+05:30,1,5.95.1,22,rapido company sirf customer ko support karti ha captain ko koi problem ho to customer care mein phone bhi nahin lagta Hai
65856c9f-14cc-46dd-9e59-eb2452208467,captain,2026-10,2026-10-04T10:04:42+05:30,5,5.94.0,1,6 year
5e1c42c2-2286-45e7-a52c-ebf16469a0c6,captain,2026-10,2026-10-04T10:37:30+05:30,4,,4,t hight hi hi
5ac90a9b-3469-475b-9fa0-c026d04f2514,captain,2026-10,2026-10-04T10:54:30+05:30,1,5.95.1,123,पिक अप गलत लोकेशन दिखाने के बाद भी कैंसिल नहीं कर सकते हैं और कस्टमर कैंसिल ना करें तो आप ऐसे ही बैठे रहो जब तक कस्टमर को कैंसिल ना कर दे कस्टमर केयर में कॉल लगता ही नहीं है कस्टमर केयर में कॉल करो तो बोलता है कि आपका हमारे हाथ से नहीं होगा तो किसके और से होगा ऑफिस परजाएंगे जा रहे हैं ऑफिस पर वाले पर बोल रहे हैं कि हमारे हाथ से नहीं होगा रैपिड वाले अब तो गलत है
099c82c1-d12b-46af-8782-3335e34fed82,captain,2026-10,2026-10-04T11:32:09+05:30,1,5.95.1,10,"worest app, full comision no earnings time and petrol waste"
68d9fd55-4b5d-4e87-96a2-7fdf88356c16,captain,2026-10,2026-10-04T11:33:49+05:30,1,5.95.1,24,for a captain price bhout kam aare in Nizamabad Long distance ke liye bhi 25 30 rupees hi aare what is this..? earning bht kam hai
6fc6668e-f714-458c-8b11-c0e4222dfb1b,captain,2026-10,2026-10-04T12:08:40+05:30,5,5.95.1,8,such great app best earnings in this app
7e297e9b-736a-4235-bb0c-83cf857aa078,captain,2026-10,2026-10-04T12:21:59+05:30,1,,34,illegally connecting white number plate and without any responsibility in india rapido app is very bad and too many scams are reported and physically harassment cases are also in bike taxi which is illegal
c4f557d6-8dd8-4b40-ad22-24f24b83f4c0,captain,2026-10,2026-10-04T12:22:17+05:30,1,5.96.1,57,"When there are only 4 rides to complete the incentive target, Rapido stops giving rides. This is not only for one day. They do it every time. Even the customer is standing in front of me rapido is giving a ride to the captain who is far away from the customer. Disgusting Rapido. Need to change the profession."
87df4808-8990-40eb-a805-0abc47ee1af3,captain,2026-10,2026-10-04T12:45:47+05:30,2,5.96.1,49,"hi I actually The documents I provided through the cell phone number I originally provided were still being verified, so my I have activated Rapido by giving another number. I need to activate it again. I am unable to change it. How can I change it? Contact customer care"
4f812510-8af5-4ec4-a9ea-e04f6d67faf2,captain,2026-10,2026-10-04T12:51:47+05:30,5,5.94.0,24,बहुत अच्छा है अच्छा है बहुत काम का है मैं आपको बहुत अच्छे अच्छे अबाउट
1369d105-61d8-474f-b791-e2797b15656d,captain,2026-10,2026-10-04T14:34:00+05:30,5,5.95.1,6,super support for my family thanks
302fc589-b26b-4532-bbcd-f56153bad899,captain,2026-10,2026-10-04T14:42:06+05:30,1,5.96.1,66,"My bike taxi account was suspended after an order was cancelled by the customer. I have always maintained good performance and followed all platform guidelines. I kindly request you to review my case and provide a solution as soon as possible. The cancellation was initiated by the customer, and I believe my account suspension may be a misunderstanding. Please help me resolve this issue. Thank you."
c351b982-e70e-44c7-bc2b-d433ee522b3f,captain,2026-10,2026-10-04T15:05:08+05:30,4,5.96.1,1,14 years
34cbd6d5-e1d4-44e2-8b6a-959e7908af03,captain,2026-10,2026-10-04T15:30:57+05:30,1,,11,first rapido ride pink app work aaka atha fix pannuga please 🥺
35b4fde1-fe32-4f38-88cb-47e2b5ebac93,captain,2026-10,2026-10-04T15:45:32+05:30,5,5.96.1,13,rapido I'm enjoying a lot using from 2 to 3yrs its just a wowwww
e95d59cd-d784-4413-9960-d5b61025acf5,captain,2026-10,2026-10-04T16:06:32+05:30,1,5.60.1,32,repido me car chlane se acha to swari gadi chla leni chaiye ye bhi jab se uber ne pass wala sitam chalu kiya he tab se apni ret kam kr di esne
2bbf3f48-f6b4-4c39-b4da-dcb380f5e940,captain,2026-10,2026-10-04T16:25:38+05:30,1,5.94.0,15,wrost App 15 days sy verification he hora ab tak open nhi huwa don't use app
27e18dfd-423f-4f8f-a372-c7c3095c1e0c,captain,2026-10,2026-10-04T16:46:47+05:30,1,5.95.1,2,wrost app
7d2be386-b6a2-4524-ade0-a2cc8b048a63,captain,2026-10,2026-10-04T17:31:47+05:30,1,,13,sabse kam paise dene wala app hai and camisin bahut jyada leta hai
01fe2446-a1ce-4140-b83d-49a38d322c3b,captain,2026-10,2026-10-04T18:01:49+05:30,1,5.94.0,38,worst coustomer service they don't receive any calls and didn't get my order earning instead they have decuted my wallet balance and made it -225 and no call from coustomer support and they don't even answer the call too
115d4b0c-2793-46d8-9a2e-2d25f8dd188d,captain,2026-10,2026-10-04T18:10:45+05:30,1,5.95.1,71,Rapido drivers are considered fools by Rapido owners who charge Rs 7 for a ride of Rs 30 and cut commission as they wish for other rides. So oppose this. Let the riders work hard and the app owners make money.રેપિડ઼ો બંધ કરો 28 ની રાઈડ મા 6/7 tex 10/12 petrol તો તો સુ 9/10 rs માટે મહેનત કરો છો બંધ કરો કમાઈ ને કંપની ને આપશો
84fb905c-80d1-4aa6-bab6-91352b6596b6,captain,2026-10,2026-10-04T19:23:49+05:30,1,,9,my surge fare area is not on please check
56098509-c25d-466c-99a4-4e35a819cb5c,captain,2026-10,2026-10-04T19:45:18+05:30,1,5.96.1,29,bekar company hai customer support ka number hi n milta out of coverage not reachable busy switch off batata hai is company ka band hona hi zyada achcha hai
f79029ae-1a36-44b6-a816-a98971abd143,captain,2026-10,2026-10-04T20:48:42+05:30,1,,6,my account temporarily suspended please help
a5d31527-e644-4dde-956f-0d1589c5f23c,captain,2026-10,2026-10-04T21:24:33+05:30,1,,37,भिकारी बनण्याचा एकच मार्ग मालक चालक साठी सरकार लाचार.................. The only way to become a beggar is for the owner-driver the government is helpless.........................
ec2f46d3-621f-4500-b552-a35a61b2c9de,captain,2026-10,2026-10-04T21:59:44+05:30,5,5.95.1,2,online booking
9d23b2db-a6f4-4d9d-8f98-8b5112a00a2f,captain,2026-10,2026-10-04T22:14:54+05:30,4,,1,tadalja
0afa7794-fcfb-487c-a1fa-e55322ddce5f,captain,2026-10,2026-10-04T22:52:56+05:30,1,,34,why r u cheating withdrawal amount in 1 minutes...bt its showing waiting for approval...its a big scam rapido fraud..when we need emergency amount not possible to withdrawal to many times same problem
1490024d-e7d6-4087-a1eb-620e16fcb857,captain,2026-10,2026-10-04T23:09:39+05:30,1,,60,"Dear Team, Last 15 days to After completed Ride, Payment QR Code Not Showing... For all Rides..Please check and resolve QR Code issues. Each order finished amount was credited to my personal account. in future I required my bank account statement it's showing like booklets please enable to After completed for each Ride payment QR code required or all Rides"
cadb8c29-4560-4ece-9dca-1bb9edf74d58,captain,2026-10,2026-10-04T23:11:49+05:30,1,5.94.0,2,bakbas app
c2c5aa97-2f19-4563-8ea0-169090374088,captain,2026-10,2026-10-05T00:47:43+05:30,1,,93,Those customers who books the ride and after reaching the pick up location do not respond or pick the calls and go through another transport and do not cancel or say us to cancel what are the steps for them and why do our performance or ratings affected for them?. After burning our own fuel we do not get any cancellation fee because they do not cancel and we have to cancel it for getting another order. But for them our performances are been affected. How much concern are you about the captains?
cb85601a-7cfe-409b-a801-e4beebe17e65,captain,2026-10,2026-10-05T02:07:48+05:30,1,5.96.1,64,"I am disappointed with Rapido’s Captain support. First, customers sometimes misbehave or refuse to cancel, forcing us to cancel without compensation. Second, after reaching the pickup point, customers often do not answer calls even after 5–10 minutes of waiting. We then cancel to take another ride, but Customer Care blames us. Please review such cases fairly and compensate Captains when the customer is at fault."
833217bf-0023-49a5-b98c-865843e5662c,captain,2026-10,2026-10-05T02:19:00+05:30,1,5.95.1,28,draivar ko sahi paisa do or kiu daivar gst bhare vo jiyada se jiyada 30k kamata he usmebhi 5.5 ke to gst bharta he or pletform fee aalag se
7b5585a1-9856-4e66-b16a-6997b39b4494,captain,2026-10,2026-10-05T03:01:38+05:30,4,5.96.1,15,after buying subscription why rapido still charging commission on some rides this is not good
7db6c1d6-c593-4794-a8b9-26b51facff8d,captain,2026-10,2026-10-05T05:26:11+05:30,5,5.84.0,3,100 booking 10 mint all
fcda0b1c-c635-422d-82ce-a5f190fadc91,captain,2026-10,2026-10-05T06:24:40+05:30,1,5.96.1,16,worst aap do not installe anyone thu hai inki policy pe haram khor kewal lootate hai
4cef31ee-ef1d-45d1-9d4d-5830d7b93ba6,captain,2026-10,2026-10-05T07:41:00+05:30,1,5.96.1,7,subscription plan so costely for one day
4116af0a-b070-4edc-bc2c-b56ab1b6db96,captain,2026-10,2026-10-05T08:14:45+05:30,5,5.95.1,5,easy trip accept 👍 tq captain
bee16355-4c71-4af7-9939-dca55895a02f,captain,2026-10,2026-10-05T08:29:27+05:30,1,5.96.1,13,app not work in chandigarh airport. only 5 orders in chandigarh and mohali city.
d78383b2-bc17-4136-ae37-7e77f71b6560,captain,2026-10,2026-10-05T09:25:11+05:30,1,5.96.1,3,duty not coming
7d5033db-94df-4acb-bde8-6bb0ea9fc4cd,captain,2026-10,2026-10-05T09:25:21+05:30,5,5.94.0,1,sup
42069e7a-7c53-4642-94a7-8300040e03f1,captain,2026-10,2026-10-05T10:01:45+05:30,1,5.89.1,3,sabase bekar aap
245231cb-f8cb-490e-8114-851f714bdb79,captain,2026-10,2026-10-05T10:07:08+05:30,4,5.96.1,20,"Dear Rapido Captain support team, My DL under verification At last 7 Days. please help me to get activet My ID"
85ef1298-5c80-42aa-901f-7f552ef7753b,captain,2026-10,2026-10-05T10:39:34+05:30,1,5.94.0,43,rapido customer care me call kabhi lagta hi nahi he har baar sirf process hi karte raho problem ka solution kabhi nahi milta sirf rider ka earning ka paisa chori karte raho aur jab rider call kare to koi javab bhi mat do....
a6efa290-43b5-48a0-bad4-d507a053e3e3,captain,2026-10,2026-10-05T10:55:16+05:30,5,5.95.1,10,five star lete hue tractor dijiye hamare ko badi badi
dc74dd15-42dc-4e69-a91f-16d52e06400e,captain,2026-10,2026-10-05T11:28:47+05:30,5,5.95.1,5,best for part time earning
f3974004-e425-48e9-9b1e-eb13fdcc5a43,rider,2026-03,2026-03-01T20:11:14+05:30,5,8.96.0,3,amazing ride experience
1bc9b362-6f3a-4619-8bd6-165ce75289ca,rider,2026-03,2026-03-02T05:23:12+05:30,1,8.97.0,62,"in coimbatore all the rapido taxi like bike auto car ever driver charging more than a fare what is shown by the application, if we complaint to customer care also they are not doing any action regarding this rapido is not helping people its other better app's are there, more better take your own vechile, rapido is doing robbery from the people"
c61185be-9fa9-4093-acb0-fc8de03e7c3e,rider,2026-03,2026-03-02T06:38:43+05:30,1,,41,"3rd class service. Offers are only for show-off. no captain picks at the offer price. if piccked, they are asking for extra money. and if I'm not agree to pay and ask to cancel, they keep me waiting . very disappointed"
640f45ac-0475-4207-8133-ff12e75f5991,rider,2026-03,2026-03-02T10:54:51+05:30,1,8.96.0,56,too dr tt! y! ok b fv tt v tt v ttggy TT or ra ss ok o ; tu iw mi dear yy DD f tt yy hh t t yy TT! yyghu tt t fr vtt gg gg ku rrgg cii tt yy DD gg gg f cc gg a tt ttw c RR fr
3e9a2545-b695-4cf0-b51d-e2c5bf954f12,rider,2026-03,2026-03-02T14:13:13+05:30,5,8.96.0,2,సూపర్ 🩵🩵🩵
33226ef2-1662-4bb0-aeba-9e2cc0f5f8f9,rider,2026-03,2026-03-02T14:51:05+05:30,1,8.96.0,21,rider ka sosan karti hai rapido.bahut jaldi case hoga rapido pe. sabsi badi fraud company.1 star k b layak nahi
382e78e2-45c9-42ed-ac18-8534cc7b8c30,rider,2026-03,2026-03-02T14:54:36+05:30,1,,82,"This is a bad app, I have had a bad experience yesterday. My mom and brother booked a rapid train from Rajtkot railway station to Amr's house. The fare was 100 rs. But the first time I booked it, I got a 60 rs discount. Then I went in a rickshaw. I gave you 40 rs to reach your house. You didn't understand. You took 100 rs from me. Why don't you tell me that there is no benefit in this? Why don't you cheat me"
5cc899a6-283e-4f4a-b792-b8aef2d8412c,rider,2026-03,2026-03-02T16:06:26+05:30,5,8.97.0,35,"Qulaity services, first of its kind, asking to passenger whether AC is on or not..... tired of Ola and Uber driver bargaining and poor quality services. appreciate..... since last 2 months my first priority is Rapido"
89594d43-de04-4298-9ac4-f61b21ded56d,rider,2026-03,2026-03-02T17:44:53+05:30,1,8.96.0,21,Fraud people they will loot your money and will threaten you. worst service ever. will recommend never to use their app.
6906b0e1-daf8-4fe1-aa4d-e1d86f9060ee,rider,2026-03,2026-03-02T18:15:22+05:30,1,,6,no driver is ready to come
ac21ecec-0928-4107-bdaa-a70e426a2b7b,rider,2026-03,2026-03-02T19:51:56+05:30,5,8.96.0,2,good draver
c776075e-c9b0-4a5e-90be-4e3254d9f6d9,rider,2026-03,2026-03-03T10:04:23+05:30,4,8.97.0,21,I'll give you the 5 star when you add the option of selection the Rider's age criteria for comfortable and relaxed ride...
c2700658-65f6-4eb6-a425-e5819b537f51,rider,2026-03,2026-03-03T13:16:25+05:30,1,8.96.0,15,Fake app ban it asap its worst and fake price use uber which is best
47fad29d-e5db-41f3-8fc4-e6b44bca79ab,rider,2026-03,2026-03-03T17:58:47+05:30,3,,1,expensive
74f6059c-6c93-4133-bd0e-51a5fdac7f8f,rider,2026-03,2026-03-03T18:20:30+05:30,3,8.97.0,30,should be adding an update option in the app as you don't get rides if the app is not updated and rapido always updates it's app every now and then
28c2e4e8-1d26-488b-b7a7-83b61a324818,rider,2026-03,2026-03-03T21:24:39+05:30,1,,31,It has been worst experience due to the app. it's not showing current location option at the end time and because of it it's take a long time to rech auto.
7dd9fbd6-2054-41f3-accd-e08950976e8b,rider,2026-03,2026-03-04T13:21:19+05:30,1,8.76.0,2,not 🚫 good
8cc19a64-74b4-4dc0-b566-9ab437ac201f,rider,2026-03,2026-03-04T17:41:43+05:30,1,8.97.0,45,it charged me higher than that the expected and if 20-30₹ will charged i would like to pay it but it shows 20₹ on rapido and after completion of ride than it shows 47₹ and captain took money 102₹... this apps is worst and charging more than it shows
63b6574d-d6de-46b4-bc9b-a8710c055bed,rider,2026-03,2026-03-05T01:14:33+05:30,1,8.97.0,19,no customer support and using 1st time driver on that also driver was charged Higher than the actual was
37418ba6-d0a3-4574-9f62-c9490b5eabb9,rider,2026-03,2026-03-05T08:21:46+05:30,1,8.97.0,51,"talk to all thecab and auto driver who are using your app they all ask for extra payment, if they cant go with the one shown in the app, why to even accept it, you to need take care of it. and ask all the auto and toto to register correctly."
27a55fa8-5a99-4516-bbfa-2a8d2c5b062e,rider,2026-03,2026-03-05T12:44:26+05:30,1,8.97.0,24,worst app and worst auto rides never trust them worst auto drivers demanding for high amt n thy denie to drop at the location
e172a1d7-1839-4d57-9185-77a5e2b89b5f,rider,2026-03,2026-03-05T17:04:34+05:30,5,8.97.0,6,rapido is better than ola uber.
50ad78fd-f25f-44eb-b2aa-6e9275175520,rider,2026-03,2026-03-05T18:32:52+05:30,1,8.83.0,29,such a very bad experience. double payment cut on this app and also no safety regarding this issue. please don't use this app. this is 2nd time with me.
92113e65-8264-4218-a1d5-5bf814aea93a,rider,2026-03,2026-03-05T21:30:37+05:30,1,,7,account got blocked for No Concrete Reason
978dbfd3-55d1-4951-8452-a7d7b32f318d,rider,2026-03,2026-03-05T21:43:14+05:30,5,8.96.0,3,"Good service, reasonable"
95bbfe8a-2b46-4c19-b547-caadc3035e27,rider,2026-03,2026-03-06T06:19:34+05:30,5,8.94.0,17,very nice app for journey. Good behavior drivers available in this app for safe and secure travel
1ac6e197-c234-4338-a4a6-67522a7e0a1d,rider,2026-03,2026-03-06T12:25:27+05:30,5,8.97.0,4,best service good pursen
f565f240-754b-4ad9-b0cf-538e199d16a4,rider,2026-03,2026-03-06T14:15:06+05:30,1,8.97.0,28,while booking a ride I added too much extra after adding also captain not accepting The ride very baad im feeling very angry its very urgent to me
8aceeced-305b-4c08-a9b0-56a4771fc5ec,rider,2026-03,2026-03-06T16:02:57+05:30,5,8.97.0,10,very good commuting app. with professional drivers. Can be trusted👍
205a9288-dd09-4646-ab27-c03383af8c76,rider,2026-03,2026-03-06T17:18:36+05:30,5,8.97.0,2,good person 👍
3d41115f-4fc2-41db-8f22-09d1bbdfc091,rider,2026-03,2026-03-06T19:42:29+05:30,5,8.95.0,2,on time
0375c885-295f-4524-9aac-caeee5642a5f,rider,2026-03,2026-03-06T19:57:50+05:30,5,8.95.0,2,rate high
884660f9-6a35-4d17-8d94-60556790c25a,rider,2026-03,2026-03-06T22:16:43+05:30,1,8.95.0,8,worst service..they had drivers all gunda type
ff12da02-1ca1-4a4c-b3e7-384172c3fa70,rider,2026-03,2026-03-07T08:39:19+05:30,5,8.97.0,1,exlent
449dfb06-2409-499a-9092-8dabeab32dd2,rider,2026-03,2026-03-07T09:09:59+05:30,1,8.97.0,9,waste frist ride showed 70 rupees but taken 150 rupees waste
ef794471-aa09-4b20-b0f8-457db6e768dc,rider,2026-03,2026-03-07T09:17:58+05:30,5,8.97.0,3,good for everyone
f0fa9dfd-bc70-4a9f-bb1c-f730d0442a06,rider,2026-03,2026-03-07T11:48:24+05:30,5,8.97.0,13,excellent service given by him on time he is honest and genuine person
8a8b91af-b5e4-4583-982e-d423cb32b0f6,rider,2026-03,2026-03-07T15:58:34+05:30,5,8.89.1,3,very cheap price
7203ef57-03d4-419d-b46b-46966d9f3752,rider,2026-03,2026-03-07T17:00:35+05:30,1,,51,"Every bike driver demands extra amount from the actual fare, they demands not only 10/20 ₹ but 50/100, even they behave like they r doing favour on the passengers.... I hv always a very pathetic experience with Rapido. Rapido was very favourite to me but now a days I avoid to travel with Rapido."
7118eade-b0ab-4b15-b4da-4022b3676371,rider,2026-03,2026-03-07T18:48:49+05:30,5,8.98.0,5,The captain was well behaved.
61d2d26f-8281-45b3-8988-4e7ebcb5c5f8,rider,2026-03,2026-03-07T22:53:52+05:30,5,8.97.0,14,"I always prefer Rapido reason Easy to book, Pick in time, Riders very professional"
e80ed3ff-e3f3-42cc-a237-b859454a3546,rider,2026-03,2026-03-08T15:20:29+05:30,5,8.97.0,5,very good and convenient road
7a6b13b4-dd1b-472d-af2f-754f9afeccd7,rider,2026-03,2026-03-08T16:51:30+05:30,4,8.97.0,23,very good app and easy to use but some time captain gets wrong pick up location otherwise this app is good for everyone
9e1e3d73-290c-4c21-b38b-916cad7ce823,rider,2026-03,2026-03-08T17:21:01+05:30,1,8.97.0,11,drivers are unprofessional and no customer care exists......so pathetic services
77d3e550-914f-4682-881a-6429cf713a07,rider,2026-03,2026-03-08T17:21:44+05:30,1,8.98.0,4,bad behaviour of driver
2beb3c8a-4e54-4cde-88b8-4178880852ab,rider,2026-03,2026-03-08T17:39:05+05:30,5,8.96.0,2,ok convenient
b55e88ea-ca04-4608-9817-b440e4ebe9f8,rider,2026-03,2026-03-08T17:56:41+05:30,1,,7,very poor customer service and driver behaviour
dcd421b1-34ec-4c28-bd0b-cdc07591593a,rider,2026-03,2026-03-08T21:57:03+05:30,5,8.97.0,5,This app nice to travel
b73a4553-5862-4ea5-ad44-cbec0dd15fa4,rider,2026-03,2026-03-09T01:26:35+05:30,2,8.96.0,18,Riders almost always demand extracash. Riders talk rudely if extra money is not paid as per their expectation.
4d3d06d6-8e45-48df-9f16-94fb96f7732a,rider,2026-03,2026-03-09T02:57:53+05:30,5,8.97.0,34,"This app is very good, if the route of Rapido changes even a little, then you start getting a call from Rapido's side and if the driver charges more money, he gets it back."
513c6fb1-7210-4391-8403-69ba80a9d23e,rider,2026-03,2026-03-09T06:09:59+05:30,5,8.98.0,10,Rapido responses are better than Ola and rates more competitive.
ed4e8f39-79a1-49ba-8364-a238557627ef,rider,2026-03,2026-03-09T08:51:22+05:30,1,,5,so many cancel my trip
f31ffedd-02bf-441f-949c-112438331cfe,rider,2026-03,2026-03-09T09:01:13+05:30,2,8.97.0,9,unprofessional drivers and no proper support from Rapido team
45d9d375-d9a6-4975-be05-9322894fb299,rider,2026-03,2026-03-09T09:24:16+05:30,5,8.97.0,7,good for driving is man exlent drive
0eb1abe2-0d82-4506-a8d8-fe548a7fd2fb,rider,2026-03,2026-03-09T09:52:47+05:30,5,8.97.0,5,good news car.. good driver
a5a00cc8-dfbd-4445-8a6a-0eb6bb2e8497,rider,2026-03,2026-03-09T11:40:13+05:30,1,8.97.0,18,"emergency me ride accept hi nahi karte koi , 15 min time pass kar ne ke baad accept karte hai"
21e9308e-9ffe-4d33-afcf-ca4ee24893ef,rider,2026-03,2026-03-09T12:50:05+05:30,1,8.96.0,85,"I would like to raise a complaint regarding an issue I am facing repeatedly with Rapido captains. Many captains are not accepting the ride unless we agree to pay extra money beyond the amount shown in the app. Some captains call after booking and ask for additional charges, and if we refuse, they cancel the ride. This is happening frequently and causing inconvenience, delays, and frustration. This practice is unfair and against customer policy. fare shown in the app is the final price.worst app"
5fd65448-749d-415c-af04-941c948df3e8,rider,2026-03,2026-03-09T15:05:56+05:30,1,8.98.0,67,This app does not deserve even one star rating. Worst app for travelling. Shows some amount before the ride and after ride completion it shows more amount that demanded by the captain. Really they are cheating the customers. I strongly don't recommend to use this app The CHEATER app. Even their customer care also doesn't care to reply for the respective issues. Such an irresponsible help desk.
10017ce9-cb6d-4464-b363-caa71e030c8a,rider,2026-03,2026-03-09T18:13:36+05:30,1,,15,many time book vehicle but there is no response.....avoid this auto service in mahabubnagar
9720b2c2-9488-483c-915d-1e54ac7c30cd,rider,2026-03,2026-03-09T20:09:45+05:30,1,8.97.0,50,Hi worst app in the world that is rapido bike -taxing service app very very very waste of time and money useless app in the playstore every time iam booking a ride the ride is confirming so much time taking it is useless and worst app i hate this app
1ccb2477-05aa-4d29-8bf2-ce31be9e783a,rider,2026-03,2026-03-09T20:32:27+05:30,1,8.95.0,87,my genuine concern is if you are a woman do not use rapido.. this is not safe for women... & new update which is electrical auto permitted in rapido is completely a disaster... it takes a long time to drop on your location.. also rapido gives permission to minor drivers. & when I raise a ticket they said we will give them warning... what should I do with bloody warning when I'm in dangerous situation.. or I need to reach early??? they don't care about women's safety ... shameful & pathetic
fccb4dd9-3f35-48bd-b41e-3da3f6ca1494,rider,2026-03,2026-03-09T20:33:12+05:30,1,8.98.0,70,worst app I pay for every ride but now am login after some time theyyy blocked my account and say i frowd with company 🤬🤬🤬 but in reality theyy charge extra for ride rapido riders demand tip for ride when I denied for this theyy cancel my ride or call back to me for cancel ride and rapido block my account I pray you company completely ended for this rude behaviour 🙏
797d2313-c2a8-46c2-b9c9-1dfaadb3fdab,rider,2026-03,2026-03-09T22:15:15+05:30,1,8.94.0,30,"very worst app , they suddenly increase the price without notifying us , and the captions doesn't have patients , customer support is also very slow and not helpfull, very very worst app ."
33c3e011-1995-4f07-bb50-cf3642228239,rider,2026-03,2026-03-09T23:03:28+05:30,1,8.97.0,4,bed application for me
d9428fcd-741d-48a1-a0e0-85a8e6513807,rider,2026-03,2026-03-10T07:46:36+05:30,5,8.95.0,2,good man
61d561c3-09a9-449e-a9d7-441107fc59d5,rider,2026-03,2026-03-10T07:51:34+05:30,4,8.97.0,8,"All good, but recently the prices are increasing"
8c61c98d-2425-4a4e-8c47-2371343f199e,rider,2026-03,2026-03-10T10:57:11+05:30,1,,71,"बेकार है , ऐप में रेट कुछ ओर दिखाता है ओर कैब वाला एक्स्ट्रा पैसा मांगता है , जब ऐप में प्राइस फिक्स हो गया है तो भी ड्राइवर बार्गेनिंग करता है , इतने कम पैसे में नहीं ले जाऊंगा बोलता है। सब बेकार है"
7f2d7461-3888-427e-b573-0200df3dae64,rider,2026-03,2026-03-10T11:18:55+05:30,5,8.96.0,2,v good
844fe330-30c7-4eb2-80fb-f0854486ec91,rider,2026-03,2026-03-10T14:19:53+05:30,5,8.92.0,5,very nice and good staff
0a8afdcd-6255-492a-b3c1-c7dfff9a0ca3,rider,2026-03,2026-03-10T17:22:58+05:30,1,,6,driver charge extra money for ride...
881f814f-09fd-4cdf-9eb2-5cd312eda203,rider,2026-03,2026-03-10T18:01:53+05:30,5,8.96.0,25,Rapido bikes and scooty both options are very convenient for mumbaikar specially for women as well. feels safe to travel and easy and time saving
8a3389dd-4fff-4606-91c1-b6dc52fea41b,rider,2026-03,2026-03-10T23:52:51+05:30,1,8.97.0,39,worry experience at rapido just making third party money with customer not taking care customer support plz don't trust rapido my dear customer my recommend don't trust rapido once agin my required this is from heart full request customer
a53d89db-0ec3-4850-8191-5a219c11c5fa,rider,2026-03,2026-03-11T06:20:46+05:30,5,8.97.0,4,safe ride nice experience
b9ee238f-00db-417b-9d3b-f237f40c89f5,rider,2026-03,2026-03-11T08:50:28+05:30,1,8.97.0,3,worst experience ever
701d3427-e0b7-494a-a167-d9822517d261,rider,2026-03,2026-03-11T10:05:58+05:30,4,8.98.0,1,🚗 car
31ab22b7-2288-47da-87b2-47957eba9e94,rider,2026-03,2026-03-11T10:55:40+05:30,1,8.98.0,10,very bad app don't waste your time on this app
2fee57bb-4951-45d7-8474-2fefb24b48af,rider,2026-03,2026-03-11T11:59:27+05:30,1,8.51.0,24,very very worst service I was booking last Monday. captain on the way 14 mins showed 30 mins above than booked auto charges 86 but driver asking 150
e5a33d86-bb88-43a9-9dbc-8f02eacaf3b1,rider,2026-03,2026-03-11T13:45:17+05:30,5,8.97.0,6,every time on time best service
20cd0d69-bf90-4823-b8be-a1793e237e2d,rider,2026-03,2026-03-11T18:37:42+05:30,2,8.98.0,12,"I booked an auto, but the driver arrived with an e-rickshaw.”"
9d25368e-1bdc-42c5-9396-ca3b17f1992f,rider,2026-03,2026-03-11T18:43:29+05:30,5,8.96.0,13,A good initiative taken by rapido. For a comfortable ride with sweet gossips 👍
f368488c-9fb7-4b58-8e4b-69c0d9730992,rider,2026-03,2026-03-11T21:15:47+05:30,1,8.97.0,18,Fare charges showing Different and Driver Charges are double. I don't recommended for this don't download this app
910bd618-33dc-4e62-a940-417b3535f01b,rider,2026-03,2026-03-11T21:25:16+05:30,1,,5,worst app worst costomer Care
3f7db5a9-4e5f-4992-b36f-af41b84849b6,rider,2026-03,2026-03-12T05:59:49+05:30,5,8.97.0,1,superbbb
e36ad427-da10-4326-8011-a990ea00f3a7,rider,2026-03,2026-03-12T16:35:36+05:30,5,8.98.0,17,👍 अब घूमने की टेंशन हुआ खत्म हुई और थैंक यू rapido 😊
1c3f3def-e7b7-4641-b661-cf2ee3346312,rider,2026-03,2026-03-12T19:12:18+05:30,1,8.98.0,2,nice driving
dec4877e-b123-4326-a6e9-98630ff07a78,rider,2026-03,2026-03-12T20:22:30+05:30,1,8.98.0,48,"In rapido we show 50 rupees but after I book ride then rider call me and ask for 100 rupees It,s my very bad experience That rapido rider ask for more payment Then I will cancel the ride again book ride then another rider ask same for more charge"
a0904467-c6cb-424f-b79a-be6462be1079,rider,2026-03,2026-03-12T22:59:19+05:30,1,,28,it's worst management not cabaple to control drivers. drivers demand extra cash without intimation. calling many friends to claim and scold passenger to get money. it's useless platform
b857e269-5e38-4c4a-9457-a3fe6f56c7d5,rider,2026-03,2026-03-13T08:13:37+05:30,1,,18,very bad I have no book any ride and I don't know why my account has been suspended
5f97bcbb-25b4-48ee-9381-03ece448dd65,rider,2026-03,2026-03-13T13:49:15+05:30,1,8.97.0,19,The driver denied pickup after 30 min wait even though he was just a few min away from my location..
fa8fecf0-bed9-408a-b364-e574fd18008b,rider,2026-03,2026-03-13T15:55:01+05:30,1,,11,very bad service takes too much time to confirm the ride
b7b7d78f-813a-49cf-aa3a-a6db4dbf36b0,rider,2026-03,2026-03-13T19:11:21+05:30,1,8.98.0,36,rapido m sb thik h bs ek Kami h ki apka personal no. Driver (captain) k paas chla jata h ladko k liye to koi issue nhi h but ladkiyo k liye maybe safe nhi h
56f19a60-08e0-4754-b4af-370f82a33bc4,rider,2026-03,2026-03-13T20:21:52+05:30,5,8.98.0,3,excellent customer service 👍
f476a71a-97b0-4979-ad3c-13c715e0f1a9,rider,2026-03,2026-03-14T01:16:56+05:30,1,8.98.0,4,sabse ghatiya company rapido
bd0774a0-61e6-4f68-bd4b-681569cd8260,rider,2026-03,2026-03-14T09:01:18+05:30,5,8.98.0,2,best drive
b0c06bbc-5dfd-4840-80fb-99380d5a243c,rider,2026-03,2026-03-14T10:31:48+05:30,1,8.94.0,99,Pathetic App. Shows the longer route on the map to the auto driver and the fare gets increased by 10-20% than the original fare. Plus it does not show the actual paid amount in the app. I paid Rs.99 for a ride on March 11 but the app still shows the original fare of Rs.78 as the paid fare. The driver took the longer route as shown in the rapido app and the fare increased by Rs.21. In my app it was still showing the original fare but in the driver's phone the fare had increased & I had to pay it.
2a77f235-4998-49ed-b0f6-f41f48f24e50,rider,2026-03,2026-03-14T14:17:05+05:30,5,8.98.0,10,only 1 issue in afternoon no driver receive or take ride
a35e61fa-a253-4e7a-8a9f-e352187b6a89,rider,2026-03,2026-03-14T17:06:23+05:30,5,8.99.0,20,"best way to travel fast for short distance in cities, no need to bargain with auto or depend on anyone"
6ca37055-8728-4f14-a3bc-6d20b1d7e127,rider,2026-03,2026-03-15T11:33:34+05:30,1,8.95.0,6,some time price increase Sam please
9a09cdca-19e7-4c24-90dc-58bb162d0d46,rider,2026-03,2026-03-15T15:15:49+05:30,1,8.98.0,14,most of the drivers will be cancelling the ride or demanding for extra cash
784eee10-0cf4-42a1-9b37-c98f83679a9d,rider,2026-03,2026-03-15T15:31:15+05:30,5,8.93.0,2,comfortable ride
465af203-9fd3-4f88-ab6e-59d0c90d2247,rider,2026-03,2026-03-15T17:43:42+05:30,5,8.93.0,3,good ride repido ☺️☺️
f104875c-2255-4d64-89b8-a12dce51ae60,rider,2026-03,2026-03-16T18:34:28+05:30,1,8.99.0,66,I have been facing an issue with rapido wallet amount got stuck as I am not able to use it to book rides or transfer to my bank account. I wrote several emails and reached out to support chat multiple times but no one is responding and my issue is not resolved. they are closing tickets without even informing. such a frustrating experience with Rapido support.
3720a649-7f54-4d88-a8e3-5873531caf47,rider,2026-03,2026-03-16T20:09:59+05:30,5,8.98.0,82,"""I am very disappointed with the recent fare hike during my ride. When I booked the ride with cash payment, the app clearly showed ₹276. However, upon reaching the destination, the app suddenly updated the fare to ₹310. This ₹34 difference causes unnecessary arguments and problems between me and the driver at the drop-off point. It feels like a scam when the final price doesn't match the booking estimate. Please fix this bug and ensure price transparency."" thank you for look into my problem"
0bd19bd8-9d2c-4b96-bb3a-713131877413,rider,2026-03,2026-03-16T20:46:35+05:30,5,8.96.0,10,I continue use this app and I really love it
c76bcac9-7452-45c1-ae2f-cb0c51bff2b4,rider,2026-03,2026-03-17T12:22:32+05:30,5,8.98.0,1,Usefull
38684b82-030e-4a5c-8b0c-ced9b2612c79,rider,2026-03,2026-03-17T15:14:00+05:30,1,8.99.0,17,very bad very costly You see 200 rupee Bat you pay 400 rupee extra costly charge😡😡😡😡 don't choose uber
cc65d4dc-605f-45b2-9df5-da7a7a8b60be,rider,2026-03,2026-03-17T15:50:08+05:30,1,8.99.0,91,"i had horrible experience with rapido driver. he charged me parking ticket, toll ticket even though on rapido it shows everytging is included. it was AC ride then too denied turning the ac despite heavy rain. threatens and xonsistently askkmh to cancel the ride mid way. the rapido customer care dont even bother to resolve the issue. they just refund the extra amount as wallet money as bike. i dont even do bike rides so i cant use it. i would prefer pay more than getting scamed like this on rapi"
2a9495e3-ef1d-4619-8eed-548e60c1c1f0,rider,2026-03,2026-03-17T16:09:51+05:30,1,,85,I had a very bad experience with rapido...they don't have a customer service care number or anything else.. i booked an auto for 23 km and because of the app default it's showing the 74 km on the driver app so I told him to end my ride in between.. he dropped and he took total charges for that 1 km ride because of the app default. pn other if we end our ride in between they will only upto that location but pn rapido is hilarious.
05568ec4-661f-490d-b340-20fdda05b9b0,rider,2026-03,2026-03-17T17:16:06+05:30,5,8.98.0,2,nice ride 👌
c9967681-7df3-472d-99f7-c61ffc4ee122,rider,2026-03,2026-03-17T21:16:22+05:30,1,8.99.0,27,"for a short distance it's mapping long distance and collecting huge fare , totally doing scam with customers. Recently more than 3 Times I have faced the same issue."
8f437845-d4a0-4c67-b0d0-ee380be89ebb,rider,2026-03,2026-03-17T21:44:36+05:30,5,8.98.0,5,very good tq so much
0d541601-e9d0-4ae3-9b24-eeb1b6f444e5,rider,2026-03,2026-03-18T14:05:59+05:30,5,8.99.0,2,easy rides
8022edc4-7433-451f-b273-68fd82dd3d76,rider,2026-03,2026-03-18T15:24:40+05:30,4,8.99.0,20,Services are good but a few days back one driver accepted the ride but didn't turn up keeping me awaited.
d8b2966c-c96a-4056-95fb-3c28d6ab8e8d,rider,2026-03,2026-03-18T15:25:12+05:30,5,8.99.0,2,smoothly worked
ee60bebe-bb49-4446-b634-754c76d34835,rider,2026-03,2026-03-18T16:55:31+05:30,5,8.99.0,7,Very good app. Super simple amd efficient.
b1019e99-d584-4528-bbc4-6a7f6ef2d993,rider,2026-03,2026-03-18T19:09:08+05:30,5,8.99.0,3,best wishes app🥰
3b3b94fe-ac57-45b4-b49b-245058def488,rider,2026-03,2026-03-18T21:22:34+05:30,5,8.98.0,6,I have good experience about it
e46bd9d5-3c03-403e-af6f-00d8a9b85ec0,rider,2026-03,2026-03-18T22:00:18+05:30,1,8.99.0,3,always overcharged driver
2dac0558-3e0b-4ec8-805a-6550dc612e4a,rider,2026-03,2026-03-18T22:57:21+05:30,1,8.98.0,69,Every time TIPS.. today I had to book an auto for my father to drop him home. usually the charges are 230 to 240 it was showing 330 due to rain which is ok? when I booked close to 160 drivers rejected the ride. The app is asking for TIPS to get the driver fast... This is a scam...Shame on you Rapido that you're not able to provide service on difficult times.
be0699f0-0c0a-4922-bd66-ef98e7919975,rider,2026-03,2026-03-18T23:13:28+05:30,4,8.99.0,20,I get rides easily depending on where I am. The rides sometimes increasing by₹40-50 isn't great. But otherwise good app.
917b9c00-377c-4b14-8245-37fe1687a9ed,rider,2026-03,2026-03-18T23:22:55+05:30,1,8.99.0,6,3 km ride 25 rupees they don't accept
a8678877-72d0-4494-a54c-8c470e0020c5,rider,2026-03,2026-03-19T06:53:51+05:30,1,8.99.0,7,rapido sabse mehnga hy rate jyada hy.
32db2425-d9bf-4693-9fe9-b1a69f052881,rider,2026-03,2026-03-19T07:55:48+05:30,5,8.99.0,2,v good
fa129301-a517-489c-a8df-85eed4e19503,rider,2026-03,2026-03-19T16:11:33+05:30,3,8.98.0,15,something no one can pickup at some location please improve this service on some locations
857ddd90-59c6-4c01-90b9-02fb10d2f590,rider,2026-03,2026-03-19T20:23:02+05:30,5,8.81.1,7,very helpful and good riders on board
d8efb935-e358-4399-8dbc-c17fb8018ec4,rider,2026-03,2026-03-20T00:21:55+05:30,1,8.99.0,26,"very bad experience poor customer care service The driver was very rude throughout the journey. demanded extra cash , also blew horn in front of my house."
58c5f931-f4a4-4510-ac83-c4d82c51f2d2,rider,2026-03,2026-03-20T10:34:20+05:30,5,8.99.0,3,anything anytime anywhere
2bf79ed3-2cc9-43d0-bde1-becaa791768c,rider,2026-03,2026-03-20T13:43:25+05:30,1,,26,worst app I have ever because I am contact Customer support it is not responding to me question for help due to temporarily suspended my account🤮🤮🤮🤮🤮🤮🤮🤮🤮
63944d9e-45a6-4c68-af6d-bc3ae8b8b5e0,rider,2026-03,2026-03-20T16:33:58+05:30,1,8.99.0,1,worse
c0b4f799-b16a-4abd-a787-49a52eb9dede,rider,2026-03,2026-03-20T18:21:35+05:30,5,8.99.0,2,good ride
0f5c6f1f-9f26-4680-849e-a03501a847ed,rider,2026-03,2026-03-21T09:33:36+05:30,1,8.99.0,3,verry bad service
94291809-27d5-4c1f-b3f6-3e47586398fc,rider,2026-03,2026-03-21T10:05:14+05:30,2,8.100.0,2,very costly
8d82e6e5-616c-47a9-9278-e889e9e2cc26,rider,2026-03,2026-03-21T11:58:17+05:30,1,,2,NOT BATTER
841c023e-30f5-4275-914e-c6da3fc50e24,rider,2026-03,2026-03-21T12:46:39+05:30,1,8.95.0,8,"Soo Rude Drivers, Everytime Asking for extra Money"
c29f6b9e-bb27-4d03-8118-e6fd8d39817d,rider,2026-03,2026-03-21T16:59:06+05:30,5,8.95.0,9,Helmet must be Good Quality by Driver and Rider
13e2fdb6-e123-4a2c-8b01-894c42f44d4c,rider,2026-03,2026-03-21T18:39:58+05:30,4,8.98.0,1,bestest
4b927c0f-8e12-4bfc-873d-3ccc3a302e55,rider,2026-03,2026-03-21T20:36:53+05:30,4,8.99.0,15,sometimes the drivers don't accept rides and ask for a very high amount to pay.
5f42b540-9ec9-49b0-9ba1-d24a3beaa4c9,rider,2026-03,2026-03-21T21:17:04+05:30,1,8.99.0,5,bhout mahengi ride dikhata hn
c7965fc0-b96c-4612-939e-f9c519fdf2c2,rider,2026-03,2026-03-21T21:20:22+05:30,5,8.99.0,31,best app. the only app that solved the problem of annoying high charging autoriksha walas and saved my money 💰🤑 I wish you and your team good luck for becoming unicorn startup
faaba67f-a8cd-41d4-ab58-708dd4e57bf6,rider,2026-03,2026-03-21T22:02:44+05:30,1,8.100.0,57,"I am very disappointed with Rapido’s service. Drivers are overcharging unfairly, and in my case, I paid ₹744 for just 17 km. This has happened multiple times, with some drivers adding extra distance to increase fares. Complaints have been ignored, and no strict action is taken. Rapido must ensure fare transparency, take responsibility, and protect customers from such practices."
9becb315-7a08-4552-a9ca-cd53182dd4d5,rider,2026-03,2026-03-22T02:34:09+05:30,5,,5,"Easy to use , clean interface"
f7a58690-ced4-40b3-a8d2-e198980d5fc1,rider,2026-03,2026-03-22T10:15:57+05:30,1,8.99.0,53,worst customer care service. driver take multiple apps delivery and deliver our items for 3 _4 hours on booking of 45 mins distance by rapido parcel and while your parcel is in transit they dont pickup calls nor reply in complaint chats. they hardly support by just saying sorry for the inconvenience we will take action
fedf8e90-9d51-482c-87ea-131dda042566,rider,2026-03,2026-03-22T11:57:22+05:30,5,8.100.0,1,gooooood
7dd80c3f-967b-49bd-9394-d0279d79db95,rider,2026-03,2026-03-22T12:15:21+05:30,1,8.99.0,21,"I booked a ride with 50% off. The fare showed ₹34 at the time of booking, but when the ride ended, it displayed ₹56"
bca46d5d-dd3e-40ce-8bbc-6c9bad0f03c4,rider,2026-03,2026-03-22T20:28:00+05:30,5,8.100.0,23,i love repido kyunki yah meri time par help Kiya aur mai bahut khush hu ki repido ne meri help ki thanks repido 🥰🥰🥰🥰🥰🥰🥰🥰🥰🥰🥰🥰🥰
6dc2a921-0868-45e4-9f82-a40337ddac24,rider,2026-03,2026-03-23T00:50:45+05:30,5,8.99.0,4,good service by rapido
67faf698-d97b-49a4-b4e4-ea30e95384c0,rider,2026-03,2026-03-23T01:35:06+05:30,5,8.92.0,6,very nice services by suresh kukreja
b2591143-a5de-4f44-8d0e-89a7da77d1ea,rider,2026-03,2026-03-23T10:31:53+05:30,1,8.100.0,3,miss guide customer
694fc77f-8ce3-4c71-8aa8-2ef7d9e30e43,rider,2026-03,2026-03-23T12:17:03+05:30,5,8.99.0,21,It was very good and helpful for every people for at any situation and it was very useful for students also
84d57ab0-5bf1-4fda-b477-07b380592e7d,rider,2026-03,2026-03-23T13:17:52+05:30,5,8.98.0,2,good work.
9dd91369-36fd-4f71-af30-a7e20aab3a86,rider,2026-03,2026-03-23T14:55:17+05:30,1,8.99.0,36,one of the most worst and also useful some times .. one of the most fraud thing when ever users buying power pass first 5days it's applicable discount on rides . after 5 days Normal ride fares are charged
8f167814-857b-4210-825f-c8943ac81422,rider,2026-03,2026-03-23T18:07:38+05:30,5,8.100.0,14,Great experience so far. Cheapest rates and safe rides. Polite drivers. Thanks Rapido team 🙏🏻
3f89c1ec-4f0f-4686-94cc-ec88ee41af32,rider,2026-03,2026-03-24T02:27:42+05:30,5,8.95.0,4,superb riders good service
a0ab24b2-92db-4b8f-be1d-7fde52bcf403,rider,2026-03,2026-03-24T05:34:25+05:30,5,8.99.0,4,good and effordable app
303f8a5b-49dc-43b4-af24-dc081b015305,rider,2026-03,2026-03-24T08:05:36+05:30,5,8.100.0,34,బెటర్ సర్వీస్ రాపిడో అందరికి జవాబు దారీగా సేవలను అందిస్తూ సేఫ్టీ గా చూసుకుంటుంది రాపిడో 👌
54785063-cb1f-4e23-bc9c-b1cfd3f73075,rider,2026-03,2026-03-24T10:11:29+05:30,1,8.100.0,27,the new update that shows the number of drivers rejecting requests is absolutely worse. it makes people shift from rapido to other apps or local taxi service.
b65d0175-ae66-4a9e-b15c-f18fba3ec7b3,rider,2026-03,2026-03-24T11:29:04+05:30,5,8.100.0,2,very nise
b9865a12-fd19-4fd5-9b3e-bd60bb51c1e3,rider,2026-03,2026-03-24T12:27:23+05:30,2,8.100.0,17,Rapido Operating System wale kisi ke saage nahi hai. Rate bada dete hai thodi der me hi
b85771f0-b75e-4d56-9d46-95a4394a0758,rider,2026-03,2026-03-24T21:39:29+05:30,1,8.98.0,6,pathetic.. the driver charged more money ..
07caafa0-bc3e-4334-8a02-11baff97d28d,rider,2026-03,2026-03-25T01:12:25+05:30,1,,80,"I am reporting a severe breach of safety during my recent trip. The vehicle did not match the app description, and the driver explicitly admitted he was using a rented or unauthorized ID, stating, ""It’s not my ID anyway."" he requested payment via an external QR code (""Mohammad Kaif"") and issued a retaliatory 1-star rating without cause. This incident is an invitation to crime. By allowing unverified individuals to rent verified accounts you are compromising women's safety. Ban this account."
02f35732-6aee-4360-9e12-23b0bd275ae1,rider,2026-03,2026-03-25T08:49:05+05:30,1,8.100.0,7,worst app rider always rejecting the ride
155a6c2a-95b4-413a-b39b-4c448c186155,rider,2026-03,2026-03-25T11:01:47+05:30,1,,3,Veer bad experience
a64faad0-da55-40c6-a8e5-ee273853347c,rider,2026-03,2026-03-25T15:23:52+05:30,5,8.100.0,6,service rendered is good so far
ad3263b2-94cd-4717-9c51-26d7c8883f8e,rider,2026-03,2026-03-25T18:47:57+05:30,4,8.99.0,3,Doing Great work
f2e33ac7-a265-475f-b543-6d8d6e301db5,rider,2026-03,2026-03-25T20:14:45+05:30,1,8.100.0,43,i am using it from more than 2 months. i really face too many issues. this app is really getting to my nevs. whenever i cancel ride for cancel reason it takes toooo much time in that time rider may come. too much slow 🐌
cbb54d58-2bca-4ca6-9ccc-93657762a138,rider,2026-03,2026-03-25T20:44:57+05:30,4,8.99.0,18,Everything is fine but sometimes the behaviour of captain was not good they ask to increase the amount.
bf44798e-9013-4006-bbca-79d0c8fa7b88,rider,2026-03,2026-03-25T21:21:12+05:30,1,,16,pathetic service caption ride nahi lete are fare sahi ho to sb ka zada fare chaoye
227a3236-5fe7-4847-b8b2-aaab391f5d27,rider,2026-03,2026-03-26T06:42:15+05:30,2,8.100.0,26,"I was charged almost double, driver took a longer route. was not listening to my instructions. customer support is useless, no empathy. just template response only"
8bc77a39-4048-4e48-874f-6d325c915e6d,rider,2026-03,2026-03-27T04:25:14+05:30,1,8.100.0,11,"worst service, drivers take extra charge and customer service is pathetic"
1a23a936-c6e0-4aab-ad8e-6a77070efac2,rider,2026-03,2026-03-27T07:02:52+05:30,1,8.100.0,61,"this might have been the worst app I have seen. The drivers don't accept the ride they take forever to accept it. For a few days there was good momentum set, later not a single bike was being booked and once the bike is booked and i call the captain he clearly denies the fact that he has accepted it. Nice"
51f7c992-b350-401a-a272-69e064f8d871,rider,2026-03,2026-03-28T08:06:14+05:30,5,8.100.0,5,Good Boy with Nice Interaction
d0ceda44-ea2e-4e95-9fbe-379ef2485fe5,rider,2026-03,2026-03-28T14:29:44+05:30,5,8.100.0,2,nice Sirvice
0bd484db-0c4c-4ad6-90b5-bcf9d55c158a,rider,2026-03,2026-03-28T16:53:33+05:30,5,8.100.0,3,service acchi hai
76e08dba-c75b-4f65-8008-38313797cb7a,rider,2026-03,2026-03-28T17:31:32+05:30,1,8.100.0,17,useless aj mujhe bhot pareshan kiya hai is app ne koi bhi ride book nhi ho rhi
c6313d4b-6d88-46b9-9f12-34cc29524ab5,rider,2026-03,2026-03-28T21:00:46+05:30,5,8.99.0,7,this is very best for job person
b8e5c162-42e0-4466-affa-4b88391e8dfe,rider,2026-03,2026-03-29T07:42:01+05:30,4,8.100.0,9,the prices are little higher and rest all good
7f964776-847f-4cab-bb19-7b51aae8bf30,rider,2026-03,2026-03-29T10:09:23+05:30,2,8.98.0,17,I am using it from a very long time still I don't get any coupons till time
bc18af15-c7d5-45bd-b76d-74baa2fae286,rider,2026-03,2026-03-29T10:37:10+05:30,5,8.98.0,5,"Easy rides, light on pocket."
a677430c-1e3d-4119-91e5-f5be18130f4e,rider,2026-03,2026-03-29T11:57:59+05:30,5,8.100.0,2,response good
be49d41e-61d5-4280-8bc3-123e75affcac,rider,2026-03,2026-03-29T12:53:09+05:30,5,8.100.0,2,lovely ride
4bea2094-9df5-405e-8201-d14299c0a828,rider,2026-03,2026-03-29T13:47:54+05:30,1,8.100.0,9,worst service experience and customer care is too pathetic.
f51cadea-f660-4d7f-b85a-68fa0ac0bec4,rider,2026-03,2026-03-29T17:02:30+05:30,1,,22,bhout hi ghatiya etna pareshan karte hai ki booking leke cancel kar dete hai wo bhi 10 minut 9 minut wait karwane ke baad
34dd309f-6b7b-43ed-9309-cf475560a08a,rider,2026-03,2026-03-29T19:30:39+05:30,1,8.101.0,40,Drivers are unprofessional and Over charges at end of the ride. Customer care also irresponsible. Not satisfied with Rapido service. Change location is not possible in the middle. I got better experience in Uber application but not in Rapido application.
9b21e138-090c-4e94-b763-502e390f26df,rider,2026-03,2026-03-30T12:35:55+05:30,5,8.100.0,4,very useful for public
21020c66-c31e-44d5-bba5-7b6c9c9ae312,rider,2026-03,2026-03-30T13:40:37+05:30,5,8.101.0,6,It's more of a life saver.
51be5fc5-4c0f-4823-8e75-eff3ffa7d136,rider,2026-03,2026-03-30T17:02:31+05:30,1,,16,People are taking time to accept the request and telling not to come at my location.
d8086c89-b69c-4ee1-a659-150d6d7cb570,rider,2026-03,2026-03-30T18:16:25+05:30,5,8.100.0,18,yet it's gud but facing booking problems somtimes I have to wait 15 mins for confirmation of my ride
05a9b38c-1924-4ab4-aeaf-0811ea422f7f,rider,2026-03,2026-03-30T19:22:07+05:30,1,8.100.0,10,"worst app ever, charging 250 for mere 4 km distance in Pune"
6e798b45-6a6a-4d56-bb92-5088a9941c20,rider,2026-03,2026-03-30T22:30:00+05:30,1,8.101.0,8,no help line support don't use this application
055eeedd-c4dd-432a-89c9-e95161369542,rider,2026-03,2026-03-31T00:48:51+05:30,2,8.100.0,1,cooll
a0ad5131-2b54-44a6-8afa-8378d5fca99a,rider,2026-03,2026-03-31T05:58:14+05:30,5,8.101.0,3,better than uber
20daccc8-ce88-4d95-a62d-0125c36a3e85,rider,2026-03,2026-03-31T08:41:47+05:30,5,,10,A nice App for booking a taxi with less cost
71c03ab6-4d99-439f-a126-5dbf812effb3,rider,2026-03,2026-03-31T13:39:30+05:30,5,8.98.0,6,Very good timing for reached Destination
9f90163f-3259-4e21-bcde-285a4c155005,rider,2026-03,2026-03-31T15:59:51+05:30,5,8.100.0,5,best taxi app ever used
81121f2a-88e6-44b2-98e0-75e18e45efe2,rider,2026-03,2026-03-31T16:14:52+05:30,1,8.100.0,24,this is the worst app available in the bike community. all its riders are third class the app does not even penalized the driver
14a64521-8d99-4073-a4f3-b253ca39f592,rider,2026-03,2026-03-31T16:23:22+05:30,5,8.99.0,3,Worth for money
5c5e5809-8980-4e06-87bf-198950e4bc65,rider,2026-03,2026-03-31T18:00:50+05:30,1,8.101.0,26,I don't know why the booking interface gets disappeared and after booking the booked details are not visible even in the history as well. worst experience
73a4084f-46c1-4a7f-b259-df20b9bf4c8c,rider,2026-03,2026-03-31T20:18:13+05:30,1,,7,Lots of hate mongering drivers and captains
6c8c2610-9963-4390-b671-41ea3d6a6eef,rider,2026-03,2026-03-31T20:41:52+05:30,5,8.100.0,2,good one
ae1b7e2e-5702-4086-8723-e443d9024b16,rider,2026-03,2026-03-31T21:15:39+05:30,5,8.101.0,3,Excellent service management
2fab9c56-d029-42b0-9332-d345c07320c4,rider,2026-04,2026-04-01T02:43:06+05:30,5,8.101.0,2,fast service
e0bfd2ed-9693-4e74-b447-c61fda836f53,rider,2026-04,2026-04-01T08:14:19+05:30,5,8.101.0,2,"Anywhere, Anytime 🕊️"
bcdf2afe-1480-42d6-8fd3-6f6b9daa675f,rider,2026-04,2026-04-01T09:20:47+05:30,1,,14,"alot of glitch, it is really hard to track drivers. please work on this"
ecb71e40-b1a0-44d4-be98-5642d724b327,rider,2026-04,2026-04-01T14:06:23+05:30,1,8.99.0,5,very bad service i cried
e329ff26-6f9a-4426-a1a2-0d68dc9a92f3,rider,2026-04,2026-04-01T14:21:00+05:30,5,8.101.0,7,Great guy.... very commendable....and safe hands...
eb0476e4-f834-4371-92d6-caed6f44512b,rider,2026-04,2026-04-01T16:11:34+05:30,5,8.100.0,16,It is helpful for daily travel and transports. Not so much used but although better experience
02fc9b24-5a35-46eb-8e84-92ade1f104b2,rider,2026-04,2026-04-01T18:25:43+05:30,1,,12,is there any number for customer care. you captain charge 50 rupees extra
af4212eb-21ce-49bf-b497-a725fd59a06b,rider,2026-04,2026-04-01T22:49:48+05:30,5,,10,"been using nearly 3 years, and rapido become soo useful nowadays"
4b38f6b6-a12d-4971-93b6-5807c9a3ede0,rider,2026-04,2026-04-01T23:55:04+05:30,1,8.100.0,59,"Very very worst experience, the auto captains are not fare at all, asking more charges than the amount shown and rapido is also not taking care of it. The auto captains way of talking is rude, not respectful. Even though they ask extra charges is ok, but the way they speak cannot be tolerated. Rapido should take severe action!"
b028c2ba-e47c-4581-ad9c-a27499c7743b,rider,2026-04,2026-04-02T00:18:05+05:30,5,,8,google play store install this app good experience
6f1b11d5-270e-430a-a640-33c1ee33e858,rider,2026-04,2026-04-02T05:26:14+05:30,1,8.101.0,2,Not realiable
c255a70a-03ca-4ffd-b7e7-89079d4e3cb7,rider,2026-04,2026-04-02T13:20:25+05:30,1,8.101.0,16,very bad app taking so much for booking and after adding 40 rupees also it's not booking
173dbdbf-127e-4e2b-8c77-36887ff9d224,rider,2026-04,2026-04-02T13:54:44+05:30,5,8.101.0,2,గుడ్
df555dad-314f-4a68-8ff8-6d2849532d16,rider,2026-04,2026-04-02T15:38:34+05:30,1,,80,"I gave the Rapido app a 1-star rating because of my recent experience. The app often fails to assign a ride on time, causing unnecessary delays and inconvenience. Even when a ride is accepted, the waiting time is usually very long. Additionally, I faced rude behavior from the captain, which made the overall experience unpleasant. I expect better service quality, timely ride confirmations, and polite behavior from captains. Please improve these issues to provide a more reliable and customer-frie"
a78228e3-64bf-4220-9790-3c0ed790a6f6,rider,2026-04,2026-04-02T17:07:30+05:30,3,8.100.0,11,sometimes captains do not accept the ride when its very urgent 😔😔😔
1b1f0b7f-6ecd-46c6-8580-9af29692ba9b,rider,2026-04,2026-04-02T17:55:50+05:30,5,8.101.0,2,honest person
7dac44e0-7aaa-4708-9e2f-b16c482eca94,rider,2026-04,2026-04-02T20:55:49+05:30,5,8.101.0,1,thanku
ce78be62-7b18-4bd6-b5e3-e1111a7b1373,rider,2026-04,2026-04-03T00:10:23+05:30,5,8.101.0,3,it's very comfortable
23ea17ef-b725-4db0-bf35-8fe8c0c394c9,rider,2026-04,2026-04-03T04:40:11+05:30,1,,92,"I am not able to login, it is taking so much time and I was writing to customer support, they said that the ticket has been made for this issue, that issue, there was no response, I had gone to give my exam, I had to come back from there and because of you I got late, this is your reason customer support ise kahte h service ek dam worst app h kya service h agr aap fix kr reh h meri problem to thik Varna ab me kabhi download nhi Krugi"
705f60cc-3189-454c-8ad7-c8b810f143f2,rider,2026-04,2026-04-03T12:22:11+05:30,1,8.101.0,4,not showing metro ticket
90ecfb07-c6b8-4ed9-9948-4c2c7f406ac2,rider,2026-04,2026-04-03T19:36:26+05:30,5,8.99.0,14,"better to ride than on own vehicle, the captain will take care of everything"
adae0510-b571-4716-a7f4-62b8e8871165,rider,2026-04,2026-04-03T23:53:49+05:30,5,8.101.0,7,rapido is good service provide for people
1f196450-e3de-4424-a3c8-6880197c759c,rider,2026-04,2026-04-04T02:20:07+05:30,1,8.101.0,21,worst app I am waiting for one hour no one accept ride then I book toto. this app wasted my 1 hour.
f5fd538b-544f-4376-94ec-3da97af36b41,rider,2026-04,2026-04-04T03:46:39+05:30,5,8.101.0,5,very quick and good service
73dc075f-0c98-4a43-a6ad-b149eb9acd85,rider,2026-04,2026-04-05T01:25:16+05:30,2,8.101.0,19,mostly driver cancel the trip.And Ask the driver in call where wil you go and cancel the trip.😡
2d51cd9a-67b6-42d3-9d7a-f2b478f3378d,rider,2026-04,2026-04-05T01:46:59+05:30,1,8.100.0,20,"""Third-class service after 11, higher prices, and on top of that, a one-hour waiting time.""Thard class aftar 11 pm"
9bea0afa-3fec-466b-b4d6-4530830a8bc7,rider,2026-04,2026-04-05T11:40:18+05:30,4,8.101.0,39,Rides are booked quickly and the rates are good but some of the captains are very rude and arrogant. They wait around 200m away from the pickup location and wait for us to call them and demand extra money.
8af02bca-5373-4c60-9f5d-51b98e3a286b,rider,2026-04,2026-04-05T16:10:38+05:30,1,8.101.0,84,"I booked a Rapido bike ride on 3rd April. During the ride, it suddenly started raining, so I asked the rider to stop after covering only a short distance and requested to end the trip. However, after ending the ride, Rapido charged me the full trip fare, which is completely unfair. In such situations, the fare should be calculated based on the actual distance traveled, not the full trip amount. When Rapido charges extra for additional distance, it is considered valid from their side"
6d1d0976-bd96-4493-8f6a-108340bff8cd,rider,2026-04,2026-04-05T16:24:14+05:30,5,8.100.0,13,rapido app also heplful in daily life Travelling Affordable price Destination to destination
193ef1a3-42f3-4165-b15c-59845f5a89f9,rider,2026-04,2026-04-05T17:38:53+05:30,1,,14,Cannot see anything written on screen. It's all white on Xiaomi Redmi Note 7 Pro
d5a7c18b-89b4-49b2-9c05-9da0c6858320,rider,2026-04,2026-04-05T21:58:02+05:30,1,8.97.0,19,Worst app after 9 pm raider asked for extra payment and unpurliment language....this app is not safety please Ban
e08407ea-8f92-47f8-9e1e-7eab544c6e0d,rider,2026-04,2026-04-05T23:28:48+05:30,1,8.98.0,37,"Do not use this app—whether it is the new version or the old one. Boycott it completely. Neither will Customer Care assist you, nor will you receive any help whatsoever. It is the absolute worst app."
3f918776-2cc7-4f7c-83c5-80dfc3be47e7,rider,2026-04,2026-04-06T03:53:27+05:30,1,8.99.0,38,I didn't See the worst service you guys are providing the people Uber also same driver also begging to customer in extra amount We are booking online amount mentioned amount then why didn't pay extra amount worst service
4c188689-dd4a-450e-8e25-046c05541d56,rider,2026-04,2026-04-06T04:39:57+05:30,1,,2,bad aplication
6b48f130-2e70-4d59-bdbb-c98e13572746,rider,2026-04,2026-04-06T07:56:15+05:30,5,8.102.1,26,please update your map in bhuj gujrat. my home distance from bus port 5 km approx and your app shows 10 km . that's why I pay more changes
2d609122-d443-4d57-8628-4d0db164ee01,rider,2026-04,2026-04-06T10:37:45+05:30,1,,7,really frustrated 🥴 app is not working properly....
d5e283f8-808a-4ba3-a155-69ddf409f88c,rider,2026-04,2026-04-06T10:47:26+05:30,2,8.101.0,3,worst increase prices
31262c76-7608-48d4-b206-31ce0be6aadb,rider,2026-04,2026-04-06T11:48:26+05:30,1,8.101.0,18,show us how many riders are nearby!! what are we supposed to do with 13/33 captains rejected your ride
077f47eb-0c32-4d82-b6f5-3e5aecd8e0f1,rider,2026-04,2026-04-06T13:20:10+05:30,1,8.102.1,45,I cancelled my ride after it not booking for a while and it did not cancel. I booked off uber and then the auto booked off rapido that I cancelled called. APP keeps lagging and it isnt my phone either because every other app works.
5813802b-3652-4135-80b2-c83f785cd459,rider,2026-04,2026-04-06T13:37:04+05:30,1,,7,very bad service 💔 don t use rapido
cf844373-80ba-4d89-851b-8f477c6dbc67,rider,2026-04,2026-04-06T15:30:21+05:30,1,,15,worst rapido waiting for 1hour too book riders not accepting the ride worst just avoid
ed3ac81e-6a53-496b-b811-eefcac7a9362,rider,2026-04,2026-04-06T16:06:08+05:30,5,8.101.0,9,smooth drive safely pickup and drop thanks for rapido
2d1e8b2e-c041-4713-9a47-4b40dfa0199b,rider,2026-04,2026-04-06T21:27:42+05:30,5,8.102.1,1,Supper
d0de0c8a-64f4-431b-96a4-56082ec10ae0,rider,2026-04,2026-04-06T22:11:50+05:30,1,8.102.1,35,I use it today. I have to pay ₹28 as per the ride as shown in app but rider takes ₹48 from me by simply saying it is app issue 😡 #scam at peak don't recommend any one
dbd155f3-e407-48e2-ae2d-d37ce9399eca,rider,2026-04,2026-04-07T09:10:42+05:30,5,8.101.0,7,best App i have ever used...Thanks
3dcca06a-fe4c-485a-b726-193e1f3ebd04,rider,2026-04,2026-04-07T11:06:37+05:30,1,8.101.0,13,support is pathetic. unexplained wallet deductions. no immediate support in case of emergencies.
f6ce66f8-73b6-402f-85db-e9cd30130d22,rider,2026-04,2026-04-07T12:11:26+05:30,5,8.101.0,5,very helpful app I'm impressed ❤️
51692ef2-c898-4e20-a951-e665b658e8bc,rider,2026-04,2026-04-07T15:19:14+05:30,1,8.102.1,84,"The driver accepted the ride, then went towards the location for 5-6 kms and then refused to go further if I didn't pay him extra. After calling their help support on call, they cancelled the ride on their own without even helping me, leaving me stranded nowhere in between during the ride. No accountability from the drivers and their customer support. What if it was my sister or mother! How unsafe is it to ride with rapido, I've just experienced today. ZERO ACCOUNTABILITY. Totally UNSAFE."
9ebb212f-6968-48df-b837-85a5f1af823b,rider,2026-04,2026-04-07T18:33:06+05:30,1,8.99.0,27,"English translation: “Regarding Rapido, in an emergency a ride never gets booked. This app always lets you down during emergencies.” This incident happened with me thrice times."
eda490f6-c8ad-41ac-8d5f-fe9e260aaa52,rider,2026-04,2026-04-07T22:10:40+05:30,1,8.102.1,12,worst app driver always demand for extra payment and cancel the ride.
fa72f69c-3526-4ef5-bef0-2e5a810e432c,rider,2026-04,2026-04-08T15:26:21+05:30,5,8.102.1,2,good raide
d297835f-792b-426f-a075-e2510dbe8edd,rider,2026-04,2026-04-08T19:44:00+05:30,1,8.101.0,31,worst app I have ever seen in looting money these days even after taking super saver passes uber is far better than any other apps in terms of pricing customer satisfaction
08df48e3-3b52-4c1f-805b-6171ab9c3a2d,rider,2026-04,2026-04-08T20:14:03+05:30,1,,10,zarurat ka time par ride accept nahi karta iska riders
063af049-781f-4545-9642-6287e4558f2d,rider,2026-04,2026-04-09T06:20:09+05:30,5,8.102.1,3,really appreciate you ⭐⭐⭐⭐⭐
07d4efc8-26b6-4be2-a42d-0e4ab53a4478,rider,2026-04,2026-04-09T13:41:00+05:30,5,8.102.1,15,"Pehli baar try kiya aur impress ho gaya! Documentation minimal tha, completely safe feel hua!!"
4178affb-2d4e-413c-beb6-96f2c51769ef,rider,2026-04,2026-04-09T16:13:04+05:30,3,,20,this is a wonderful app but whoever added the feature of showing no of captains rejecting me deserves jail time
6f3fc2d4-692d-4417-844e-1b4c5bbb09cd,rider,2026-04,2026-04-09T17:56:10+05:30,5,8.98.0,3,good rapido Ride 👍
72e52e18-fffd-40d2-afc6-306817e74c69,rider,2026-04,2026-04-09T20:39:39+05:30,4,8.102.1,10,it's a great app but sometimes booking rides causes issues
5709739c-14c4-4797-8504-f709c7bb2ca9,rider,2026-04,2026-04-09T20:53:48+05:30,5,8.102.1,2,low price
7de03295-8688-4b18-9eee-fdb04176b0e6,rider,2026-04,2026-04-10T05:53:53+05:30,5,8.102.1,15,customer care service very good for any kind of problem during ride.good for safety
76cfdc23-7686-41bd-bae7-c684ec2bfa31,rider,2026-04,2026-04-10T10:41:09+05:30,1,8.102.1,2,bed experience
20214313-123c-46ba-9255-580af706fa7b,rider,2026-04,2026-04-10T12:27:53+05:30,4,8.95.0,8,some time they were not taken our booking
6cde71bd-8db1-4d7f-aff2-3c72ed54368a,rider,2026-04,2026-04-10T13:38:20+05:30,1,,40,the riders always complain that you have booked a toto but I have an auto so you need to pay more if I am booking a toto that's because I need a toto then they call and misbehave to cancel
415b566f-a77b-4b8e-9387-29552caa25f5,rider,2026-04,2026-04-10T15:26:50+05:30,5,8.103.0,14,"Bahut fast experience mili, experience ekdum first class tha. Fully secure aur reliable hai!!"
b6d24052-2d2a-4494-82a2-11982e4373b4,rider,2026-04,2026-04-10T16:45:53+05:30,5,8.101.0,16,Process bahut easy tha aur 24 ghante ke andar sab done. Bahut khush hoon is service se!!
241afb75-0ae3-432c-b595-69194a0a43f2,rider,2026-04,2026-04-10T18:03:30+05:30,5,,13,"Bilkul easy service hai — minimal processing fees lagi, team ne puri help ki!!"
6cb4f083-321b-45d2-b3b1-99326b26819a,rider,2026-04,2026-04-10T20:54:07+05:30,5,8.102.1,2,nice facilities...
8a7aa206-c9b4-408e-822e-e8708f0b5de6,rider,2026-04,2026-04-10T20:58:08+05:30,1,8.102.1,13,worst service. catches wrong drop location always despite of saving the right location
da425b9a-3f75-464a-8af0-04ea1dfd2cc3,rider,2026-04,2026-04-10T21:35:56+05:30,1,8.102.1,7,fix the amount for ride not estimated
06525fcd-dad7-4edb-b01a-c33bc5bc46ab,rider,2026-04,2026-04-11T05:10:15+05:30,1,8.102.1,45,मैने 4 am बजे से रेपिड बुक किया था लेकिन 5 मिनट में कोई भी नहीं आया था । बुकिंग लेने के बाद 10 मिनट तक घूमता रहा लेकिन आया नहीं था।
e9756a89-0130-40fa-b228-3f778fa935bd,rider,2026-04,2026-04-11T08:03:37+05:30,1,8.102.1,29,the are doing fraud while book a ride the amount was 366 after completing the ride amount was 428 but they are not providing the bill for the amount i paid
7fb3f9f6-3f5b-4cab-b2d7-0be4c2e23d9e,rider,2026-04,2026-04-11T09:11:27+05:30,5,8.100.0,1,ohk
33561c0f-8ed5-43a9-a8b9-95aa1819e9ae,rider,2026-04,2026-04-11T11:55:55+05:30,2,8.101.0,19,I am using this app for more than 1 year but most of the time bike lite is not available
c4c2a347-497d-4345-b2b8-f3a2a5e128aa,rider,2026-04,2026-04-11T12:37:33+05:30,1,8.103.0,84,"worst taxi app there is. They over charge by a lot frequently, very bad routing which makes the prices go up by a lot, un updated maps which takes you to locations that don't exist, random locations pop up in search before the most visited ones and the full name of locations takes a frustratingly long time to slide over to read. The only good thing about this app is the bike ride system and without that this is the worst taxi app ever."
c696e65d-3fa6-41f3-a807-c5f0d4a968c2,rider,2026-04,2026-04-11T13:13:01+05:30,1,8.102.1,48,One of the worst platform I ever experience in my life. I never get a captain whenever I need. Captain will accept the ride only you give some tip or increase the fare otherwise just forget about your ride. I'll advise you to use some substitute of rapido.
741801cb-72b0-4bf1-9e3f-9203ae844634,rider,2026-04,2026-04-11T13:14:03+05:30,5,8.102.1,12,service was good but the ride was taking so long to conform
91cf59ff-3d0a-4094-9511-d2b1ca649915,rider,2026-04,2026-04-11T13:59:36+05:30,1,8.103.0,98,The driver's was asking us to go by meter instead of the price decided and suggested in the app.He denied taking to our location on the price which was decided in the app. He was only forcefully asking us to go by meter and was not cancelling the cab. And he was asking us to cancel the ride and told us that if he would cancel the ride the points by his side would decrease. It's a request to add more options in the cancellation list so we can easily cancel the ride without any problem/issue.
d5768164-38f3-49ca-9473-8c2c21e45ca9,rider,2026-04,2026-04-11T16:34:18+05:30,5,8.101.0,3,captain was good 😊
f4101687-8a6e-420c-aa49-d43b53348700,rider,2026-04,2026-04-11T17:55:28+05:30,1,,42,location mai jane ki bad amount change ho jata hai gajab ka. technology 🫡🫡🫡 Rapido wala bolta hai kilometre jada hoga to jada paisa lagega 😡😡 to fir company ke app mai ride say पहले x kilometre पहुंचने के बाद Y kilometre 😡😡😡😡😡😡😡😡 😡😡😡😡😡😡 😡😡😡😡
719cb444-bd5b-404e-b959-a6c0a4fba736,rider,2026-04,2026-04-11T18:33:36+05:30,1,8.102.1,73,This app is getting worse day by day. Today I have booked ride for my exam and the rapido driver asked for half of ride fair as extra money and because of my exam I have paid it but when I tried to raise the complaint the app is not responding it is automatically getting resolved. Why there is a customer support in this app it is completely useless. Uber is far better.
c2352cc1-905c-484e-902a-2f9d8c7447a9,rider,2026-04,2026-04-11T18:34:59+05:30,1,8.102.1,25,the fare shown to the customer was different and to the captain it was different. it happens to me twice. you are fooling your customer....
238c53e6-7773-4612-8bb5-3ffb5950adf8,rider,2026-04,2026-04-11T20:37:52+05:30,5,8.101.0,6,My budget buddy🤝 on Travel Amenities
a1543e7a-2b68-4840-8473-0035b59cfdef,rider,2026-04,2026-04-12T10:18:01+05:30,5,8.102.1,8,use rapido very affordable in cities fast service
39cfd9e5-10ef-4584-a068-d34f6592af9c,rider,2026-04,2026-04-12T11:46:29+05:30,1,8.102.1,51,"I booked rapido scooty, and after reaching the destination I paid my fare ride to rider, his scooty was also different no., after payment he demanded extra money from me for petrol, I denied it, after that still app shows the amount to be paid, now I cant book the rapido"
e532ce67-8531-412d-b042-77598aa62b86,rider,2026-04,2026-04-12T12:15:05+05:30,1,8.102.1,22,"worst service ever!! rude and unprofessional drivers and overpriced as always, zero professionalism and doesn't give a damn about customer care support"
32b66c81-ee15-4ace-8eda-16f57732a69f,rider,2026-04,2026-04-13T09:45:16+05:30,1,,8,bike taxi kar kuchh bhi nahin aata ismein
22405434-5f64-40ff-92d1-60cc2d05a7dc,rider,2026-04,2026-04-13T10:24:53+05:30,5,8.103.0,32,"I am very satisfied with their services. They are always punctual and maintain perfect timing. Their work quality is excellent, and they are very professional. I would definitely recommend them to others."
a9224ee9-aa1e-4d38-99a7-2b40eebf42b4,rider,2026-04,2026-04-13T12:06:47+05:30,5,,2,super fast ❤❤❤❤
603d2f62-e1c1-4104-8833-65bd2f19de33,rider,2026-04,2026-04-13T12:49:50+05:30,1,8.102.1,15,very bad i hate this app 😒 this will never come in help wast to download
c30f4f5b-2775-4732-a7e4-ed93fb25998a,rider,2026-04,2026-04-13T20:23:59+05:30,5,8.102.1,5,reasonable auto charges exlent service
11d9816f-e0a4-4575-855e-1dc30865f134,rider,2026-04,2026-04-14T00:52:52+05:30,4,8.100.0,1,Aousom🌹
3843b153-71a0-42a1-9dda-fce35d88866b,rider,2026-04,2026-04-14T08:27:31+05:30,5,8.103.0,9,Great Work in Barmer I am Jaypal Singh Barmer
c4555e31-6f2c-464b-af31-16b0d916630c,rider,2026-04,2026-04-14T09:13:43+05:30,5,8.103.0,3,excellent with rapido
ee32e950-6e12-4061-a89c-301244815a27,rider,2026-04,2026-04-14T09:55:20+05:30,1,8.103.0,11,"very high charges even for 2-3km distance for a bike, seriously???"
4b160c20-4326-4de6-9d22-104a150065c1,rider,2026-04,2026-04-14T13:11:43+05:30,5,8.102.1,3,Best to travel
59cac2b8-2b04-4822-a8a8-3668b18d1019,rider,2026-04,2026-04-14T13:26:44+05:30,5,8.102.1,2,Nice person
70e39c57-c9ad-4b40-b71d-2e4fe68f1026,rider,2026-04,2026-04-14T18:44:55+05:30,3,8.101.0,6,prices are bit higher than uber
937297cd-2aa3-41f9-8268-1e63c702c3d6,rider,2026-04,2026-04-14T18:52:40+05:30,2,8.103.0,5,customer support is not working
bfa65231-4336-4388-b00f-bf16123c6e2f,rider,2026-04,2026-04-14T19:26:50+05:30,5,8.103.0,2,v good
255df0e0-8be8-4c7b-8b98-49d526e635d9,rider,2026-04,2026-04-15T00:24:35+05:30,1,8.102.1,19,"Increasing Fares During rides, Captain cancel the ride you need to bare cancellation fee... becoming Worst now a days"
fd745504-071b-400f-bbf8-0fe86c0b8bbb,rider,2026-04,2026-04-15T08:19:32+05:30,5,8.103.0,2,gud ride
30fd6431-6893-4546-9455-b3bc28f9ff4e,rider,2026-04,2026-04-15T15:45:23+05:30,1,8.101.0,2,FAKE PROMISE
4016a7e4-168f-44cd-beaf-bc7bd3b6b22b,rider,2026-04,2026-04-16T00:06:00+05:30,5,8.101.0,2,safe ride
8899267c-11e5-4311-9fa7-6d41a4b2ea04,rider,2026-04,2026-04-16T08:42:20+05:30,5,8.103.0,97,my experience till my last ride was good but last ride from Gurgaon to faridabad was not good as they charged me 380 as toll where as only 40 rs was the toll charges. when I asked for reason they told me that when I booked it was 380. but driver did not took the path which has that toll. he got charged only 40. every time I had started chat with them they only showed after I was offline and ended with last word as the toll charges was included while booking. but none of the driver take given way
6b4aaa91-5d21-4715-9e16-3265d9f27502,rider,2026-04,2026-04-16T15:29:41+05:30,1,8.103.0,38,⭐ Rating: 1 Star Driver ne app me ₹443 dikhaya tha lekin ₹550 liya. Iske alawa behavior bhi rude tha aur baat karne ka tarika theek nahi tha. Aise drivers pe strict action lena chahiye aur mera extra amount refund kiya jaye.
06bde74c-5106-4dbf-a85e-cad1e1d1ff28,rider,2026-04,2026-04-16T15:31:50+05:30,5,8.102.1,12,verry amazing experience rapido good and great fully 😊✨🕊️♥️🧿💫🌿🫠m fill in batter♥️🥳🫶🏻
d01a0e95-12e6-49ec-905a-81b9f23cd1ca,rider,2026-04,2026-04-16T18:22:15+05:30,5,8.100.0,3,very good riding
1293a381-66a3-4d94-9a78-07127aa767c5,rider,2026-04,2026-04-16T23:42:10+05:30,5,8.96.0,2,hvv. good
809f3f0b-75ce-4731-aa61-27e6e6cc237d,rider,2026-04,2026-04-17T00:26:58+05:30,1,,35,one of the worst system management. It blocks the number when you reinstall the app after some time. who will have time to send mail to unblock instead use another app like ola and uber
bad87eaf-a062-41cf-b249-97a6cc3fcc3e,rider,2026-04,2026-04-17T09:57:04+05:30,5,8.99.0,2,very benifituile
02113584-d3fe-4309-8581-a6d8111598d0,rider,2026-04,2026-04-17T11:48:08+05:30,5,8.103.0,8,"amazing, never had a complain unlike uber & ola"
41d48ddf-5a7e-4796-bc0a-986657f9429b,rider,2026-04,2026-04-17T15:03:27+05:30,1,,70,"Rapido's service experience was very disappointing for me. I tried contacting support, but their email doesn't work, and getting proper help is difficult. No clear solution was provided for ride-related issues, which caused a lot of inconvenience. How can users trust Rapido if its customer support is so poor? I would suggest that people think twice before using it, and the company should improve its service and support system."
404a699a-7818-451f-b36e-f3c3cff3d2f4,rider,2026-04,2026-04-17T15:47:54+05:30,5,8.103.0,4,Charge as per app
d72601a9-044d-43dc-b9d6-898f4d50381a,rider,2026-04,2026-04-17T15:58:00+05:30,1,8.103.0,101,worst app ever I use this app in my mobile many time the select an amount like ₹70 when the rider drop me at my location in his app the amount will get ₹102 because of that I need to pay extra cash and just now I use this app from my mother mobile and use a coupon of first ride in auto the auto drive drop me and demand ₹89 but in my app it only shows ₹49 the rider says that the coupon money never deposit in his account because of that driver aur mere bich besh ho gyi then I pay him ₹89.
9072b77e-f840-4752-aca7-f860caf4b336,rider,2026-04,2026-04-17T16:13:39+05:30,1,8.103.0,51,"Driver doing fraud, vehicle not matched as details given in system, they are taking extra money which is not updated in system,after multiple complaints support services doing same that waiting time applicable while there is no Waiting time, OLA UBER still is best comparison of rapido, don't use this app"
db28ba17-f35e-40a6-9ee8-10d2435b6f81,rider,2026-04,2026-04-18T07:25:36+05:30,1,8.104.0,61,"Rather than solving my query, they asked me to speak to the captain who has already extorted money and scammed them, and now he is not ready to talk and abusing us on the phone. Most pathetic customer service of rapido, and they can't compete with Uber's customer service. that's why MNC is MNC and a homegrown desi behaves like desi."
9c81c14f-df48-4d48-b3c8-b565b9140786,rider,2026-04,2026-04-18T13:15:31+05:30,1,8.60.0,9,"very poor customer service, booking fare changes very dynamic"
05eb223d-3fb8-44d4-bfba-fab2201cf1b5,rider,2026-04,2026-04-18T13:52:41+05:30,1,8.102.1,29,very bad app ye booking ke time kuch or fare show karte hai hai or ride complete hone ke baad bhot jayada fare show karte hai they are fraud
c251ebf9-36e0-4c8d-9183-e8cb61b9a77b,rider,2026-04,2026-04-18T13:53:37+05:30,1,8.104.0,13,ride is not on time and his 5 minutes add is not working properly
ca68f435-518a-4c69-8b23-11651a165f72,rider,2026-04,2026-04-18T14:22:11+05:30,1,8.95.0,25,Jb book kro to book nii hota. last tym maine coupon use krke book kiya to jyada Paisa le liya. koi rapido use na kre
fd7a4244-432e-42ad-953c-5e67c4ae946e,rider,2026-04,2026-04-18T14:52:47+05:30,2,,20,why do you add tips to rates mentioned .secondly what happens when the driver decides to terminate the booking. crazy
9ca980e1-37e0-4db3-a0fe-2e9d277e321c,rider,2026-04,2026-04-18T19:05:37+05:30,1,8.104.0,31,when I booked the cab it was showing 211 after coupon discount and now they are charging 271 even the driver was very harsh he was in very Hurry no help till now
26ff8642-89f5-421d-a954-486db7a93a56,rider,2026-04,2026-04-18T19:51:59+05:30,1,8.104.0,6,taking to long distance for booking
b557cd7a-33db-4dc4-8c37-6a914e010772,rider,2026-04,2026-04-19T08:38:16+05:30,5,8.101.0,4,good timing very good 👍
c536d2e1-12c8-4e96-b415-e47f465bde99,rider,2026-04,2026-04-19T09:18:15+05:30,5,8.104.0,1,welldone 👍
e74faa62-81c8-4194-8aed-d432a6577cfd,rider,2026-04,2026-04-19T10:16:47+05:30,4,8.103.0,32,"Speed in Traffic: The bike-taxi remains Rapido's superpower. While cars and autos are stuck in bumper-to-bumper traffic, a bike can weave through, often cutting your travel time in half."
b544d67d-45f0-4906-975b-6499155529d3,rider,2026-04,2026-04-19T12:33:15+05:30,5,,9,best app and autos will come fast on rapido
37a65c20-fd32-450e-9710-bbd32d30770f,rider,2026-04,2026-04-19T15:51:23+05:30,1,,5,Better we can book directly
b43738a4-dee0-4062-a99f-39e450aef6ba,rider,2026-04,2026-04-19T16:49:40+05:30,1,8.103.0,9,Very bad experience. Payment done but ticket not issued
b03e0147-b727-464b-b6a0-56823b83e983,rider,2026-04,2026-04-19T17:29:47+05:30,5,8.103.0,5,good vehicles and excellent service
7499c5ee-99ad-4619-9e25-2903b2f2cf13,rider,2026-04,2026-04-19T17:36:24+05:30,5,8.104.0,10,"Till now affordable price, professional drivers. way better than uber."
e2d94d05-79db-48c8-981e-fad5b79b071b,rider,2026-04,2026-04-19T18:28:40+05:30,1,5.8.1,3,maza ni ayaa
26750226-2dc4-4dd6-8f37-d999434c534b,rider,2026-04,2026-04-19T18:49:28+05:30,1,,44,I had booked a auto n then rider texted we will go with meter so i went for cancelling ride but this app not showing the options for cancelling ride due to which i need uninstall the app nd now rider is calling me..
2065c332-79d9-4b67-ab92-fb224ebb7718,rider,2026-04,2026-04-19T22:38:50+05:30,5,8.103.0,2,good job
329fb910-59d1-40d5-bf8b-916967e2ffd4,rider,2026-04,2026-04-20T00:43:26+05:30,5,8.103.0,2,good man
184b28f2-0c6c-48b9-a3ed-d1173667021c,rider,2026-04,2026-04-20T13:35:51+05:30,1,8.103.0,17,"same route, same taken time, inspite of this, fair different. Why? Rapido is not good in fair."
edf75adf-85bc-4017-9468-4f08fd4412f8,rider,2026-04,2026-04-20T15:28:39+05:30,1,,16,worst app for ride and it takes cancellation charge. No security and respect for female customer
72f72ed8-bbbd-4253-a0b6-e3c290b28e62,rider,2026-04,2026-04-20T16:04:35+05:30,1,8.96.0,54,Rapido app me white screen aa rahi hai. Pura app open ho raha hai but kuch bhi load nahi ho raha. Please fix this issue ASAP. Or mene 2 Baar Bike Book Ki Bohot Time Laga Laga Raha Tha Aane Mai Is Liye Mene Cancel ki Bohot Bekaar Service Hai Repido Ki Device: Redmi K20
d3662765-a9bf-4af3-83d2-6f194ae6a00b,rider,2026-04,2026-04-20T17:33:07+05:30,1,8.104.0,6,drivers accepet hi nahi karte he
b1729120-d9e2-446f-bcbb-7d8e59728b64,rider,2026-04,2026-04-20T18:31:17+05:30,1,8.103.0,8,"Very worst app , asking for an extra amount"
47d335e1-fe71-4e4e-acf7-3f6a6af65a95,rider,2026-04,2026-04-20T19:33:52+05:30,1,8.103.0,57,not using rapido ever again was going from hostel on this summer vacation and my friend booked a rickshaw for me 'cause i had a lot of luggage but when rickshaw arrived at my hostel driver saw my luggage and cancelled the ride on his own without asking for increase in fare and left without saying anything
f8ad4155-bd8b-49aa-a28c-96abca238b84,rider,2026-04,2026-04-20T19:54:18+05:30,1,8.104.0,4,not an useful app
6bc9ca23-897f-4ce8-9a63-3352a41a6c2f,rider,2026-04,2026-04-20T20:07:56+05:30,1,8.104.0,3,erri...... app worst
d2301b02-0589-4662-94c0-f72030bc5447,rider,2026-04,2026-04-20T20:17:21+05:30,1,8.104.0,86,"Rapido has all robbers with them. A rider took our parcel from the pickup point and didn't deliver to us instead he canceled the order and ran away with our parcel. Also rapido did have any support or help from their side. What kind of service is this?? Are the drivers not scared of the company?? They aren't even replying to us. I didnt get the money back nor I got my delivery. It was a really bad experience, I dont recommend anyone to use Rapido."
a812ff60-c268-4b36-9314-c046d4fc1f1d,rider,2026-04,2026-04-20T23:23:38+05:30,5,8.103.0,5,super ride with super person
1d28fae7-ecd5-4ac8-b38d-8ff10314d0cc,rider,2026-04,2026-04-21T13:48:15+05:30,5,8.103.0,2,good work
d2e2096f-2ae3-42fa-aba6-de1a0919205f,rider,2026-04,2026-04-21T15:12:41+05:30,1,,27,The Worst if not the most Frustrating App doesn't even accept ride what the hell have they made the app if the driver's can't accept a thing
34ac42d7-199d-4e93-b383-2c2be3b06961,rider,2026-04,2026-04-21T15:21:47+05:30,5,,2,good job
021a52ae-9f84-4e5c-b3f3-26d131f40216,rider,2026-04,2026-04-21T18:35:24+05:30,1,8.95.0,22,"i was need of to save my 20 min by booking a ride but the rider waits me 30 mins even after adding tips ,,,"
e11af581-1765-467e-b8c8-f2386826e07d,rider,2026-04,2026-04-21T23:40:04+05:30,3,8.104.0,1,Irresponsible
1680e9b7-8ebd-4b37-b3a5-bb09efeb0e00,rider,2026-04,2026-04-22T11:32:35+05:30,1,8.104.0,64,My first booking is worst rider asked us for pay extra money . I book ride for my grandmother for rupees 89 after reached the destination he asked for paying 140 rupees but in the payment is shown 89 rupees . I want to complain about the rider. I even asked for help from the help center in my app but I did not get any response from them.
e0808323-69e1-4215-ad6c-ff022ecfae21,rider,2026-04,2026-04-22T12:02:01+05:30,1,8.104.0,75,"Subject: Ride Not Accepted Despite Multiple Riders Showing – Urgent Concern Dear Team, I recently tried booking a ride on your app during an urgent situation. The app showed around 40+ available captains nearby, yet none of them accepted my ride request. This experience was extremely disappointing and stressful, especially because your platform strongly promotes quick and reliable rides. In reality, it felt no different from the common issue of refusals seen with local autos in Mumbai."
ac76b207-5613-408b-8425-576608d768a5,rider,2026-04,2026-04-22T19:14:45+05:30,1,,14,i booked an fast priority cab for an one hour ago still not coming
e05247e7-da55-497b-87f8-6a2545805f66,rider,2026-04,2026-04-23T12:38:24+05:30,1,8.104.0,33,the first free ride in not free I will book first free ride she call me and she me to give her 100 rupees for first free ride and she will cancel the ride
c8ea6f03-bcb2-4eef-91b2-b4cbc5258d19,rider,2026-04,2026-04-23T14:38:54+05:30,1,8.103.0,53,the feature to increase the price made the app so bad! No captains accept the ride ever unless you increase the price 50+ or SMTH. It used to be so good and now it sucks super bad. Please remove that feature we can't even go where we want u til we pay in thousands!
52123f07-91dc-411b-a72b-95df90c52d79,rider,2026-04,2026-04-23T17:27:43+05:30,1,,4,all the useless update
030bb7d3-d82f-4ddd-937f-209f1e1ce4e5,rider,2026-04,2026-04-24T09:13:18+05:30,1,8.103.0,56,e rickshaw rides assigned by rapid are asking for extra money than shown in app . The app should have some kind of feature to complaint against them and to remove them from rapido and please take this seriously I cancelled 4 rides because of this . If they can't keep their costumer happy they should leave the business
de95c691-2480-444b-add9-6d73caa29c50,rider,2026-04,2026-04-24T10:23:45+05:30,1,8.95.0,10,its taking too long almost 30 mins to accept the ride
c86a318b-49ec-4386-b14c-b8cf01433846,rider,2026-04,2026-04-24T10:31:17+05:30,4,8.104.0,49,before rapido I am a ola user and ola experience was not good as compared to rapido bz ola rider always ask double fees and ola app don't care but in rapido fully strict about this i love the service i don't know about others. thnx 👌 rapido for monitoring.
424beb1e-3b61-4f80-9158-4ddfb960f21f,rider,2026-04,2026-04-24T11:08:57+05:30,1,8.104.0,44,"worst experience, please do not book cab from Rapido cabs are worst on it, no ac no window glass 30 year old cars are using by cab drivers, at least app should mention that car is without AC after paying huge amount got bad cab"
1beaa5fd-bf13-49a6-90ab-4ea12e234265,rider,2026-04,2026-04-24T19:37:53+05:30,1,8.105.1,7,third class rapido but price very high
be32de96-d86c-4a7d-bfe0-58070572474d,rider,2026-04,2026-04-25T00:02:16+05:30,1,8.104.0,88,"I had a very disappointing experience with Rapido. I booked an auto ride, and the driver accepted it and requested me not to cancel. I agreed, but the vehicle did not move for over 40 minutes, and the driver’s phone was not reachable. Because of this delay, I missed my bus, which caused a lot of inconvenience.I also contacted the support team, but I did not receive a proper response or timely assistance.This kind of service is highly unreliable and frustrating. I would not recommend using Rapido"
62dc8b70-9d8e-4f42-88cb-50a5166ab30e,rider,2026-04,2026-04-25T09:48:54+05:30,5,8.103.0,5,under verification problem my documents
6e5ba209-83cd-4da2-af58-24aab79bf9f7,rider,2026-04,2026-04-25T12:08:50+05:30,1,8.92.0,42,"This is a useless app, I m not sure why this is happening but whenever i try to log in it says i cannot login because my account has been suspended.. as a customer this really annoyed me.. ban this app asap"
d3be5920-fb0a-4dca-90c3-d2a5a2713fcd,rider,2026-04,2026-04-25T19:26:19+05:30,5,8.90.0,11,this aap is very very amazing and this ride is good
966d6034-6bde-48bf-bac5-73033b78fefd,rider,2026-04,2026-04-25T20:41:53+05:30,1,8.104.0,11,"worest, riders not accepting the ride waiting time is to long"
ab24e178-dda1-4a58-a925-997059f8b34f,rider,2026-04,2026-04-25T21:47:37+05:30,1,8.104.0,13,Day by day getting worse. Cheap and scammers are being hired as captains
acc4ef99-96f5-4bf7-b2d6-3e041b4c3a48,rider,2026-04,2026-04-25T22:36:23+05:30,1,,75,"Very disappointing experience with Rapido. Whenever the ride is urgent, no captain accepts the request on time. Even when someone accepts, they often cancel the ride after a few minutes, which is extremely frustrating. The fares are also much higher compared to other apps for the same distance. Because of these issues, the service feels unreliable, especially during emergencies. Would not recommend if you need a dependable ride. If we complain rapido block our account"
02d82161-06f0-4f1d-8090-6bdd226a0c0b,rider,2026-04,2026-04-26T08:24:26+05:30,1,8.104.0,4,worst app worst riders
17f63f10-b92e-43fc-85cf-f68f79c65cbf,rider,2026-04,2026-04-26T10:36:11+05:30,2,8.104.0,63,"Though the app is good, my first experience with Rapido is bitter. Driver 'Ashraf Molla' took extra money with the excuse of parking charge whereas in the detailed bill parking charge is already included. While booking a cab, driver details should be made available. One can book a cab after viewing driver's name and details. This is a safety issue, especially for women."
fb8a6a96-4b36-45ed-912d-a0aa15b1cb89,rider,2026-04,2026-04-26T23:36:42+05:30,1,8.103.0,79,"I had a very frustrating experience with Rapido. I tried booking a ride at 11:20 PM, and the app showed around 45 captains available near my location. However, not a single one accepted my ride request. I even added an extra ₹15 to increase the chances, but still no response. I tried booking 4 times, and every attempt failed. This is extremely misleading and unreliable service. Showing availability when no captain is willing to accept rides defeats the whole purpose of the app"
0c72570d-797d-409a-afff-cf94b92f1e52,rider,2026-04,2026-04-27T07:08:19+05:30,5,8.104.0,4,good rapido other aap
c34bfdcd-c258-40c2-8593-988d50cc3ea1,rider,2026-04,2026-04-27T09:52:21+05:30,1,8.103.0,16,"No small rides are being accepted even after trying for 30 mins straight, Just started hating this."
0a832b81-f20b-4c55-bce6-d5b73b650dda,rider,2026-04,2026-04-27T10:02:23+05:30,1,8.105.1,4,"Horrible service, rude drivers"
d3dce5be-93a5-4142-ace7-ab3082543dcd,rider,2026-04,2026-04-27T10:21:52+05:30,2,8.105.1,14,There is no customer support available on Rapido to solve any issues or queries.
47fba6c3-f288-4bd8-8b46-980f1b5b30bd,rider,2026-04,2026-04-27T10:27:40+05:30,1,,37,ask your damn drivers not to keep us wait for 20 mins and then cancel!!!!! Do better than ola. i book rapido almost every day. so yo want me to send u the email with cabs every morning.
555ee909-1637-4b02-913f-d88b9ef25865,rider,2026-04,2026-04-27T19:16:19+05:30,1,8.104.0,76,"ridiculous services, Riders do not accept the ride, take too long to accept ride. if accepted call us and then says tobus that they are coming but after the call the rider cancels the ride. they choose wrong route and try to increase the fare. customer support does not respondij proper way, they are always late to start the chat are always in hurry to close the chat even if the issue is resolved or not"
764e56f1-585d-49a9-b98f-dc917feca952,rider,2026-04,2026-04-27T21:00:35+05:30,1,8.104.0,16,sabse ghatiya app batayega 70 lega captain lega 140 app ko bhi do paisa aur caption ko bhi
c412991e-d78d-4e68-8953-c89fad0ece90,rider,2026-04,2026-04-28T08:04:39+05:30,1,8.104.0,23,3rd class services. During peak hours the rates are high and even waiting time is also more then also service does not available
b059dbf7-5ce8-45ce-9d02-abaa694e5d77,rider,2026-04,2026-04-28T08:05:35+05:30,5,8.104.0,4,best travalling in journey
da49c8fb-1dd5-48ac-8a3b-59cc86a3d205,rider,2026-04,2026-04-28T10:03:09+05:30,1,8.104.0,49,I’m disappointed with the service. Drivers are asking for fares different from what is shown in the Rapido app. Please ensure drivers follow the app pricing and do not accept rides if they are not willing to go at the given fare. Kindly take action and improve the service.
2fdcab7e-8480-4743-827a-142dcb64ceab,rider,2026-04,2026-04-28T11:29:22+05:30,1,8.104.0,5,1st ride free nahi ha
7fde7cea-53b2-4b4e-be32-d57621a4de02,rider,2026-04,2026-04-28T12:21:24+05:30,2,8.104.0,31,they are claiming first ride is free but that's untrue they just give flat 150 off and that too at inflated price so in reality nothing Is free so stop fooling people
08168a25-29c7-40d0-88ec-ab0fa203510a,rider,2026-04,2026-04-28T12:28:56+05:30,1,8.99.0,7,why are you applying a surcharge 5rs
f71e0ef5-b213-4d89-a6a0-ee9c03117a09,rider,2026-04,2026-04-28T19:05:08+05:30,1,8.104.0,22,very poor service. on the time booking price show something & after ride complet it show more hire price. 3rd class customer service.
ccd2f772-6514-4a0a-bb9a-4da190e22cb4,rider,2026-04,2026-04-28T21:52:55+05:30,1,8.102.1,75,"Booked Rapido Auto on 27.04.2026 at 9.16 PM for just 1 KM. App showed fare Rs.30 but after accepting ride the driver demanded Rs.80 extra cash and refused to provide service unless paid. I was forced to cancel the ride and had to walk nearly 1 KM during night hours to reach the bus stand. Very unsafe, misleading fare assurance and poor customer protection. Customer support only gives generic apologies. I have demanded compensation and driver action. Highly disappointed."
f1119a41-79ec-4dca-86b4-e823fa17798a,rider,2026-04,2026-04-28T22:12:17+05:30,1,8.104.0,18,driver tumhare sab ke sab offline ride lelo paise kam de rha h gareeb ho kya ekdm hi
1d4b77d8-ddaf-41b3-9f31-7d62e47c65f9,rider,2026-04,2026-04-29T13:20:14+05:30,2,8.105.1,15,Frequent cancellation by drivers. non acceptance of rides when needed to reach destination on time
641b593b-352a-4fa4-b3ec-3bcf258fa8d5,rider,2026-04,2026-04-29T19:28:21+05:30,1,8.103.0,4,Riders are really bad
417ce869-2a20-472d-8d2d-00fbc37f2518,rider,2026-04,2026-04-29T20:43:02+05:30,1,8.104.0,28,"Fares are 2x-3x of meters. Gets difficult for daily commute. Your response is nonsensical. Just because it drizzles a little, fares get hiked from 50 to 150. Please explain?!"
c3f7a3fe-a8d4-48f7-9d41-b905d627a014,rider,2026-04,2026-04-29T20:48:40+05:30,1,7.14.0,6,Tomuch Lag happen in this app
3cbc434d-746e-49b8-95b2-d6db6ff8eeef,rider,2026-04,2026-04-29T22:01:02+05:30,5,8.104.0,15,I like how neatly the rapido app handles both ride booking and payments without confusion.
6dbe5d40-c3f6-4320-94a0-684951b4abfb,rider,2026-04,2026-04-30T07:53:04+05:30,1,8.104.0,10,app amount vara rider always extra charges 😤 very bad app
5b477bc9-6053-4f6b-a04f-baf12ce13510,rider,2026-04,2026-04-30T10:12:12+05:30,1,8.104.0,39,Never get a cab since a month's time. I think you should either do something or close the app. it's a waste of time hoping to get a cab. i don't even want to give one star. Underestimated service
cb36ccd7-3954-4e48-aa3e-7c7faefa0dca,rider,2026-04,2026-04-30T12:53:41+05:30,1,,31,this app is so bad why the reason is i just booked so many ride in a 1 hour above but they had didn't have any response captains didn't except my ride
efb144c9-3003-43ac-a1fb-f30bdf0ead20,rider,2026-04,2026-04-30T12:54:33+05:30,1,8.104.0,37,The driver is demanding extra cash. he even left me on the middle of road. worst experience. Its my first. he argues that he will take 230 and so he left me on road. First experience worst experience
6458cbe6-0b56-4e5d-906c-3c6ffd0f58b2,rider,2026-04,2026-04-30T14:56:13+05:30,1,8.104.0,4,not accepting my ride
d5e4df59-14e8-4489-a3ee-1f246550c3f5,rider,2026-04,2026-04-30T19:11:19+05:30,1,8.104.0,11,they take extra money not as per show in the app
ac889068-a177-4ebb-9404-bda8dea3e558,rider,2026-04,2026-04-30T20:43:06+05:30,1,8.104.0,12,ask extra money for turning on and not replying whn need help!!
4e93f281-3b85-4a6c-be54-0b88f13e9f35,rider,2026-04,2026-04-30T22:46:53+05:30,2,8.104.0,51,Bht hi kamm ratings dena pasand krungi mai rapido ko... drivers mannerless hai bht rapido ke or auto book karaaye 3members ka or ek extra person add hua toh 50rs charge krre..... or Aaj kal drivers extra demand krte agr hum manaa kre toh auto se utarr jaao keh rahe hai...
12aed39c-ec28-4120-8adf-6aab36cd80bf,rider,2026-05,2026-05-01T07:06:25+05:30,5,8.104.0,5,quick and fast.... pocket friendly
a7919032-7789-495b-9a9d-5296aeeaea57,rider,2026-05,2026-05-01T14:46:15+05:30,1,,32,they will give you 2-3 rides with same or discounted rates but after that they will charge you a lot. can't you give the same price from starting so consumer shouldn't feel cheated.
e6b82867-2991-4665-9de3-9c375b7afd14,rider,2026-05,2026-05-01T16:17:42+05:30,1,8.104.0,13,very bad .. becouse rider didn't accept ride .when I need that..it's useless 😞
9bef2d47-f44c-4255-837f-bb2d673a1413,rider,2026-05,2026-05-01T19:43:04+05:30,1,8.102.1,87,"Your app doesn’t meet the standards set by other similar apps. I installed it in Pune, and I should have received a discount on my first ride. Instead, after dropping me at my destination, the driver asked for ₹25 per km. I ended up paying almost twice the fare shown in the app. There’s also no option to provide feedback after the ride, so I couldn’t even report my experience. If drivers are using your platform, they should be required to follow the fares set by your app."
49c214ec-ef02-4952-a080-93deca26f036,rider,2026-05,2026-05-01T22:47:24+05:30,1,8.88.0,55,I had a bad experience with the app. The captain accepted my request at low money and after reaching at the location he accepted that money has been paid. I did not even do the transaction. Still it was showing complete. Later he asked for more money on his personal account else he wont drop.
89771151-4bb2-46e7-b949-335c1a36c5de,rider,2026-05,2026-05-02T08:25:41+05:30,1,8.104.0,25,"Rapido is the worst app. The fares are too high. It shows low prices, but the ride doesn’t get booked. It’s a completely useless app."
9637d1d5-c07e-48f5-aa9b-917c18325e59,rider,2026-05,2026-05-02T10:07:21+05:30,1,8.104.0,8,this is the auto driver is so bad
94c75a76-9255-41be-b2ae-a2dc42951075,rider,2026-05,2026-05-02T10:27:55+05:30,1,8.104.0,24,delivery boy chor hai maine kal saman bheja tha wo saman lekar bhag gahe uske baad rapido ki taraf se no reply till now
5eb654a6-26f4-46d9-8934-c916dbcc3b1b,rider,2026-05,2026-05-02T11:04:52+05:30,3,8.104.0,2,un affordable
50cb8e81-aa5c-41d8-8fce-7fa946566601,rider,2026-05,2026-05-02T13:07:04+05:30,1,,25,The worst ever app because firstly charging a higher price and also it took too much time .The price is like more than I think
b3e32336-0abb-46ab-b5db-193756aafc1a,rider,2026-05,2026-05-02T15:37:52+05:30,1,8.104.0,28,"Very pathetic customer service. No one is available for any help or assistance on the app. Even they charge higher than others like Uber, Ola or Bharat Taxi."
05d35f9c-fefc-4575-a659-be72d5a87a7c,rider,2026-05,2026-05-02T21:23:08+05:30,3,8.104.0,60,"This is a good app.... But now a days.... Most of the captains asked for extra cash.... Where my fair is 149, he is asking for Rs.200. Where my fair is Rs. 136, Captain asked for Rs.180.... I am very much disappointed on this. I am a regular customer on this app..... Kindly solve this issue..... Otherwise I will uninstall this app....."
28dd53bd-a165-4653-a740-15054b1f03d6,rider,2026-05,2026-05-03T11:28:31+05:30,1,8.104.0,5,service not available in Shiridi
9617cf9d-b221-4a5f-88d7-e01efc555bac,rider,2026-05,2026-05-03T15:28:41+05:30,1,,37,I did not like the service bcz the riders firstly don't quickly accept the ride and if any one accept it the rider takes 15 - 20 mins to reach the pickup location...what if there could be ani emergency..!!?
ef93dc11-a337-4274-8caf-a6acfa8ffbc7,rider,2026-05,2026-05-03T15:47:56+05:30,1,8.104.0,72,रेपिडो कंपनी का बहुत बड़ा ग्राहक हु मे.. अब तक करीब 4000 बुकिंग की हु कुल.. लेकिन ये कंपनी ने रेपिडो मे जो काम करता है उनसे बहुत ज्यादा लूट मार और कमीशन खा रहे है इसलिए हम आज से इस कम्पनी का बहिस्कार करते है 🙏🙏🙏
7c883042-7525-4330-9347-4d6460113b31,rider,2026-05,2026-05-03T21:57:17+05:30,1,8.103.0,57,"worst experience, I have been trying to book rapido for the last hour, no captin is available to accept my ride , this is totally waste app, even I put extra charges also , even though no response from captin, so I suggest to use our local tirupati app for this rather than using rapido , I am uninstalling immediately."
168d55bb-27d0-446c-aee7-1eb6a9f2c93a,rider,2026-05,2026-05-03T22:20:01+05:30,1,8.104.0,65,"I am extremely disappointed with the service. I was subjected to unfair additional charges and kept on hold unnecessarily, seemingly just to inflate the final bill. Furthermore, the driver marked the status as 'arrived' before actually reaching my location. Upon arrival, the driver refused to start the trip and began bargaining for even more money before taking the OTP. This behavior is unprofessional and exploitative."
1ee98694-120a-4879-baae-e18f736edd59,rider,2026-05,2026-05-03T22:32:09+05:30,1,8.104.0,65,"one of THE worst apps ever created every single time I try to book a ride, all 47 worthless drivers decline, every single time, if the core purpose of the app is to offer ""RIDE IN EXCHANGE FOR MONRY"" and fail to do the one thing it was built for its literal trash on your phone, I recommend everyone to delete this joke of an app"
790b45fe-1a24-40e4-9ebe-07672dd11b9f,rider,2026-05,2026-05-04T17:49:19+05:30,1,8.104.0,81,"Don't use rapido as much as possible, drivers cancel bookings immediately and nowadays frequently they are charging more than what is shown at the time of booking. Sometimes may be double the amount. Worst app compared to OLA. too much charging, increasing fares like dynamic pricing in flights. rapido destroying people creating unnecessary demand and looting. most cars don't have luggage space, instead there will be gas cylinder. that is not mentioned in the app as no luggage space. rapido idio"
0b135dad-92a8-4803-b29d-6bb8dfa6c96d,rider,2026-05,2026-05-05T17:55:46+05:30,2,,14,your captain received me with his two friends for enjoyment and also he drink
02a5fca6-7beb-4eef-8f27-3204fbc80b50,rider,2026-05,2026-05-05T18:14:34+05:30,5,8.106.0,13,best service and I always suggest this app use to friends and family
b6655822-bd51-46a7-9dac-b93abb771c4b,rider,2026-05,2026-05-06T10:00:28+05:30,2,8.106.0,89,from a long time I had been noticing that the driver DO NOT ACCEPT THE RIDE UNTIL I RAISE UPTO 50-60% OF THEN ACCTUAL AMOUNT why? isn't it wrong? they just wait until the price is raised and accept it immediately thereafter. for a normal metro station ride rapido says only @25 but that's NOT AT ALL TRUE the driver never ever accepts it at 25 we have to pay at least 35 pr 45 for just 2 km? for bike? this is the same with autos too. why would I keep booking from here?!
55280f31-64b9-4c3d-9999-8c42df710b68,rider,2026-05,2026-05-06T13:20:54+05:30,1,,78,"I’m very frustrated with few Rapido drivers. I don’t understand how the fare is being calculated. If we get stuck in traffic, we end up paying more than the initially booked amount. We are already wasting time in traffic, and when we ask drivers to take a traffic-free route, they refuse because they want extra money. I have submitted multiple complaints, but I don’t know when this issue will be resolved. I’m seriously considering uninstalling the app."
7c2df703-f413-4593-ae5d-1ac1033898d7,rider,2026-05,2026-05-06T17:08:54+05:30,1,8.104.0,32,youu are absolutely wrong no bike no taxi no auto no cab's are available in 5min we are just waiting til the 30min but no body picks such a bad service ( rapido )
d786549f-8cd6-481e-9a19-9e1f5b03bea9,rider,2026-05,2026-05-06T19:33:40+05:30,5,8.104.0,6,"Priority to Rest, Rapido is Best 🛸🔬"
d50a2675-f0ed-4ca9-9f61-5955bbe6beec,rider,2026-05,2026-05-06T22:06:50+05:30,5,8.106.0,8,Mostly I get good and affordable ride offers.
3661426b-112f-418a-8bcb-549ca487599f,rider,2026-05,2026-05-06T22:58:03+05:30,5,8.106.0,2,good ride
8d002ea7-7ba2-47d7-8399-831d6a3144af,rider,2026-05,2026-05-07T11:41:01+05:30,1,8.106.0,53,"I had to cancel 3 rides because drivers were charging me double the price. Finally had to give up because nobody was genuine and everyone was asking me for extra money. When I contacted your customer support, they mentioned me to ask for a refund from the driver. What a pathetic service you provide."
d9928b31-4c0b-4201-b26c-96edf95c692f,rider,2026-05,2026-05-07T11:55:06+05:30,1,8.106.0,5,worst app fail in budaun
c461d566-48c0-4638-bbbb-0449e499b3ce,rider,2026-05,2026-05-07T17:34:31+05:30,5,8.105.1,12,thank you so much rapido you help me on most needed time
5ef75d55-3161-4ca0-8b4f-5bcb92e146e5,rider,2026-05,2026-05-07T18:28:39+05:30,1,8.106.0,13,kono gari available to thake na app ta keno seta i bujhi na
4c5c97f4-7377-4f31-9926-b2d855982010,rider,2026-05,2026-05-07T22:20:46+05:30,1,8.106.0,85,"not helping at the time of need. price increase on every request,when no ride qas allotted. not getting RIDES AT THE MOMENT U NEEDED MORE. IT HAPPENED ON Daily BASIS, WITH THE SUGGESTION TO INCREASE THE PRICE BY Yourself SO THAT U HAVE TO WAIT FOR A Long Long TIME. AND AFTER THAT THE RIDER CANCEL THE RIDE AND ASKED FOR THE LOCATION TO DROP,IF OT FAVOURS,ITS OK, OTHERWISE, THEY DO T CARE. I DO T SUGGEST TO BOOK RIDE ON RAPIDO😞"
d276a285-4817-400b-8c5a-23a3f299f669,rider,2026-05,2026-05-08T08:30:57+05:30,1,8.106.0,32,it show the correct amount but the driver ask more money than correct app amount because local areas travel rates are different in this app travel rates. so check that problem once.
2bb27066-a45b-4627-9381-35e175b4586d,rider,2026-05,2026-05-08T13:34:40+05:30,1,8.101.0,66,"⚠️ Be Alert – Misleading Offer Experience I booked my first ride on Rapido and received an offer during booking. However, after completing the ride, the driver refused to apply the offer. When I asked about it, he started arguing with me in a public place and behaved in a disrespectful manner. This was a very disappointing experience. I request others to stay alert while using such offers."
0b2878c5-46f5-4f10-83a9-f8c3d8479f85,rider,2026-05,2026-05-08T14:09:34+05:30,5,8.104.0,1,beautiful 😍❤️🤩
95ba19c3-933e-4b17-8f26-8c3e5dd770ef,rider,2026-05,2026-05-08T16:37:46+05:30,1,8.106.0,3,not log ining
e4fae299-a30b-4327-8c17-6963cbc05bde,rider,2026-05,2026-05-08T17:49:09+05:30,3,8.107.0,101,rapido boking is fine but rapido customer care is now one is replying me in was complain for driver. driver is fruded me he is take my mobile n select the tip 200 rs n i don't now the that is happen with so i will complained the rapido app but nowbody reply me i was paid 200 more than fare my fare was 717 rs but that day my fare 917 so i told him he is saying traffic excuse given me but that time is no trafic rapido customer care is not listening so pls do the reply for everyone is it request 👍
41231ebb-6ea1-4ff9-8a01-4c30b663caff,rider,2026-05,2026-05-09T08:17:15+05:30,1,8.104.0,36,isase kabhi ride MAT book karni ek number ki ghatiya service hai inki upar sey enke Jo driver Ho dalali alag se karte Hain extra charge karte hain aur koi complaint bhi nahin kar sakte ho !
a2b29337-016a-4158-bee4-d77836074ec1,rider,2026-05,2026-05-09T10:12:09+05:30,5,8.106.0,7,❤️ Good app and nice behaviors thanks rapido
a12985fe-6fa1-4c88-b702-dc660052f87f,rider,2026-05,2026-05-09T11:59:41+05:30,1,8.106.0,34,money in wallet neither cannot be used nor can be withdrawn to normal bank balance. when asked to the customer care .. they are asking for pan card photo. i have screenshot proof of it.
84d30caf-84f9-404f-bc05-c183ffa1da59,rider,2026-05,2026-05-09T12:14:03+05:30,5,8.104.0,2,best sarvice
6c925767-11c1-4de9-8fbf-5412bdc4720e,rider,2026-05,2026-05-09T12:37:25+05:30,4,8.104.0,6,ofenly not dropped in right location
e60e2cae-712f-47ad-9e82-62229f20f7dc,rider,2026-05,2026-05-09T15:23:34+05:30,1,,91,"My experience with the Rapido platform has been very bad. I had ₹257 in my wallet balance, and when I requested a refund process, they returned only ₹20 to me. I have had many such negative experiences with them so far. It is a very poor platform, and after this,I will not recommend anyone to use it. I have already sent them all the information,including my bank statement and details of how much amount was credited to my account from their side. Even then, I have not received any proper response"
0c72310c-dcf3-4dbd-a282-5402a4f41d82,rider,2026-05,2026-05-09T15:44:38+05:30,1,8.106.0,4,ye App Bekar hee
dff4ab08-974e-4623-95c5-2e55f54ac2ea,rider,2026-05,2026-05-10T08:57:33+05:30,1,8.106.0,80,"Bad experience from the Bengalurairport,where driver overcharged me,almost double the usual fare. He deliberately took me on a longer & unfamiliar route, claiming a road block. upon checking, This was absolutely false. Didn't expect this from Rapido &Was cheated that day. I was an lone female traveler on this particular trip.Remove the driver from the fleet, so he doesn't do this again.the process of getting refund is long and complicated. rapido doesn't refund. rapido wallet is inaccessible."
05112f1b-5f27-4ea3-abe7-d931421c2cb0,rider,2026-05,2026-05-10T14:26:15+05:30,5,8.106.0,6,iits a good app for everyone
85d338fe-85dd-4724-8992-16acb2f1738a,rider,2026-05,2026-05-10T15:59:19+05:30,4,8.107.0,1,nalice
386cf684-b0ba-4053-b311-b31e623982d7,rider,2026-05,2026-05-10T20:05:16+05:30,1,8.107.0,27,frauds looters i booked a metro ticket they cut my balance and not given me ticket and refuse to give back refund . fraudsters of the year rapido
d4a99b64-4d31-4bec-95ef-69f67415d293,rider,2026-05,2026-05-10T22:02:26+05:30,1,8.106.0,85,its the worst app ever i have just returned home from my village first the ride got accepted and then the app showed that the ride has arrived but it never came and the rider didn't accept any of my call I called him around 5to 6 times and at the very end I cancelled it . then I again try to book a ride in it but it didn't accept any and it late night 9 pm its the worst app I never recommend anyone about it ..
3dcfcd78-9926-42ce-a042-19917319daa1,rider,2026-05,2026-05-11T00:00:10+05:30,4,8.107.0,5,thish app is very awasome
ad0d1da8-5222-4a38-8c1c-f4719faee1f0,rider,2026-05,2026-05-11T01:53:30+05:30,5,8.100.0,2,Loved It
61a5beaa-313c-4d26-9704-fbfec4d18ced,rider,2026-05,2026-05-11T07:45:14+05:30,5,8.106.0,4,fast and safe journey 🙏
ebbe0ed5-0332-433e-a52d-cc4a0aae3456,rider,2026-05,2026-05-11T08:17:52+05:30,4,8.106.0,1,comfort
306ce635-42a6-4e35-8003-d625d4726e5b,rider,2026-05,2026-05-11T10:53:06+05:30,5,8.86.0,19,great 👍 man nice drive i am enjoying my trip make it special for me He present me well time 👍
5fffab60-c68a-433f-a2ce-594e35df2eed,rider,2026-05,2026-05-11T13:10:37+05:30,4,8.95.0,3,achhi suvida h
88b93386-62cf-41db-926b-91f1d5ecc2f2,rider,2026-05,2026-05-11T15:14:57+05:30,2,8.102.1,19,"ghatiya app, rider phone pick nhi karte aur cancel karne par paise alg kaate hai , don't use this app"
c1d0bce9-436d-47d0-9ad2-a8a0d34f32c2,rider,2026-05,2026-05-11T16:31:56+05:30,1,,25,every captain from this app demands extra money...and if you refused to pay they asked for cancellation.....very poor experience fix this problem asap
96575b25-7216-4911-abea-c152b5313366,rider,2026-05,2026-05-11T16:40:35+05:30,1,,96,Bhot hi ghatiya h kabhi bhi help section work nhi krta h like mere wallet me paise h and I am not able to use that and iske alawa when I went to help section they were not responding have only one option in this that is cash payment option and also if I want to change this it is not changing it's been more than 3months and I am not getting my money back and also I can't use that isse acha tum service band kro abhi samne hota to bhot maarta in logo ko
8aa6b1d0-4bac-4dc3-bc7b-1e8cf7fd4418,rider,2026-05,2026-05-11T18:58:03+05:30,1,8.106.0,21,"app is good, and facility also satisfying but pilots whant extrw charges and they dont accepted aur rides in show charges"
d3e19a90-bb4e-4610-88e2-e2dfa6650298,rider,2026-05,2026-05-12T01:56:38+05:30,5,8.106.0,3,work whole night
0dcce2c7-a753-40cd-a7c5-c76fb5a9b96a,rider,2026-05,2026-05-12T09:51:23+05:30,5,8.107.0,5,most reliable and cost effective
b5d827d1-f33a-4e5a-be57-e6b4a540bc1c,rider,2026-05,2026-05-12T10:29:31+05:30,1,8.107.0,22,bahut ganda app h jb urgent book Krna ho to koi ride accept hi nhi krta sab jada money demand krte hai
f1dfdc4c-a228-4ef0-9f6c-2670c2b4353f,rider,2026-05,2026-05-12T11:17:55+05:30,2,,2,doesn't work
aed9b815-32f3-41a2-be0a-bef5005ca67f,rider,2026-05,2026-05-12T12:46:28+05:30,1,8.103.0,137,मैं पटना में एग्जाम देने गया मैंने अगम कुआं से रैपीडो बाइक बुक किया एग्जाम सेंटर के बदले मुझे कहीं और छोड़ दिया और बोला आगे नहीं जाऊंगा और पैसे भी अधिक ले लिए मैं बार बार कंप्लेंट किया पर कोई सुनवाई नहीं हुआ ठंडा समय से आता है कि आपने अपना डेस्टिनेशन चेंज किया है इसलिए पैसे अधिक लगे एग्जाम देने जाएगा तो थोड़ी इधर उधर घूमेगी महा बेकार सर्विस कस्टमर हेल्पलाइन भी बहुत बेकार है
17e8dd65-d45b-4327-ba8f-46d004704f4c,rider,2026-05,2026-05-12T12:50:11+05:30,1,8.107.0,11,pathetic support staff experience..they don't even listen to the problem
9ca19168-358f-4518-be9f-c7d5eb1ef47b,rider,2026-05,2026-05-12T20:49:48+05:30,2,8.106.0,6,the app has performance related issues.
c3210208-a0d1-4f23-a195-04490d82dafd,rider,2026-05,2026-05-12T23:28:08+05:30,5,8.107.0,2,Good driving
08ce97a6-5bb3-4175-9f9d-356b15b8d863,rider,2026-05,2026-05-13T07:29:26+05:30,1,8.107.0,44,"worst cab booking app, why the hell do you run this company when your drivers are not ready to pick the ride, ohh yess but when I booked from a girls account they accepted, what a company full of pervert. Rapido should shut down"
124983a7-b6ea-406f-84e7-8716dea4f498,rider,2026-05,2026-05-13T08:18:29+05:30,5,8.107.0,3,very usefull app
f458393e-a0ea-4435-b8f5-0f26e7016f9d,rider,2026-05,2026-05-13T08:41:02+05:30,5,8.107.0,14,rapido. service best. but rider not accepting ride quickly. long time Wait for customer.
75e0650d-3bdf-470d-8190-a41bca06e9a2,rider,2026-05,2026-05-13T09:45:51+05:30,1,8.106.0,29,worst app even worst management. please don't raise any genuine complain because rather than resolving it they raise your ride fare. comfortable rides nahhh fraud driver and fraud rides
5b5ed2d2-ad5d-446c-8851-658d0a61dad5,rider,2026-05,2026-05-13T12:23:34+05:30,5,8.107.0,5,"Yes, definitely recommend to others."
782e0585-0a4f-4272-9899-a65e656fd9d9,rider,2026-05,2026-05-13T12:38:11+05:30,1,8.107.0,3,ghatiya app hai
71093163-3484-42ed-9bff-fdec8d38cb41,rider,2026-05,2026-05-13T15:54:01+05:30,2,8.106.0,18,"don't understand, why your captain cancelled the ride or demanding extra amount, do something to resolve this issue"
e51106e0-f10e-4c8d-8aa5-ea4133d6b045,rider,2026-05,2026-05-14T11:37:30+05:30,5,,2,best aap
9485c66f-04be-4e00-bcdb-133be6a81d5b,rider,2026-05,2026-05-14T14:42:16+05:30,5,8.107.0,4,very nice app usefull
9519a0f5-2a9b-4fc6-9622-f76a0cb1e5e5,rider,2026-05,2026-05-14T20:50:55+05:30,1,8.107.0,16,"They are giving advertisement first ride free, actually it is only 30 percent off don't trust them"
366b2694-e51e-4f48-994e-fc7e09b031c6,rider,2026-05,2026-05-15T08:06:21+05:30,1,8.107.0,11,the driver asking for extra money when it's a free ride
d84750d2-b24e-49cd-ba00-ecd2a235ff58,rider,2026-05,2026-05-15T09:13:49+05:30,3,8.107.0,9,The auto never gets booked. Frustrated by such apps.
009a60e6-c976-46e4-af07-87d8634e306c,rider,2026-05,2026-05-15T12:56:59+05:30,5,8.106.0,7,good service but sometimes taking wrong location
1e2dc707-748f-4e4f-8e62-fb8b2e8b6e37,rider,2026-05,2026-05-15T17:13:36+05:30,5,8.107.0,10,good for I like the service but waiting is headache 😕
8beb643a-647f-49c8-8470-0f67538c8ea9,rider,2026-05,2026-05-15T17:24:10+05:30,1,,89,"Worst experience, don't use this app as much as you can..this has happened twice, the location changes automatically, the trip is correct at the time of starting and it ends itself 5 km before the destination, neither is it the captain's mistake nor ours,,, I have the screenshot also,, today I was a boy!!!tomorrow if there was a girl then what would happen, tell me if the trip ends suddenly on the middle road in a city like Delhi, what would that girl do, worst app than others 🤬😡😡"
8ee59872-14ec-43d3-bcd6-10d75b8d4df8,rider,2026-05,2026-05-15T19:11:47+05:30,5,8.107.0,36,Experience is great so far! personally I found the auto rickshaw rates to be lesser than the standard auto drivers. I like the way I can instantly book auto easily. Keep up the quality and experience!
8776170c-17d4-48d0-a767-5aa47426f686,rider,2026-05,2026-05-15T20:52:56+05:30,1,8.107.0,42,Rapido no safety regard Customer support/Oder deilay ther is no customer support team that we can speak like delivery boy taking 2 or 3 oder at the time in one lane probly delivery done in 30 min but 3 hr delay because the unique idea
f1923001-0a76-4d0d-be41-937ca0381a89,rider,2026-05,2026-05-15T21:35:36+05:30,1,,2,third class
55869756-d36a-4e16-87c2-a3398d874ea0,rider,2026-05,2026-05-15T23:19:34+05:30,5,,13,"Nice रैपिडो: बाइक-टैक्सी, ऑटो और कैब💯"
a5b75c50-6010-4831-8ba2-969d6021a0a6,rider,2026-05,2026-05-16T09:58:28+05:30,5,8.106.0,5,good app to instead going
cbd7391f-68f0-4614-a7c0-91637c52e4ee,rider,2026-05,2026-05-16T10:04:45+05:30,1,,37,ye fraud company he delhivery boy mera parcel chori karke chala gya but ye logo ne koi action hi nahi liya usme 10k ka saman tha but ye logo ne koi action nahi liya fruad company he
1ad48aed-240a-4f66-860d-4d7e3aad496e,rider,2026-05,2026-05-16T11:46:34+05:30,5,8.107.0,3,very fast rides
464bc533-3dc0-47fe-9992-8a72966a514a,rider,2026-05,2026-05-16T12:00:39+05:30,5,8.107.0,3,very fast service
616e8613-cb4d-4bb0-844e-9415b6d388e1,rider,2026-05,2026-05-16T17:52:50+05:30,5,8.104.0,5,Easy to Booking kwick response
5ae15e3c-4b4e-4fcf-a492-89d0f50cba06,rider,2026-05,2026-05-16T19:37:18+05:30,1,,12,very bad service extra charge looking fair different and demand is extrafare
8fc90919-6dd0-4b12-8af8-e8d2fe41e0fb,rider,2026-05,2026-05-16T21:11:42+05:30,5,8.107.0,5,very humble and honest service
a21e9105-659c-47fc-8572-fe4227e40ecd,rider,2026-05,2026-05-17T10:27:30+05:30,1,8.107.0,10,worst experience captain's accepting the rides and cancelling without reason
f74b9faa-1f8e-4592-a90f-358ceb4217d5,rider,2026-05,2026-05-17T12:33:35+05:30,5,8.107.0,4,easy to use safe
66adb149-175e-48d5-b5e8-2ffe2cf88c05,rider,2026-05,2026-05-17T13:54:04+05:30,5,8.104.0,20,I m loving it it's tooooo good and safe with navigation with all features that's y I m loving it🥰
2bf41e15-6655-45ce-9fb5-3236d003c725,rider,2026-05,2026-05-17T18:11:02+05:30,1,8.107.0,3,worst experience ever
de98b56e-a896-49bb-90eb-8d2569e0307f,rider,2026-05,2026-05-17T19:32:50+05:30,5,8.107.0,6,Abhi tak to sab sahi hai
5a856096-a94f-4a17-a0aa-aec6a1b319f4,rider,2026-05,2026-05-17T21:37:41+05:30,1,,6,no one accepts the ride... worthless
d5ed3481-2974-4840-9073-bfb52b638ee3,rider,2026-05,2026-05-17T21:39:30+05:30,5,8.102.1,4,good job experienced driver
f0ef5e47-ddf2-43f1-93b6-5b6fce516a23,rider,2026-05,2026-05-17T22:40:19+05:30,5,8.107.0,2,best person
33e3a0c6-dffb-4d02-a353-4b106b6e6965,rider,2026-05,2026-05-17T23:49:50+05:30,1,8.108.0,11,The worst.. Price shows something and riders always asks for more
d0c2bf7e-ef42-42f5-92a9-4e1553cb04f0,rider,2026-05,2026-05-18T08:56:28+05:30,1,8.107.0,47,"I have a very bad experience with Rapido, the first time they talk very rudely, the second time. Once I had to take my father to the hospital, he couldn't walk, so I booked Rapido. Then he saw my father condition and cancelled the ride and go"
a5ada668-9421-4844-bff9-ca8f2d5e9d89,rider,2026-05,2026-05-18T11:57:57+05:30,1,8.108.0,40,My ride ended in the middle had to pay the full amount when I contacted the support team they can't help as the ride was shown completed I was paying for the pass for a while won't do that now
baf37abd-159f-48a9-8f20-74aaa7a4e761,rider,2026-05,2026-05-18T13:38:42+05:30,5,8.104.0,5,TIMELY SERVICE AND REASONABLE PRICE
23e7405b-9ca1-477b-8eb3-063662f49efd,rider,2026-05,2026-05-18T14:25:37+05:30,4,8.107.0,7,some bad but people but many good 👍
39fe6620-8b84-4b3e-ad79-8b7954c4f3b6,rider,2026-05,2026-05-18T17:40:30+05:30,1,8.90.0,10,mera no kyo restricted kiya h are no on karo
65842465-0e54-4524-9368-d4b2793b23fb,rider,2026-05,2026-05-18T19:35:10+05:30,1,,3,worst for noida
f0e322a4-d42b-45bf-bf17-c8efc11252ad,rider,2026-05,2026-05-18T21:58:45+05:30,5,8.103.0,2,nice pic
018370fb-395d-4211-8688-b739f1fc2fed,rider,2026-05,2026-05-19T17:51:23+05:30,1,8.107.0,4,Location tracing is worst
cebecb34-bd83-4f3b-a700-c82af33a5817,rider,2026-05,2026-05-19T17:53:40+05:30,1,8.108.0,19,Agar bike walo ko ride accept ni Krna rehta h to bike ka option diya hi ku jata h😡😡
a8598f43-7b61-4507-817e-5c3b3a01b490,rider,2026-05,2026-05-19T19:32:00+05:30,4,8.107.0,26,some of the auto drivers will attend and then they will cut the call with out any intimation and the as double the amount. not everyone.
131b54a8-977c-4889-a160-5a36892da6f4,rider,2026-05,2026-05-19T20:44:29+05:30,2,,30,"This is the worst app because after booking, the rider is canceling it, which is very annoying for me and the rider is canceling because I am too far away."
cf937831-49d1-444e-822b-de0c12712b2e,rider,2026-05,2026-05-19T22:54:50+05:30,1,,67,"*books rapido for 73 rs* auto guy agrees, we ride. reach destination. fare 110 rs! auto guy asks for full amount. check customer care on rapido for fair increase. rapido says ""The final price should be negotiated and agreed directly between you and the Captain. Rapido will not be involved in any fare related concerns for this order."" then rapido WHY ARE YOU GETTING INVOLVED AND CHANGING THE PRICE?"
0c13f765-0d57-48f9-9799-e59454721f11,rider,2026-05,2026-05-20T09:05:43+05:30,1,8.108.0,29,"This app is very worst because captains are taking more cash then original price, I can't see this type of useless👎 app. this app is stealing money from us 💦"
80694bc5-5689-40c7-ba0e-1e9fac6a18f4,rider,2026-05,2026-05-20T09:07:39+05:30,5,8.108.0,2,comfortable ride
450a1949-7648-4097-ab7b-5f14c6f1f099,rider,2026-05,2026-05-20T09:31:15+05:30,3,8.107.0,5,high prices comparison to uber
945d34ad-d9e7-489d-94d7-210be4f9d864,rider,2026-05,2026-05-20T09:40:14+05:30,5,8.107.0,4,helpfull in bad time
5c1c0f7d-e4f6-4b61-8647-836dda93bf83,rider,2026-05,2026-05-20T10:02:36+05:30,3,8.108.0,1,"disappointing, 😥😞"
edbdafd8-08f1-4e43-bbad-9df07f082ac9,rider,2026-05,2026-05-20T20:14:30+05:30,2,8.108.0,6,too much lagging from last update
338547aa-de01-4ca0-a83e-509764986656,rider,2026-05,2026-05-20T21:04:08+05:30,1,8.108.0,49,"The driver took the longest route, not following the map as per app and at the ride end I have to pay extra for that longer duration of time travel be me due to driver and their ""bot"" during raising issue, giving same explanation all the time. worst experience 🤬"
47ce3f25-d24c-42e2-9ca5-ecf97b8c326a,rider,2026-05,2026-05-20T21:45:16+05:30,1,,16,"worse appp.its showing illegal adds , through hotstar waste app everytime..Don't trust adds showing apps"
a12baaea-c4fe-4416-b7dd-d0bc83acea4e,rider,2026-05,2026-05-21T06:42:54+05:30,5,8.106.0,1,Beautyful
f84c255e-48cc-444d-a47e-0bd0e2034e0d,rider,2026-05,2026-05-21T10:02:40+05:30,5,8.95.0,2,fast service
c1f535eb-3d09-46bc-a9db-cce281fd6393,rider,2026-05,2026-05-21T22:41:35+05:30,5,8.108.0,8,best application is the most popular websites helpful ☺️
c8d4c56f-f096-4e70-9644-eaba51b97c49,rider,2026-05,2026-05-22T08:10:50+05:30,4,8.108.0,6,good but money thodi jyada h
1a29e00d-f4dd-4935-9990-2e3545ca32dd,rider,2026-05,2026-05-22T09:52:08+05:30,3,8.108.0,4,very good p app
16835647-a82e-47ec-a5f5-9de511076135,rider,2026-05,2026-05-22T10:31:24+05:30,2,8.108.0,39,"After the ride is accepted by the captain, I am not able to message him like my house number etc. If I click on the message button, it opens the window but no prompt to write, no keypad, nothing."
b3ae6e79-5a91-445a-988a-d61d65fb80e5,rider,2026-05,2026-05-22T11:59:02+05:30,5,8.108.0,1,goood
81017fbf-d4d7-42f0-9c0a-cae96d0871ed,rider,2026-05,2026-05-22T14:58:26+05:30,1,8.108.0,5,rapido maps are the worst
68f7d00a-5065-4156-b93d-03fc7c5fefec,rider,2026-05,2026-05-22T18:04:09+05:30,5,8.108.0,17,"very happy with the quick response of getting ride ,less than 5 minutes, as compared to other apps.."
e86cb73c-1c73-411f-acd8-0ed50abf4098,rider,2026-05,2026-05-22T19:04:04+05:30,1,8.108.0,4,charges and survice low
36cd6676-1b8e-457c-b808-3118146fa34c,rider,2026-05,2026-05-22T19:07:17+05:30,5,8.85.1,7,"fijj up CNG increase fare, rough driving"
4543b4dd-3a14-41f0-898b-65e95211382c,rider,2026-05,2026-05-22T21:38:02+05:30,4,8.108.0,14,good app for new City visitors. only thing must improve map navigation as fast.
7dffc674-d6dd-449a-b8fb-00ac8c2317a6,rider,2026-05,2026-05-23T02:08:53+05:30,5,8.101.0,3,very good ride
cde22a1a-5269-41fd-9fcc-beb36d7e0065,rider,2026-05,2026-05-23T11:23:46+05:30,5,8.98.0,7,5 star rating because of only good driver
2dc48eee-ac69-4bf6-9fa9-cd78d55b10a9,rider,2026-05,2026-05-23T13:22:01+05:30,4,8.95.0,2,incrase availability
72959aa8-a469-4b0b-9d42-07fe093b4f00,rider,2026-05,2026-05-23T14:18:34+05:30,5,8.108.0,1,tawdy
60410236-590a-4153-adb9-71d8631ca034,rider,2026-05,2026-05-23T17:34:01+05:30,1,,16,low price for rider according to petrol price plz upgrade rate card according to petrol price.
7077ba41-cd0c-4f2f-abfd-3c8e0642932c,rider,2026-05,2026-05-23T18:41:06+05:30,5,8.108.0,4,safe and responsible driving
8866862c-c847-4ed9-a877-278f4e7cfa41,rider,2026-05,2026-05-23T18:49:10+05:30,5,8.108.0,2,nice driver
2489aa3d-f1d8-4c16-8619-2fdca6f06a83,rider,2026-05,2026-05-23T20:17:10+05:30,1,8.108.0,21,"You previously applied a ""First Ride Free"" coupon code on the Rapido app, but it failed. Why are you promoting this?"
0ad030fc-48c4-46ae-8156-318401997778,rider,2026-05,2026-05-23T20:28:12+05:30,1,,2,not installing
995a666d-4952-4c5e-b71c-e1cc1a930cc3,rider,2026-05,2026-05-24T10:30:21+05:30,2,8.108.0,44,"Most of the time, timer gets started before captain reaches for pickup. Its not just for money but it shows how rapido tries to cater money. But any ways, other provider has already started and waiting for riders to join, which will be soon"
0e50f748-4dff-4d57-ac7c-8434434b7d8f,rider,2026-05,2026-05-24T16:19:39+05:30,1,8.108.0,43,"Rapid app flaw. Looks like the captains even without arriving at the location can mark arrived, and force customers to cancel the ride. It happened to me today and this was quiet alarming. This may also pose a safety concern, if not fixed."
9d72e6e9-8a09-4de7-b93d-6fb591cdd286,rider,2026-05,2026-05-24T22:37:35+05:30,1,8.107.0,32,rapido is a waste app if we call for any emergency is there won't cum if we give there extra fare price also. Please kindly don't use this app in your emergency.
9465bc88-2c20-498a-a6ff-c9921e4824bd,rider,2026-05,2026-05-25T01:51:31+05:30,5,8.100.0,3,very good ride
f380c40c-fef6-4d25-b92b-12420c196602,rider,2026-05,2026-05-25T07:44:05+05:30,1,8.108.0,32,I got horrible experience all driver demanded too amount and not going according root after reach destination they are demanding 3 or 4 time extra amount that's from today I'll never use this app
f100458a-9cfb-4dfd-8756-2eb34f1b79d1,rider,2026-05,2026-05-25T08:56:39+05:30,5,8.108.0,1,top
09bee2d9-0041-44d7-b0f6-d4358f24d2a1,rider,2026-05,2026-05-25T11:18:24+05:30,1,8.108.0,6,not responding and too much fare
c73fe0e6-feda-446e-9dfa-a283865206e7,rider,2026-05,2026-05-25T14:13:08+05:30,1,8.108.0,15,poor app h bhai install my Krna koi bhi captain rie accept nhi krta h
35aedadc-05d2-498f-98fa-c6c50e47d4c7,rider,2026-05,2026-05-25T16:57:08+05:30,5,8.107.0,2,all okey
81edc9b9-d970-4e08-b53e-fb10001d47a0,rider,2026-05,2026-05-25T20:04:28+05:30,5,8.108.0,16,Best available travel option with very affordable rate. Thank you Rapido team for your hard work 😍
e3bb5256-d579-4cdd-88d2-2b6c01a0dbe9,rider,2026-05,2026-05-25T21:26:06+05:30,5,8.107.0,5,very good driving and maintained
54e5415e-c2b3-4116-87e7-46c9f57c3cba,rider,2026-05,2026-05-26T00:07:21+05:30,1,8.108.0,28,drivers for asking extra money... they are not accepting earlier ride.. Accepting ride not moving vehicle waste of time.... some captions way talking too worst.. demanding the money.....
f50e476f-8ad8-44f5-b6d3-24cb3f42c9c4,rider,2026-05,2026-05-26T00:18:03+05:30,5,8.108.0,17,excellent improvement daily can you take less money in all rides like cabs rikshaw in next updates.
d9a04473-ca4c-42ba-a5ba-be24082a1276,rider,2026-05,2026-05-26T08:05:01+05:30,1,8.109.0,84,"I don't know how this app is getting 4.7 rating, but this is the worst app I have ever used. I did not able to find any rides in emergency situation, also their captain do not have any knowledge about the location even after telling the exact location, they kept roaming in their surrounding only, which is the frustrating thing if a person is getting late. I have experienced not once or twice but more than 10-15 times. overall worst experience ever on any transportation app."
cd5cf6b9-5f1c-4262-a91d-8adcd0f50a43,rider,2026-05,2026-05-26T13:04:15+05:30,1,,30,the app banned me without giving any information if I try to login it say wait we are on your problem but it's more then 2 month problem is not solved
49b4ee73-4049-4549-839c-e3cf5667ac1f,rider,2026-05,2026-05-26T14:07:35+05:30,5,8.104.0,4,safety and comfortable riding💫
87fb1776-9a30-4792-a75b-9d576006480c,rider,2026-05,2026-05-26T16:05:10+05:30,1,8.108.0,18,I tried to book a ride many times but they do not accept the request and waste time.
233edb50-248c-49b8-807b-fe2d21c9de94,rider,2026-05,2026-05-26T17:06:55+05:30,5,8.104.0,28,"For a passenger, getting a good and safe ride from a rider is a better recognition of a human being who has taken us safely to our destination."
827ee0f1-6154-407c-bf82-d73a6361f520,rider,2026-05,2026-05-26T17:42:35+05:30,4,8.108.0,19,while typing adress of me exact location it's the adress is changing automatically. what I type is not seeming
d7527fd4-5e6c-47d4-87f6-a23921c203dd,rider,2026-05,2026-05-26T18:07:37+05:30,4,8.108.0,10,"first ride not given for me rapido, remaining all good"
faa6b081-a95d-420a-bddc-ae4d2d81876f,rider,2026-05,2026-05-26T19:59:51+05:30,1,8.109.0,32,there always technical glitch I was in emergency but no cab was available or no one accepted ride worst service and worst app sudar jao plz nahi to app hi band krdo
f4c601c1-ecc8-4bda-88f5-518d9e4f5dc2,rider,2026-05,2026-05-26T23:52:39+05:30,5,8.108.0,2,super ride
60a23eb0-88ad-4ad2-8059-52aaaf9986b4,rider,2026-05,2026-05-27T12:01:33+05:30,1,8.108.0,7,rapido partners are not accepting ride quickly
c6b856f2-87e9-424f-b3d5-4c0f52b23f39,rider,2026-05,2026-05-27T13:12:11+05:30,4,8.108.0,26,rapido time par mil jati hai lekin rider jyada paise mangte hai is wajah se hume jaha Jana rehta hai waha time pr nhi pahuch pate
52662182-817b-4156-97c1-26469116b204,rider,2026-05,2026-05-27T20:57:05+05:30,5,8.108.0,8,Best app and service i have ever seen.❤️
f23757a3-3568-48f0-aeb3-6e0bfd3f8afc,rider,2026-05,2026-05-28T09:20:53+05:30,1,8.100.0,77,worst service they don't respond to any emails simply doesn't refund and earns with common man's money fraud captains will be there and ask you to pay first and leave you without picking up. there is no option to talk with customer care at that time. worst app. worst service now failed the payment and there is no way to talk with the customer care. even if you mailed them no reply worst beware of these Fraudsters.
5c73c75f-6776-42a3-85ea-92183a630199,rider,2026-05,2026-05-28T10:09:29+05:30,1,8.108.0,63,"Dear All, I wanted to give zero rating to this app but Playstore is not allowing. I would like to inform they are charging ride fraudulently and even not givings bills. After asking for bill they are some much frightened that they have blocked my Rapido account. Even nodal and Md is not responding to emails and chats.. STOP USING THIS FRAUDULENT APPLICATION"
4259e46c-2c87-4c25-a6fc-2da4b93e7e72,rider,2026-05,2026-05-28T15:09:15+05:30,1,8.107.0,28,rapido is monopoly business rude unprofessional dont listening problems of customers there rider also very unprofessional minus rating fir rapido please use more option like porter Ola uber
b83d199e-5692-4003-bee4-b265e6713a9f,rider,2026-05,2026-05-28T18:15:57+05:30,1,8.106.0,4,divers r not moving
a36e33bb-2007-4a93-82c0-f1b92bdcc9e5,rider,2026-05,2026-05-28T21:06:10+05:30,1,8.109.0,4,so many fake location
2e62030b-5253-48c9-a12d-e75207ac8770,rider,2026-05,2026-05-28T23:46:45+05:30,5,8.109.0,4,good ride in rain
174698c0-7d4f-4795-9613-daba6d2ca9db,rider,2026-05,2026-05-29T03:44:59+05:30,1,8.109.0,40,"its such a ridiculous app. every driver demands extra cash, no action from the company and amazingly no customer support as such. you are on your own to deal with the driver. Uber is far far better than this filth"
36e5ee23-8944-46f3-be0a-0ede2880488e,rider,2026-05,2026-05-29T10:09:44+05:30,1,8.108.0,2,Dade apps
a3a81435-1c1b-4f39-94e4-c6891571d638,rider,2026-05,2026-05-29T10:55:59+05:30,1,8.108.0,31,when ur riders don't want to accept the ride then why u run the company shut it off if there is the option of giving zero star I will do that..
832bfb2b-8780-4f6f-a674-f9ceb4227c40,rider,2026-05,2026-05-29T13:30:02+05:30,4,8.109.0,14,only once there was a bad rider rest the app is good and all
c913f61a-1827-4a09-a9d2-9f91dd45d0f1,rider,2026-05,2026-05-29T19:00:39+05:30,1,8.109.0,9,The customer support will not resolve even genuine concerns.
3d5b6753-890b-4275-abff-12fb7bb19c0c,rider,2026-05,2026-05-29T21:57:38+05:30,1,,22,bahi sirf pahili baar hi Paisa kam lagta hai uske baad me kam 2× ho jata aap ise sirf 1 baar hi use kare
ccba4de0-a15f-4984-9189-a633a094c8a4,rider,2026-05,2026-05-29T22:18:49+05:30,5,8.110.0,13,Genuine rides and fixed fairs. Professional captains. Preferably better than other taxi rides.
689a3ac0-1fbd-47a7-a03e-ddafb5d53e02,rider,2026-05,2026-05-29T23:07:39+05:30,1,8.107.0,4,Drivers are really bad
cf8a6a1f-5ad7-47b8-aa90-e6ec834c7e23,rider,2026-05,2026-05-30T12:12:34+05:30,3,8.109.0,24,"Good app, fare is normal but Captain often charge extra money and you can't use rapido wallet. Most worst customer care service in India."
8d1a5855-12a5-485c-9fc0-d6297b65b5ab,rider,2026-05,2026-05-30T12:16:48+05:30,1,,49,it doesn't even deserve one star. My mom nearly fill death because of a driver of rapido. he was a drunk harsh driver. I hope i can share the full story but unfortunately the limit is only 500. just an advise to other's don't book from this app it's disgusting.
505d8ae8-9dd1-4e22-9709-d4a5d706af46,rider,2026-05,2026-05-30T12:31:26+05:30,1,8.109.0,91,सबसे ज्यादा गन्दी सर्विस उपलब्ध है यह पर जितना पैसा लिखा रहता है उससे ज्यादा पैसा मांगते हैं और नहीं दो तो फिर धमकी देने लगाते हैं ग़लत बात करने लगते हैं कम्पनी खाराब है किसी मिडिल क्लास वालों से पैसे ज्यादा मंगती है नहीं दिया तो फिर तरह तरह का टेक्स लगा देते हैं
5a1ea6d8-3ea5-426a-bb52-73606cf5ad98,rider,2026-05,2026-05-30T13:30:41+05:30,1,8.96.0,4,fake app froude app
c0cdf329-e888-4f0a-9ca3-9573bd75ee35,rider,2026-05,2026-05-30T14:29:41+05:30,5,8.109.0,8,good n fast service n door to door
f2455ea0-fce9-4302-bdb6-33564dfd672e,rider,2026-05,2026-05-30T16:55:23+05:30,1,8.106.0,3,Very disappointing service.
df822577-c1d0-4478-aeb5-5dfc0c106725,rider,2026-05,2026-05-30T19:12:11+05:30,1,8.109.0,54,I used it everyday. However any report for driver unprofessional behaviour is never acknowledged or looked into. Very pro driver and doesn't care about customer feedback at all. Doesn't take accountability of drivers unprofessional behaviour. Rapido promotes unethical and unprofessional behaviour of drivers. there is no penalty for driver behaviour. edit. zero star. uninstalled
59a9965b-ed74-4427-9dc1-529982d45e17,rider,2026-05,2026-05-30T19:27:20+05:30,5,8.44.1,13,quick and reasonably priced for bikes great for single person rides without luggage
d60dca5d-d075-4fb4-a54b-945e964c853e,rider,2026-05,2026-05-30T19:44:03+05:30,1,8.109.0,34,"These guys are adding hidden charges like previous due ect even if u paid for last ride, even rider canceled ride also rapido will charge 😂😂 never trust this app blindly go for ola uber"
471f9957-44d2-497a-9112-4229f460448c,rider,2026-05,2026-05-31T04:59:14+05:30,5,8.109.0,7,veri good service thank u so Mach
1d223064-6f2a-4e35-b899-fb3c8a8dd979,rider,2026-05,2026-05-31T07:34:16+05:30,2,8.109.0,6,never ever available when in need
783e1529-5db5-435c-b38c-0c3936e664eb,rider,2026-05,2026-05-31T08:30:21+05:30,1,,81,"This app is cheating customers! 😞I booked a ride showing an estimated fare of ₹53, but at the end of the trip, I was forced to pay ₹103. There was absolutely no traffic and no route change at all.When I raised a complaint, Rapido customer support flatly refused to refund my money. Their customer service is completely useless and supports this unfair pricing.Please avoid using this app if you want to save your hard-earned money. Worst experience ever! 1-star service!"
d0b9bccb-4ab0-46b0-bfa4-28b89e20fa2b,rider,2026-05,2026-05-31T08:39:22+05:30,1,8.109.0,38,The cab fare increases compared to estimated but the invoice or bill will be with old fare. That is not a right thing as invoice or bill has to reflect the amount that we pay to the captains.
c25f53ac-2114-4a67-b2e0-008d36521d9c,rider,2026-05,2026-05-31T16:13:35+05:30,5,8.104.0,4,excellent driving and behaviour
733de1cb-e96c-42c6-816e-3f203c87ff86,rider,2026-05,2026-05-31T16:35:21+05:30,1,8.109.0,76,"Complete waste of time. The app shows one fare, and every driver in Pune demands ₹35/km on the spot. What is even the point of showing a price if drivers are going to charge whatever they want?This is happening EVERY time, not once or twice. It's clearly ignored by Rapido. Zero accountability, zero action. Do not install this app if you expect to pay what it shows you. It's just a lie on your screen."
61490396-3673-486b-9550-03696b8b6413,rider,2026-05,2026-05-31T16:53:19+05:30,5,8.95.0,11,Good driver. Reached the place on time. Very patient and friendly.
73003633-67fa-477a-8257-f7ad93f2cb06,rider,2026-05,2026-05-31T20:52:57+05:30,1,8.101.0,4,worst app for both
89d6222e-23fc-4615-94b3-3cb4d6c195f5,rider,2026-05,2026-05-31T21:24:07+05:30,1,8.109.0,13,"very rude drivers, I prefer you all to use uber instead of rapido."
6fae5642-0e1c-4bb6-8600-3e9e4dc9c24f,rider,2026-06,2026-06-01T08:51:49+05:30,1,8.109.0,19,fraud app...these people caption rapido not given my earnings showing in the app...alternative app...to help drivers
5248f6b2-9001-41b1-934f-9da6197074f9,rider,2026-06,2026-06-01T12:04:31+05:30,2,8.110.0,4,too slow too irritated
b6900e09-182e-4c85-80fc-8affb29abcde,rider,2026-06,2026-06-01T19:09:46+05:30,1,,21,very unprofessional drivers showing up in wrong vehicle and and not turning on ac even when booking the most expensive ride
a7dfcc92-f445-4a47-9c81-c877d50f4683,rider,2026-06,2026-06-01T20:29:04+05:30,1,8.110.0,8,very very very bad experience in this drive
6a955575-296c-4f79-9a2a-8f61f29f47cd,rider,2026-06,2026-06-01T21:27:03+05:30,5,8.110.0,10,"After Uber, Rapido seems trustworthy & covers more area as well."
64be14c4-84d8-454e-b05d-38c12ab17258,rider,2026-06,2026-06-01T23:00:09+05:30,5,8.109.0,2,Reasonable cost
65a87dd6-e09c-4fe6-bb0c-22110dfcc576,rider,2026-06,2026-06-02T08:47:07+05:30,5,8.104.0,6,Affordable and comfortable ride. good service.
920d4e3f-fc88-48ea-97af-c9f290700bd1,rider,2026-06,2026-06-02T09:57:29+05:30,1,,14,Why the so called Customer care agent disconnect the conversation without solving the issue.
22948d0e-3544-4e00-ab08-bab4310153d7,rider,2026-06,2026-06-02T10:57:34+05:30,1,,6,scammers only interested in looting money
18955b82-790e-47ab-aed0-a79c50698d2c,rider,2026-06,2026-06-02T12:24:09+05:30,1,8.109.0,16,"pathetic app, never works on time, too many glitches, neither takes nor cancels ride on time."
fc7035d5-1dbe-4b50-8bdc-88102afb98a2,rider,2026-06,2026-06-02T14:11:13+05:30,5,8.108.0,3,very nice ap
3d17ac7e-33c1-4982-a606-88832b80ea0c,rider,2026-06,2026-06-02T15:36:58+05:30,3,8.109.0,27,"Good experience overall but I'd never buy the power pass again because most of the times, it doesn't apply the power pass in most of the rides."
baa68c84-2d96-4ce1-a640-0b45e2ca41eb,rider,2026-06,2026-06-02T18:46:28+05:30,5,8.108.0,4,best app so far
5cf8b191-ac9e-4216-a65b-4bb67beaf9ec,rider,2026-06,2026-06-02T19:42:55+05:30,3,8.109.0,4,not good this time
ab98ce44-a40e-40ed-b6cc-f72c4dc8e976,rider,2026-06,2026-06-03T04:00:40+05:30,1,,9,first ride is not free they just tell lie..
28bac920-9b18-46c6-9543-69bb528335a0,rider,2026-06,2026-06-03T10:17:06+05:30,1,8.109.0,15,worst experience they always charge extra for rides even in a ac ride max time
61220b3e-ecd5-4953-b810-30d098fd552c,rider,2026-06,2026-06-03T11:31:28+05:30,5,8.110.0,4,good manner and driving
9862ba37-8ac0-44ba-9837-e10319c16f13,rider,2026-06,2026-06-03T19:42:16+05:30,1,8.110.0,13,first ever use nd experience is worst ride book krke cancel krwate ha
c35efa45-46fa-4ea1-a1e3-89a1acae7fb0,rider,2026-06,2026-06-03T20:49:54+05:30,1,8.110.0,4,not pick tha call
2222654c-557a-4801-a10e-867dfe9c303e,rider,2026-06,2026-06-04T09:18:16+05:30,5,8.93.0,4,good facility for people
ca165624-52ff-48a5-a756-b57ed22a50f7,rider,2026-06,2026-06-04T12:10:01+05:30,3,8.100.0,6,number won't show to rapido drives
431fff48-588f-422b-8255-557c52b0d4f4,rider,2026-06,2026-06-04T15:36:26+05:30,1,8.109.0,42,I am using this apps since 3 years and the drivers of this apps are so greedy one time I was going somewhere and that was urgent and the ride was 87 and the driver said it is 130 and he was not driving carefully
1d88a672-082c-4e0c-874c-3eb8449f203a,rider,2026-06,2026-06-04T19:56:11+05:30,5,8.109.0,2,oo mast
bcd622cd-37ea-4a45-987f-cb9e2df21c0b,rider,2026-06,2026-06-04T21:21:09+05:30,5,8.110.0,8,the ride was really good at berhmpur odisha
6ea637da-8ba9-49bd-afa1-d4c0a647a217,rider,2026-06,2026-06-04T22:00:44+05:30,1,,11,worst experience on my first ride and no response from support.😠
83ecfc71-9434-4f79-93b3-4d6742e3d529,rider,2026-06,2026-06-04T23:23:07+05:30,5,8.110.0,26,"It's really an amazing app, for public transport, opportunities to earn for the captains and much convenience for the riders, as well. Have a wonderful ride.👍👍"
75a6d6ae-a34a-43cd-bc4e-c70d2384101b,rider,2026-06,2026-06-05T00:34:08+05:30,5,8.110.0,4,do not use app
e86ef851-d467-4a61-b4f7-5ca2297977b5,rider,2026-06,2026-06-05T09:24:35+05:30,1,8.110.0,4,Price Changes after Reach
fe778819-2b55-4568-9a57-73995dca607b,rider,2026-06,2026-06-05T09:50:12+05:30,1,8.110.0,5,kuch bhi acha nahi hai
54f3aa35-4b3f-45e2-8fe5-2538e87d4755,rider,2026-06,2026-06-05T12:26:07+05:30,1,,16,app is not working well not able to see my past rides and many more issues
215ba044-85d1-409d-a8dc-9f9e45748da0,rider,2026-06,2026-06-05T14:16:40+05:30,2,8.110.0,7,आजकल ride पर badhana पड़ता है
d8805e2c-b9b5-47ae-bc90-f8348ab4a415,rider,2026-06,2026-06-05T14:20:44+05:30,1,8.110.0,7,very high prices and drives behave bad
de524c8e-e0fc-4268-b1a6-530188594340,rider,2026-06,2026-06-05T19:53:08+05:30,1,8.110.0,12,worst app showing low fare and charging high fare on ride completion
7a1c2fba-1451-4a56-9aa0-bc167700673c,rider,2026-06,2026-06-05T21:49:56+05:30,5,8.110.0,7,cabs are bad but autos are good 🛺
988e40eb-f5a6-48d7-aa0d-d620f19a56d1,rider,2026-06,2026-06-06T05:02:15+05:30,5,8.110.0,13,this is the best platform to travel in local areas at accurate time
8763785e-d804-463b-9b6c-e0545d724ae0,rider,2026-06,2026-06-06T11:09:26+05:30,1,8.110.0,19,worst rapido...while booking fare is different while dropping fare is high...they r doing fraud with peoples money
1f1d6466-1738-43e1-a136-1e8494a06878,rider,2026-06,2026-06-06T12:25:18+05:30,5,8.105.1,9,"Continue this service, like this upto your organization exists."
8abb343a-ed1b-423b-881f-9a3f5e97e09e,rider,2026-06,2026-06-06T14:45:50+05:30,5,8.107.0,19,"⭐ One of the best apps, I am very satisfied with this app. The user interface is simple and attractive.🥰"
1ee10ae8-21c2-4e2a-a1d6-f606c543c438,rider,2026-06,2026-06-06T22:58:39+05:30,5,8.107.0,8,thank you for your service we need it
b7bf9424-e1d7-4ce1-b83d-21b79c65697f,rider,2026-06,2026-06-07T11:19:37+05:30,1,,17,it is very bad app because of it did not accept short ride that is very unsatisfied
4bc08aa4-51f4-4b55-b3bf-241a19a02cac,rider,2026-06,2026-06-07T11:22:32+05:30,5,8.110.0,3,trusted travel app
e8423f26-c600-4319-afb4-48fe2c846d20,rider,2026-06,2026-06-07T13:00:41+05:30,5,8.110.0,9,wonderful day time in Rapido because of fast ride😍😍
6236dd78-82f7-419c-9ed3-265204d15f2e,rider,2026-06,2026-06-07T17:09:59+05:30,1,,3,Horrible customer services.
a0b4c9f2-8a5e-4d28-85d5-47d885304c7b,rider,2026-06,2026-06-07T17:17:20+05:30,5,8.110.0,4,very very veryyyyyyy nice 👍🙂
c44de10c-a862-4ad5-a8ef-79d270c1bcea,rider,2026-06,2026-06-07T22:13:49+05:30,5,8.110.0,5,good service in metro cities
5374a78d-7386-4ca3-a44e-85ce267828d1,rider,2026-06,2026-06-08T08:53:56+05:30,5,8.110.0,2,good Sarvice
02383bc3-49c1-4125-abe7-45c9ed9dde2f,rider,2026-06,2026-06-08T10:47:53+05:30,5,8.108.0,2,good 👍 choice
8b5f75c0-69aa-4fac-8582-5df534142a18,rider,2026-06,2026-06-08T10:49:17+05:30,5,8.109.0,15,"nice aap for office work and everywhere going anywhere using aa rapido cap, auto bike"
fbb3215f-5139-429b-8e1f-b237bfb7e014,rider,2026-06,2026-06-08T13:01:46+05:30,1,8.110.0,9,When the fault of driver you cut my money
ab810edf-8d28-4ef8-b8d9-2397b4e2890e,rider,2026-06,2026-06-08T15:33:13+05:30,5,8.110.0,3,easy to way
5b78a3c5-d4f7-4b8a-81b4-04dd99f180d4,rider,2026-06,2026-06-08T17:55:24+05:30,5,8.110.0,7,affordable price and safely feeling the ride
88e6d8f6-534a-4c3c-8a1f-1078e8b5e365,rider,2026-06,2026-06-09T05:58:19+05:30,1,8.111.1,16,problem in using rapido wallet balance... having more than 400 as balance but unable to use it
5ff865f4-3313-4c06-9834-0da51a556c4f,rider,2026-06,2026-06-09T09:27:43+05:30,5,8.110.0,2,good work
4b663fae-b5da-4bb1-a00e-ed07518e12bd,rider,2026-06,2026-06-09T14:27:44+05:30,5,8.110.0,21,"Good and user friendly app, it's for all and anyone can download and avail it's benefits and services.. keep rocking rapido. 😎"
557f113a-09ec-4c65-90bc-28b203672253,rider,2026-06,2026-06-10T00:09:52+05:30,1,8.111.1,73,"This is a waste of an app. Yesterday I booked a trip and the fare shown on the app was 34 rupees and he asked me for 90 rupees. When I said no, he said it was a scam. When I said I would file a complaint, he told me to do it without any fear. Are these people just goons? Is there no one to monitor them? I will not use this app anymore."
182c9421-adda-49e9-9872-935d71630ef1,rider,2026-06,2026-06-10T00:27:19+05:30,5,8.111.1,3,bhuat achii sarvice
019fbb57-8518-4106-95c7-f828332170a3,rider,2026-06,2026-06-10T06:42:36+05:30,5,8.111.1,8,it is very simple and super to use .
cb24ad1b-df4a-4b7f-abd4-7e81d33d0c51,rider,2026-06,2026-06-10T06:50:25+05:30,5,8.109.0,4,good fare and services
16c33319-880c-45bf-8e3a-50d1e62c25d8,rider,2026-06,2026-06-10T08:43:23+05:30,5,8.110.0,6,very good fast and affordable rides
f61f89ff-4fe8-4ac3-bd05-22e82ad73284,rider,2026-06,2026-06-10T09:34:36+05:30,1,8.110.0,2,high price
8700934d-578a-4a44-a442-4e6afc825885,rider,2026-06,2026-06-10T09:42:58+05:30,1,8.98.0,52,"I have uninstalled your app. every time I have to fight with the captain for fair price. Sometimes he takes a long route and a fair increase, sometimes showing different fair prices in my rapido app & his app. your team has zero communication with the captain. you guys don't deserve 1 star also."
806bc83b-6245-46f1-a920-fbdf39c354ce,rider,2026-06,2026-06-10T10:56:08+05:30,5,8.102.1,2,fast service .
91b5cd58-6618-44d8-bf54-0b3472f34a21,rider,2026-06,2026-06-10T12:10:27+05:30,4,8.111.1,1,supper
89b2422a-d2ee-45ff-9d9e-fb0155bba924,rider,2026-06,2026-06-10T16:05:34+05:30,5,8.111.1,4,really toooo good app
c4073127-2ded-4ee1-9a7c-53b540896a7a,rider,2026-06,2026-06-10T21:44:35+05:30,5,,16,it is cheaper option and get taxi within a minute I loving this app to travel
863d1e63-02b9-42ca-ab1b-31f24493b06b,rider,2026-06,2026-06-10T22:50:33+05:30,5,8.108.0,7,"very smart services ,so good rapids app"
bde05bf5-d748-4700-90ce-d025e5bb3e1f,rider,2026-06,2026-06-11T09:50:41+05:30,1,,11,never pick proper location always suggest other instead of search one
103c526b-c433-46f8-aa60-fcb9d89e1905,rider,2026-06,2026-06-11T13:35:36+05:30,5,8.108.0,3,nice and comfortable ☺️♥️🎉💖😊
8f480652-0012-4299-849d-1a42435872d3,rider,2026-06,2026-06-11T13:59:32+05:30,1,,20,to long time take a ride anyone emergency in this situation and rider not pic ride what are doing man
0f2a371a-e7d2-427d-9458-397e9d442d44,rider,2026-06,2026-06-11T21:40:12+05:30,5,8.110.0,11,good service and good communication well done and keep this business
6e0c6c56-f7f8-4872-b5c3-3c85f82355e6,rider,2026-06,2026-06-12T01:41:27+05:30,3,8.111.1,87,not worst..WORSE is better than this... i can say... I'm using this bike taki rapido ...sicnce 2019 ... check my number if you have any doubts... prices your choice if I ask U tell that you want book or go away what is this responce... Your drivers or Riders they are taking very Non-talking... I Can speak much they can or you can... Rider's must have first discipline and Obedient Behavior... Learn your your riders or something first... licence is must but behavior should be in Standard
20474878-43bb-464c-8b01-8fcb145e725a,rider,2026-06,2026-06-12T08:32:46+05:30,5,8.110.0,7,best economic and fast ride for city
f34a2e84-78d5-44dd-bd2a-bdec1b5a4966,rider,2026-06,2026-06-12T08:40:36+05:30,1,,95,"The fare on rapido in my city within same categories were higher than Uber but at the same time uber the one having lower price has a 100% acceptance rate on base price itself whereas rapido despite being higher priced still doesn't get a single ride unless and until i tip 50+, why do I need to tip on the higher base pay to get ride while I can not tip on lower base pay and still get a ride? and even the quality is worse despite higher charges, I think y'all should have a stricter criteria."
07bb8c85-bcf5-43e9-a36e-75f34507f5b4,rider,2026-06,2026-06-12T10:07:46+05:30,1,8.111.1,7,they charged cancellation fees in every ride
a474245a-7402-479f-8f51-982116ed2c71,rider,2026-06,2026-06-12T10:37:18+05:30,1,8.101.0,15,Forced asking to rate the drivers and not allowing to book a ride without rating.
b024255b-5a3f-4230-ab8e-d0f4ada8c7e5,rider,2026-06,2026-06-12T13:23:37+05:30,1,8.111.1,7,stop asking for review after every time
95895116-e368-4bec-93fd-01287a183ea3,rider,2026-06,2026-06-12T14:04:17+05:30,5,8.111.1,14,Best app for daily transport. But please add more details and locations for map.
8c233617-eb3f-4a97-837a-2f1695acbfa8,rider,2026-06,2026-06-12T15:51:00+05:30,1,8.111.1,3,bogas aap aahe 😡😡😡
a0c92eb4-99e1-4457-ae12-3ab94b3b7fd0,rider,2026-06,2026-06-12T18:18:33+05:30,1,8.110.0,81,"Worst experience with Rapido. Initially, the fare for my trip to the bus stand was shown as ₹27. However, no driver accepted the ride at that price. The app kept suggesting that I increase the fare little by little (₹5, ₹10, etc.). Eventually, I had to increase the fare from ₹27 to ₹52 before a driver finally accepted the ride. This feels unfair to customers. Showing a low fare initially and then forcing users to increase it nearly double just to get a ride is misleading."
03267987-9778-4497-b9b2-74ad43ee0055,rider,2026-06,2026-06-12T20:48:46+05:30,1,8.111.1,9,whose stupid idea was it to make ratings mandatory
cf381d68-947b-469f-b716-63e56ad0afd3,rider,2026-06,2026-06-13T08:44:23+05:30,1,8.108.0,55,"Im disappointed with my experience in Coimbatore. In the app, In Coimbatore, many Rapido riders ask for extra money after the trip. For example, the app shows ₹30, but riders demand ₹60, calling it a service charge. I have used Rapido in Karnataka and never faced this issue before. Please address this problem and ensure fare transparency."
1f3a12bb-aff5-4993-85ea-be7f018ac2a8,rider,2026-06,2026-06-13T15:42:36+05:30,5,8.111.1,10,It is an economical mode of commutation. Go for it.
ad20c144-ec25-4bd1-8657-a9651a6444b4,rider,2026-06,2026-06-13T16:17:40+05:30,1,8.111.1,16,do not ask about captain rating after complet delivery or ride... add skip option like before
05157b90-07d4-4475-93ad-4a9cc43bb2ad,rider,2026-06,2026-06-13T20:53:33+05:30,5,8.111.1,14,"I think it's thoroughly for us, middle class people. Thanks for being with us ."
2e187108-e270-488a-ad96-1308cfb4de1c,rider,2026-06,2026-06-13T23:40:46+05:30,1,8.112.0,33,Price changing tactics wort app ever the price suddenly changes to thrice for the same distance in evening if we are paying 60 ruppes for 3 km in night they are asking 150 insane dude insane
c2df9f54-1e0f-4dda-a594-5f86a1fd6c0e,rider,2026-06,2026-06-13T23:48:44+05:30,1,8.109.0,5,bakwas nai chalay to achcha
a428172b-92e5-4788-9818-bed2eeff831e,rider,2026-06,2026-06-14T13:07:31+05:30,5,8.96.0,2,good Behaviour.
b38a83d3-fbad-4228-aaca-eb096a58a3a1,rider,2026-06,2026-06-14T21:20:43+05:30,1,8.112.0,3,no service available
60c0edb1-8ea7-4402-9f39-a3275130d6dc,rider,2026-06,2026-06-15T03:01:44+05:30,4,8.111.1,5,driver is asking extra money
1c98c74a-4cac-477a-8dfe-92a52a849e36,rider,2026-06,2026-06-15T09:05:39+05:30,5,8.108.0,5,ye app bohot acha h
8fe9d821-c753-48ca-a5e0-15fb9618773d,rider,2026-06,2026-06-15T10:15:58+05:30,1,8.111.1,89,"Absolute negligence. Was in an accident in a Rapido cab while traveling with a toddler. Stranded on a busy road, I called customer care for emergency help. Instead of checking if we were injured or sending an aid, the agent casually said: ""I can cancel the cab for you, go ahead and book another in the middle of the road."" Rapido abandoned a child and parent at a crash site to fend for themselves. Total breach of passenger safety and duty of care. Hold your team accountable for this."
953c8b61-2678-476c-92b0-52978cc6c0be,rider,2026-06,2026-06-15T13:01:58+05:30,5,8.111.1,1,excllent
b344f26a-ad34-4fbe-bbc8-f3bdf3617ee6,rider,2026-06,2026-06-15T16:34:44+05:30,1,8.112.0,9,very bad service. showing extra amount after drop location
0d8adc81-89d5-40f3-8602-f47c3e3350cb,rider,2026-06,2026-06-15T16:51:17+05:30,5,8.111.1,2,best option
1c3bae69-b7db-4a96-a612-8acc8488651d,rider,2026-06,2026-06-15T17:21:49+05:30,1,8.112.0,28,"this app is not good for cab booking, my auto driver charge me extra than my fare, so from today i uninstall this app, dont use this app,"
f24ffa0e-5a24-4de1-8907-4a84dc223d19,rider,2026-06,2026-06-15T22:26:43+05:30,1,,7,very poor performance and very bad platform
8893a513-226e-4b72-a772-9a6ba8c894de,rider,2026-06,2026-06-16T08:10:01+05:30,4,8.111.1,12,1 star for declined metro ticket amount debited ticket failed not refund received
8b8e3062-ef00-42c4-98c0-c4a899c154c9,rider,2026-06,2026-06-16T09:58:00+05:30,5,8.111.1,11,VALUE FOR THE MONEY RIDE among all the radio taxy App
bd7b53a0-66b3-4a5d-ad2c-490f4cff9970,rider,2026-06,2026-06-16T10:01:06+05:30,1,,9,way to much prices and no one regulating that.
efc7795d-2fb1-43fa-8cf9-9b9cf4513981,rider,2026-06,2026-06-16T10:17:48+05:30,1,8.110.0,95,itna ganda experience raha mera rapido ke sath jitni baar mene isko use Kiya hume booking ke liye final price jo show hoga hum wahi denge na inka har ek cab driver extra charges mangta hai humare sath 2 bar same hua uber pr mene same side ke jane ke 200 diye or rapido pr mujhe same ride ke 250 dikha raha tha majboori mein mujhe rapido Krna pda ate time driver ane ke baad extra charges aur mnagne lga ki humko to is say zyada chahiye itni gandi service or driver's ka behaviour itna rude or ganda
1d7097b0-c67a-4a3c-b8c2-e16a71186dce,rider,2026-06,2026-06-16T11:13:56+05:30,1,8.111.1,20,"they have banned me unnecessarily. and when I'm trying to reach customer care, they delay it and give no response."
dc6c1d98-5908-4be4-b0fd-429f7f0b99b0,rider,2026-06,2026-06-16T12:17:27+05:30,1,7.12.0,27,The drivers are not professional and rapido support is useless. they don't compensate for unprofessional delivery of service . Better to use uber for safer.much fair support
fc4a0fde-9214-4d85-8664-443fea3e8ab2,rider,2026-06,2026-06-16T13:11:42+05:30,1,8.83.0,24,many times they cancelled the ride and I missed my train but this app did not provide a proper complaint against the cancelled ride
c606b44d-b67e-40c4-ba47-a18431ee2d0b,rider,2026-06,2026-06-16T16:37:38+05:30,5,8.111.1,2,super 💯 delivery
c93aae56-34ef-4081-8703-6c6405239fc4,rider,2026-06,2026-06-16T22:56:37+05:30,1,8.112.0,59,wrost app.. this is unable to process metro ticket fast and.. if we cancel the ticket 🎫 the amount is not refundable.. They mentioned it refundable but they won't refund money back ... Don't use this during rainy season... it doesn't work properly.. unable to book rides and unable to process the metro ticket QR fast...wrost app...choose other platforms..
8683b6d7-83d2-427a-9d8d-1392cab6a5d5,rider,2026-06,2026-06-17T09:49:49+05:30,1,8.111.1,4,bahut charge lagta hai
8f32869b-ab5f-4e98-9a5d-d35f5ba3536b,rider,2026-06,2026-06-17T10:22:29+05:30,1,8.112.0,10,worst service.. They can't take pickup & drop under ₹100 on bikes
d94d9ff6-b6a0-48b1-9e58-f4f44dc21a4d,rider,2026-06,2026-06-17T11:08:26+05:30,3,8.101.0,46,rides were good but why you adding extra charges even when your own memeber were asking for paying extra charges 😡😡😡 I have cancelled my ride because your agent was asking for extra money when they are far from the location why should they accept the ride
ba088ddb-a94e-4ba8-9327-d05c5591660e,rider,2026-06,2026-06-17T15:12:03+05:30,4,8.112.0,2,Great survice
7c808051-9ede-4398-a020-8d3700dc8001,rider,2026-06,2026-06-17T17:40:24+05:30,5,8.112.0,4,fastest an siqure app
8780d903-17fa-4e21-985b-4a2dcabb4960,rider,2026-06,2026-06-17T18:04:28+05:30,1,8.111.1,19,Beware your fare amount may change after you started your ride happened with me never expected this from rapido
467fbda6-6521-47c0-b857-7687ab782a65,rider,2026-06,2026-06-17T19:45:26+05:30,5,8.111.1,4,be good do good 👍
ebfbc52d-09e9-4d77-8e40-a261ed6908ba,rider,2026-06,2026-06-17T20:11:20+05:30,4,8.111.1,1,satisfied
7bece8ef-b716-4110-b88c-efb976ca98e8,rider,2026-06,2026-06-17T22:03:28+05:30,5,8.112.0,2,veri good
c45cc985-27f5-4dd9-9cf6-e6cb464fae85,rider,2026-06,2026-06-18T04:59:14+05:30,5,8.112.0,2,nice drive
8d76480b-d267-4946-a4c5-2f9c7a95df11,rider,2026-06,2026-06-18T11:33:39+05:30,1,8.112.0,13,rapido Auto drivers are worest. asking extra money every time. Uber is best
0c772c74-0e5f-4ba4-8ece-886ab4a709eb,rider,2026-06,2026-06-18T15:13:08+05:30,5,8.112.0,4,rapido deled my mistec
b7706df0-8b66-4dd5-a246-ffe2d578d54c,rider,2026-06,2026-06-18T22:07:26+05:30,5,8.112.0,4,till now safe ride .
304db79a-6698-4924-88d2-22dc3204e34d,rider,2026-06,2026-06-18T23:25:34+05:30,1,,4,sabko extra pesa chahiye
35044b2a-2a5b-4f01-babc-2f8d01a87451,rider,2026-06,2026-06-19T13:46:55+05:30,5,8.109.0,2,help full
32fc5a4f-9d89-4c84-8b50-12b8fca59914,rider,2026-06,2026-06-19T14:08:14+05:30,1,8.112.0,85,The app is excellent. But the captions are very bad. Either you increase the rates of all services or these captions will charge an extra amount from the bill. it happens every day to me. I'm staying in coimbatore for 1km as per the rate it is 52 but All the captions are charging an extra amount of 100 from the bill Is that correct? They are behaving Very Badly if we don't agree to pay that extra amount. Then what is the need of this facility
8ceaa57e-4408-450e-92a4-945d11733e64,rider,2026-06,2026-06-19T14:34:55+05:30,1,8.112.0,19,विश्वास है ही नही इस पर कभी भी टाइम पर नहीं आ रहे है भग
71ef0d1a-65ec-4aaa-aae0-98ec7ab70441,rider,2026-06,2026-06-19T15:20:04+05:30,1,8.112.0,10,book karne mein office jyada time waste kar rahe hain
e2018687-a1b4-4aa0-8c0e-a897c616198e,rider,2026-06,2026-06-19T18:55:59+05:30,1,8.113.0,5,worst service fraud and scam
4f9a16e7-0c7d-4d61-9e71-99ce9342a17f,rider,2026-06,2026-06-20T10:16:36+05:30,1,8.112.0,25,"Spamming with notifications like crazy. Haven't seen any other app doing this , you need to stop spamming, it wont increase your revenue by any means."
91bef93a-8932-45f2-a62e-965d8880aa70,rider,2026-06,2026-06-20T10:51:23+05:30,5,,10,get good rates and rides are available 99% of the time
71b85526-cbcc-4bff-b91f-c695d4aba746,rider,2026-06,2026-06-20T11:35:00+05:30,1,8.107.0,21,"It is totally useless. It takes a lot to get booked👎🏻👎🏻👎🏻👎🏻👎🏻 captain's didn't accept my ride, it's too late, westing time's"
6f3d47e1-60c4-4a42-baaa-ce4863abedc3,rider,2026-06,2026-06-20T13:17:28+05:30,1,8.112.0,8,Did this app use more battery then youexpected
d87c7a91-3e93-4881-b369-e6ba4861f29c,rider,2026-06,2026-06-20T14:26:30+05:30,1,8.107.0,31,everytime i try booking the ride all the riders reject it i can rarely find any ride the worst app ever tried you are easily replaceable with any other taxi app!!
89b48b22-78d5-4f0d-be7d-117930fb4540,rider,2026-06,2026-06-20T16:48:29+05:30,5,8.112.0,10,"as long as the price is affordable, it's best app"
2d337544-6fa2-4fff-a64b-73b3f77de7b5,rider,2026-06,2026-06-20T17:26:49+05:30,5,,5,I will trust i. rapido
dbaad9b0-5e2a-47ce-b02c-e009d3309c4d,rider,2026-06,2026-06-20T19:05:12+05:30,1,8.112.0,28,my train time was 7:20 I started booking at 6:30 and everyone was canceling if they don't want to work why are they here and I almost missed my train
05018328-639c-4a7a-9da4-c7d203552945,rider,2026-06,2026-06-21T04:19:48+05:30,5,8.112.0,4,very helpful for travel
284b751f-ba93-46ae-9401-32c42bac2d86,rider,2026-06,2026-06-21T10:11:24+05:30,2,8.113.0,3,i am interested
234bcaa2-2399-48a2-92cd-d01cb092f685,rider,2026-06,2026-06-21T11:05:04+05:30,1,8.112.0,13,Bhai itana land service hai kabhi bhi jaruri time pe nhi aate hai
d6400320-93a7-435d-9da8-1d54ea7bb163,rider,2026-06,2026-06-21T13:34:11+05:30,5,8.113.0,29,This app 1 free ride coupon was very very useful thing I have don't money to go home but I have rapido coupon so i am go my home faster
143b18a8-e56a-40d6-b193-76128f80ff5f,rider,2026-06,2026-06-21T15:10:39+05:30,5,8.104.0,2,nice work
670fd272-b30e-4b14-b2dd-30e180474e34,rider,2026-06,2026-06-21T15:38:08+05:30,1,,15,Misbehaving captains. Always asking for increasing the fare price even after confirmation and ride booking
d10d4830-4692-454d-9423-daaca384ad47,rider,2026-06,2026-06-21T16:41:01+05:30,1,,48,whenever you try to book a rapido the captain will keep insisting on paying more even after accepting the price showed on the app .It's not just a few times its almost the entire situation im about to stop using this app totally and everyone else should too
fc280396-a0eb-41e6-b343-309b8ca7dd2b,rider,2026-06,2026-06-21T16:42:19+05:30,5,8.104.0,2,nice ride
42afeda1-0f8a-471d-be5d-a8e6c552995c,rider,2026-06,2026-06-21T21:35:03+05:30,5,8.112.0,3,good and adorable
e7738ac9-2019-4840-a6cf-dc12393e2292,rider,2026-06,2026-06-22T01:09:57+05:30,4,8.111.1,7,no discount coupons available in my account
7f176c77-7697-4950-b7cf-8bff2e82ad57,rider,2026-06,2026-06-22T04:42:48+05:30,5,8.104.0,4,एक्सीलेंट 😄😄😄
207c7cda-6d9a-45d9-8adf-97adba546698,rider,2026-06,2026-06-22T10:29:17+05:30,1,8.113.0,34,very bad Experience my parcel not delivary my location driver hi is very bed parson. Not Satisfied Not Response company customer service very very 3rd class Service very bad parson driver and customer service
639e1c57-3536-438f-924f-2af4c0d40cb9,rider,2026-06,2026-06-22T11:42:32+05:30,5,8.112.0,5,good services reached on time
d6795ad3-4376-4f3d-8585-e70e8d24e22e,rider,2026-06,2026-06-22T16:43:21+05:30,1,8.113.0,46,"rude, clueless drivers spoiling my day. please train your cab drivers about the difference in total fare – what the customer has to give them and what they get from Rapido. unless you expect people to have to fight with your drivers and eventually delete the app."
9f0d81f1-7d8b-43af-b1ab-25c8531b6b10,rider,2026-06,2026-06-22T21:59:50+05:30,1,,13,there are having a very bad car drives in this app in banglore
28ef65bb-e6eb-4c1a-a487-0883900bfa12,rider,2026-06,2026-06-23T08:23:25+05:30,5,8.113.0,2,Super Driving
541efea2-aab6-462c-bcc9-6e82626fde91,rider,2026-06,2026-06-23T11:52:08+05:30,2,8.111.1,4,paisa bhut leta h
e3a1f0dd-2223-4613-b359-865fb2f6b22f,rider,2026-06,2026-06-23T12:18:22+05:30,5,8.110.0,1,supar
0ef9c528-9a7b-4a5f-961f-02457b32483d,rider,2026-06,2026-06-23T13:20:53+05:30,1,,5,worst cab book app ever
9e07af78-c3cf-41e5-8380-4375eb5e9faa,rider,2026-06,2026-06-23T14:36:28+05:30,5,8.112.0,2,*Highly satisfied*
6fb85c0c-3f59-408b-a28a-063239d36e85,rider,2026-06,2026-06-23T21:06:53+05:30,5,8.108.0,8,service was good & the person was also cooperative.
5b6addb1-b317-4695-9df9-9a64e3198b9a,rider,2026-06,2026-06-23T21:18:30+05:30,1,8.113.0,92,"Such poor service. I was trying to contact your support team regarding my account issue. I had deleted my account because I wanted to create a new account using another phone number. However, I was unable to log in with the new number. When I tried to log back in using my original number, I received a message stating that my account has been suspended. I would like to know the reason for this suspension. I have not violated any rules or engaged in any misconduct. I am a regular Rapido user ."
71827bf5-9bf4-4a1a-b1b3-f992eee1e643,rider,2026-06,2026-06-24T08:07:09+05:30,1,8.113.0,21,worst app gives hand on right moment can't find one captain and adding money gives fast service is also a trick
857d43a9-4dbb-47f2-b381-5249fa119036,rider,2026-06,2026-06-24T09:25:28+05:30,4,8.113.0,27,"Those Riders accepts and cancel the trip, the passenger is wasting his time waiting for Auto/Car. These drivers has to be removed from your Business Understanding"
43da906a-98a6-42d0-96a8-3a602c8c9d43,rider,2026-06,2026-06-24T09:39:37+05:30,1,8.56.0,13,bad experience 1 km 10 ruppes riders demands extra cash and not accepting base price
1ae83656-682b-423c-a497-f9d97c154647,rider,2026-06,2026-06-24T17:17:36+05:30,5,8.111.1,4,very usefull and comfort
18898bb3-1b86-47b2-a6b2-0daa2a56ca8b,rider,2026-06,2026-06-24T20:03:48+05:30,5,8.113.0,2,response good
6fb8038a-252c-4a88-8868-1491f8e7bbde,rider,2026-06,2026-06-24T22:25:25+05:30,5,8.112.0,2,good driver
bae77eda-84ea-455a-8b48-dd9b201382dd,rider,2026-06,2026-06-24T23:07:08+05:30,5,8.107.0,5,"good nature, clean can polite"
3f5a01ad-c7f1-4d48-9767-a992af600fd0,rider,2026-06,2026-06-25T06:27:12+05:30,5,8.113.0,3,Very prompt. Super 👍
acbd6b4e-c4d6-423d-84c5-cc7256649b66,rider,2026-06,2026-06-25T09:47:32+05:30,1,8.113.0,31,0 Support from their support team. also not even an option to connect with support while riding. Make sure you guys use other apps instead of Rapido if you are using Daily
52015937-87e2-4f2c-b1f6-4cfdb2aac023,rider,2026-06,2026-06-25T12:53:59+05:30,5,8.112.0,6,very helpful app I've ever seen ☺️
d30a91c1-0262-4991-af97-ed48ef5bf9c2,rider,2026-06,2026-06-25T14:37:29+05:30,5,8.113.0,17,rides are not getting accepted quickly and most the riders doesn't know how to operate the app
b65ba4ea-9488-435f-838e-b3b7e3cd5a78,rider,2026-06,2026-06-25T18:16:53+05:30,5,8.113.0,3,very nice drive
6ec901f3-01d9-4e6c-b1dc-ebce9486c668,rider,2026-06,2026-06-26T10:09:15+05:30,5,8.113.0,10,"Auto and Taxi captains were professional, pleasant spoken and honest."
4120ea07-91ec-4ae6-a239-69c2bc19b7c3,rider,2026-06,2026-06-26T19:40:51+05:30,5,8.113.0,2,good ride
6342f35f-fe5a-443f-bdba-0fa50eca2bb6,rider,2026-06,2026-06-26T20:45:34+05:30,1,8.113.0,67,"when I was using it for the first time after booking a ride, he asked me how much money you saw in your app when he knows I'm the first user and earns less money so he said to me to cancel the ride ,this is very bad and also he asked me for where is the destination but I selected the pickup location to dropping location 🤬🤬😡😡😡"
8989c34f-85d9-4b3b-b229-403aa2439acc,rider,2026-06,2026-06-27T06:26:02+05:30,5,8.81.1,2,excellent work
840a0df9-bb78-45a0-9deb-082b9009bf30,rider,2026-06,2026-06-27T08:19:56+05:30,5,8.113.0,4,good service. best rate
7c18833b-089c-457c-a5c5-6f80709eae92,rider,2026-06,2026-06-27T08:24:12+05:30,1,8.113.0,26,sub se bekar hai hai... ride dekhata hai 300 ka lakin raider bolta hai 300 se nhi chlunga or extra 100 dena hoga asha he hota hia har jagah
77a30571-e635-42db-a077-05084ce1559c,rider,2026-06,2026-06-27T09:18:55+05:30,5,8.113.0,3,no doubt excellent
10e0edd2-642a-41ee-9145-86a82b76b70d,rider,2026-06,2026-06-27T11:39:37+05:30,2,8.113.0,93,"overall, I love this app. I literally use it everyday. recently I've been facing this weird issue which has made me uninstall the app. I've tried contacting their in-app support, but VERY slow & just flooded with ai agents. basically the add more vehicles feature. basically if I have opted for bike, say 61inr, I added scooty as well to the list which was 67inr.. now as I needed it urgently, I added 5inr. God knows what happened, I wasn't late at all, still at the end I had to pay 105. like???sad"
5f828d67-5ad2-425b-a3c3-ee6185a0bb2e,rider,2026-06,2026-06-27T12:24:41+05:30,1,8.110.0,6,worst app ever... no clean vehicle
a979b5f6-10b5-44f4-984b-52640d5ac091,rider,2026-06,2026-06-27T20:21:18+05:30,1,7.6.2,50,good for nothing app.... always take the wrong location... can't see when I ride the book....trip details...send texts to captain not show.....not a way to reach customer care regarding app issues....i uninstalled many times and then installed the app... again the same thing happens...tooo bad
47cbb700-31db-41e7-83a6-bde6d29a0af5,rider,2026-06,2026-06-27T20:38:39+05:30,5,8.113.0,16,nice app. using since 1 year. Giving good fast rides. nice work team rapido and rapido captains
912b1c1a-f4f3-4eed-9caa-61852229baa3,rider,2026-06,2026-06-27T22:36:06+05:30,3,8.114.0,21,app is not accessible with explore by touch while Google TalkBack is on. app stops for sometimes when driver is assigned
3a88a72d-1b77-4e5c-b3af-8274000f168a,rider,2026-06,2026-06-28T11:36:31+05:30,5,8.103.0,17,it is safe and reasonable prize I prefer rapido mostly. our family members prefer and like rapido.
1634459e-dc0a-46a3-9201-ea6d3aec09a1,rider,2026-06,2026-06-28T14:46:45+05:30,5,8.113.0,6,"till now, experience has been fine."
8b9ab7ac-74be-4f40-b710-985da0334e71,rider,2026-06,2026-06-28T16:12:20+05:30,1,8.114.0,20,"worst app, riders are so greedy, ask for extra amount, take another ride while already having ride. going uninstall soon"
1e80382f-c765-4474-83a9-e6d1418fc4f3,rider,2026-06,2026-06-28T17:25:37+05:30,1,8.114.0,48,"This is the worst service I have ever used! The moment my ride gets confirmed, it cancels automatically. This happens repeatedly, even when I try booking from a different device. It wastes half an hour of my time and has cost me a lot of money. Fix this!"
cfacdcd8-0e61-4434-9f54-6e51e92eeb12,rider,2026-06,2026-06-28T17:45:06+05:30,1,,58,"This app is very disappointing. Almost every vehicle I have booked—car, bike, or auto—has been in poor condition. It seems that Rapido does not properly verify its drivers or vehicles, and there is very little concern for customer safety. The overall service quality is unacceptable. I would not recommend this app until these issues are addressed."
1855e582-1116-44f7-acfe-7f1b3262303c,rider,2026-06,2026-06-28T17:45:40+05:30,1,8.114.0,9,prices increased as I was using it more often
47aec28e-f2b0-4486-8595-668807d52a50,rider,2026-06,2026-06-28T17:54:36+05:30,1,8.113.0,6,never accept the ride when needed.
53577674-8e5d-40fd-8c36-dcead87a181e,rider,2026-06,2026-06-28T20:47:59+05:30,1,,9,nobody accepting the request for 2km also. bad experience
d52adc77-95b7-4d65-95d7-1e528bed09d2,rider,2026-06,2026-06-28T21:28:51+05:30,5,8.104.0,4,"it's better, Faster &:easy"
7814829a-b454-4b1f-9cfd-a05b10bb5103,rider,2026-06,2026-06-29T10:09:00+05:30,5,,15,i really loved it and i also rate it better than other cab booking appps
966612b3-83c4-4555-938f-96a60a29e81e,rider,2026-06,2026-06-29T10:45:27+05:30,1,,2,not good
48d4331d-06d5-4cbe-8814-9d4d36451877,rider,2026-06,2026-06-29T12:27:41+05:30,2,8.114.0,8,no location pickup any time say not found
9fecda11-80c9-49de-b4e4-12bc49b3cb2f,rider,2026-06,2026-06-29T17:33:13+05:30,1,8.114.0,13,Auto driver demanding huge amount after reaching the destination.. so uninstall this app
0770441e-d765-496c-acb7-2d5b94a47379,rider,2026-06,2026-06-29T20:19:05+05:30,5,8.114.0,2,good driving
8b1212b6-4a2f-4273-ba35-91166f1a7cff,rider,2026-06,2026-06-29T23:55:02+05:30,4,8.114.0,5,always provide me clean vehicle
2b4ecd59-a36c-4099-88bf-6d4460374259,rider,2026-06,2026-06-30T06:42:34+05:30,1,,31,"I had 8 rs balance, i booked a ride and a call came i cut it thinking it was scam. and the ride was cancelled and the 8rs balance was gone too"
b67b1a6b-232b-47eb-b603-1476d1a0d3a5,rider,2026-06,2026-06-30T09:49:11+05:30,1,,22,"Do not accept short rides , waste app 😕🤮, have to wait 30 min and have to add tips then only get a short ride 😡"
b997bd81-842a-4668-b22d-383bfa5ded82,rider,2026-06,2026-06-30T10:06:22+05:30,5,8.114.0,7,rapido is amazing. always consistently on time
7c32fe81-683a-4a18-8a56-a92d4579af65,rider,2026-06,2026-06-30T11:39:49+05:30,1,8.114.0,11,waste and faltu rapido please delete your application from play store
ead9da62-a6cc-4e39-8413-80fc2f19b442,rider,2026-06,2026-06-30T16:02:42+05:30,5,8.114.0,3,i love ittttttt❤️
7ba4cfe6-c86d-4ccf-b369-729ed1cf4cc1,rider,2026-06,2026-06-30T16:05:53+05:30,5,8.112.0,2,good working 😃
70d88dae-ec6b-416f-bd80-e5009f772395,rider,2026-06,2026-06-30T19:44:49+05:30,2,8.112.0,7,too much money for 4.5 km. they charge 80₹₹₹₹₹
20d31d5d-9952-473f-b3cb-6aac67abe02c,rider,2026-07,2026-07-01T01:38:31+05:30,1,8.114.0,74,"Literally fraud with zero customer support.The rider collected my food parcel but never delivered it. When I contacted him, he openly admitted on the phone that he had eaten my food and told me, ""Do whatever you can do."" This behavior amounts to theft, misconduct, and complete disrespect towards a customer. I have 15 guests waiting my food just gone and this is my hard earned money. Despite reporting this incident to Rapido support,"
be8ea60b-ca95-4942-9969-185d77cf8a55,rider,2026-07,2026-07-01T07:09:28+05:30,1,8.114.0,2,wrong map
933abe8e-08da-452a-8fdb-c917a8633b27,rider,2026-07,2026-07-01T09:58:29+05:30,1,,33,PLEASE REMOVE TIPS. Drivers are demanding more tips than usual fare. I booked a ride of fare Rs 225 but the drivers ESPECIALLY AUTO DRIVERS are not picking ride until i give 310. That's much
45a9de73-83c8-4363-99ff-425b7a6fa30a,rider,2026-07,2026-07-01T10:33:08+05:30,1,8.114.0,11,very good app.. pick and drop long route options they discover
4273eee1-e1a0-478e-9603-a32da7be7a30,rider,2026-07,2026-07-01T14:33:03+05:30,3,8.113.0,10,some rider are asking first how much rate is showing
1e6d7407-78e9-4472-8bd7-a31127692d05,rider,2026-07,2026-07-01T15:14:26+05:30,5,8.114.0,6,Excellent app worth of each rupee
3f01d168-3d30-4704-bf22-88a820bfead0,rider,2026-07,2026-07-01T15:28:38+05:30,1,8.112.0,1,horrific
5cf6aaa3-5dcd-4dce-a9b2-4816eaa69738,rider,2026-07,2026-07-01T16:34:21+05:30,4,8.114.0,2,Little overpriceing
b5dbb9e4-0b61-4983-9722-4852fa6e65fc,rider,2026-07,2026-07-01T22:03:57+05:30,1,,3,overcharges a lot
f9873b78-0cfd-4510-98d5-4d5f1f06624d,rider,2026-07,2026-07-02T09:26:13+05:30,1,8.114.0,74,"Extremely poor experience with Rapido. The rider kept roaming around in different areas instead of coming directly to my pickup location, which unnecessarily increased the fare and wasted my time. To make matters worse, the bike number displayed in the app did not match the actual vehicle, which is a serious safety concern. The rider never reached my exact location, and despite this, Rapido charged me a cancellation fee when I cancelled the ride."
51821e14-5b8a-4a45-8435-3b64f2e4f9f9,rider,2026-07,2026-07-02T10:19:58+05:30,5,8.114.0,11,cab is very neat and clean and Driver is very good
7b65aa07-9904-4daf-82cc-3b3c57fc0f76,rider,2026-07,2026-07-02T11:55:59+05:30,5,8.114.0,36,the app satisfied and comfortable but efficiency of catching the riders and accepting the ride is a bit complicated and a bit late so you should and can improve the efficiency of acceptance of the riders
9c7006ce-34b0-4125-9111-0fb48488a54f,rider,2026-07,2026-07-02T16:52:48+05:30,5,8.113.0,8,rapido is the best and so reasonable rates
e03313eb-b2da-4e9e-a839-072d4ec5593f,rider,2026-07,2026-07-02T17:34:27+05:30,1,8.114.0,86,I booked a ride using rapido. Google map doesn't show proper pickup/drop location. So the captain keeps on waiting at some other location and as waiting time increases they keep on increasing your waiting charges. At another instance one of the captains arrived at the wrong location and kept waiting and thereafter moved to another direction. So I had to cancel the ride. Now the rapido app is asking me to pay 10 Rs extra in the next ride for no fault of mine Pathetic experience!
ca6443de-0fb9-4b00-bbb0-fbdaeb160deb,rider,2026-07,2026-07-02T18:16:22+05:30,4,8.114.0,8,"there are certain glitches,but very good drivers"
ddf5f7e1-c2c1-4f8f-9673-5e033b52e308,rider,2026-07,2026-07-02T19:16:58+05:30,5,8.114.0,5,made my life very easy
2e5fe607-e9e2-4ea7-a216-25c7606be8fc,rider,2026-07,2026-07-02T19:23:02+05:30,4,8.114.0,5,very good and convenient service
444269b3-758a-4e7a-a185-6777aeac0f42,rider,2026-07,2026-07-02T20:31:38+05:30,3,8.113.0,3,not so good 😊
515e774b-145a-4179-882c-7c3aef73e845,rider,2026-07,2026-07-02T20:49:56+05:30,1,8.114.0,54,Very poor service of yours...they do not accept the rides of the old customer even if our ratings are at 5 and at top of that they also charge extra dua to traffic but when we book the ride they show us the rate including the traffic charges then too they demand extra ...whyyyyyy??????
057e0270-3853-4ff0-849e-eb8ec16184e1,rider,2026-07,2026-07-02T21:02:52+05:30,1,8.113.0,4,not a single star
95b2d32c-39a1-4178-9e0d-a161b39abfef,rider,2026-07,2026-07-03T01:20:57+05:30,1,8.114.0,2,verry good
4a810a3e-bb6b-4340-91f5-3c1ff756df8d,rider,2026-07,2026-07-03T11:08:19+05:30,5,8.114.0,12,"Only vehicles in Coimbatore are asking more money, just look at that."
e49ffecc-7756-4659-8897-4abdec75cae3,rider,2026-07,2026-07-03T21:00:03+05:30,5,8.113.0,1,king 👑 🫂
b73110ff-f4e4-49b9-a9ce-3ef51d3c116b,rider,2026-07,2026-07-04T08:29:56+05:30,5,8.114.0,1,goodddd ⚽⚽⚽⚽⚽⚽⚽⚽⚽
2614cba7-0788-4d37-a006-5a61cac2c940,rider,2026-07,2026-07-04T11:36:43+05:30,3,8.114.0,6,some time no eny driver available
3884ca30-2f09-44d7-b8c9-12bef9d69dad,rider,2026-07,2026-07-04T16:04:33+05:30,2,8.114.0,19,even for a small ride with fair amount they didn't accept the ride and asked to add extra amount
eeaa1829-6f94-4774-b73a-d1e072ce6f46,rider,2026-07,2026-07-04T16:35:41+05:30,5,8.115.0,1,supar
23e37dbc-1355-4c77-84d7-b83ac473f344,rider,2026-07,2026-07-04T16:58:54+05:30,5,8.114.0,2,umble Driver
54f9e63d-f3e4-47bd-95ae-15ef7f6b9788,rider,2026-07,2026-07-04T17:50:48+05:30,1,,20,"third class app, need help option does not open. only good for bike taxi. not suitable for auto,cab etc"
4475ccae-a260-498a-9cd1-3d1fda791548,rider,2026-07,2026-07-04T19:28:55+05:30,5,8.114.0,11,"good service in bike, and auto. anytime available. very good amount."
44940412-391e-48b6-ab15-463047f5673e,rider,2026-07,2026-07-04T20:30:10+05:30,1,8.115.0,24,I am not able to login to my account for the last one month I also contacted the support team but no one replied.
7f325769-8b0d-4bba-8aef-2e221954af54,rider,2026-07,2026-07-05T00:31:10+05:30,1,8.110.0,80,"Very disappointing experience with Rapido. I booked an Auto ride on 04 July 2026, and the app clearly showed a total fare of ₹202. However, after the ride was completed, the driver charged me ₹326, overcharging me by ₹124. I have reported this issue multiple times through the app, but I have received no response or resolution. This is completely unacceptable. Please investigate this ride and refund my extra ₹124 as soon as possible. If this issue is not resolved, I will uninstall the Rapido app"
c2e13efe-73f8-45ae-85d1-b430397cb16f,rider,2026-07,2026-07-05T04:08:00+05:30,5,8.114.0,9,Very humble and well-behaved. Smooth driving. Thank you!
79300e54-3a00-47df-af69-d8b025de8009,rider,2026-07,2026-07-05T11:04:31+05:30,1,8.111.1,6,driver charge extra money for luggage
bf213cb4-ee74-4e8b-b986-d7e4214712c5,rider,2026-07,2026-07-05T12:07:18+05:30,2,8.115.0,8,very slow to book rides very bad experience
2687018e-64d5-4c87-bd16-ed8588bc7b5b,rider,2026-07,2026-07-05T20:46:20+05:30,5,8.101.0,3,nisc driver good 👍👍
705ff73e-0056-430e-aeef-5cca1d0d9d36,rider,2026-07,2026-07-05T22:17:48+05:30,5,8.113.0,3,Affordable and reliable
3c08c46b-af50-404c-8f28-27d1153e5405,rider,2026-07,2026-07-06T05:12:46+05:30,5,8.115.0,7,good day for me and you have🛺
f317fd50-e82c-4310-bc4e-041c5703ebcb,rider,2026-07,2026-07-06T08:23:34+05:30,3,8.114.0,3,some time problem
9e673785-1289-43c0-8e19-59f13f886c02,rider,2026-07,2026-07-06T15:30:17+05:30,5,8.114.0,5,Makes life too easier & exciting ✨ ✨⭐❤️🤗🤗❤️✨⭐⭐
2c4aa24e-0d70-4752-aa64-e82f0d0d8998,rider,2026-07,2026-07-06T16:26:21+05:30,5,,3,nise so good
844aee71-3f52-4b93-bcb9-5ad9db13c77c,rider,2026-07,2026-07-06T16:26:32+05:30,1,8.114.0,5,captains gestures are more vulnerable
4e5509e7-c736-4b73-819c-60043aca851a,rider,2026-07,2026-07-06T18:33:13+05:30,5,8.114.0,5,Nice to ride in rapido
54b227ca-495e-4ccd-a74c-34bc4d0d5873,rider,2026-07,2026-07-06T20:03:09+05:30,5,8.112.0,2,good 👍 biker
a450c2f7-d91e-488e-a6e0-aada136db9a7,rider,2026-07,2026-07-06T21:25:41+05:30,5,8.114.0,6,ride is good driver behaviour excellent 👌
30cb8baa-9f9d-4093-a33b-a72b516ec7d0,rider,2026-07,2026-07-06T21:32:54+05:30,1,8.115.0,11,where bad app disappointed me i will give this 0 star rating
4a721251-62dc-4390-9f2a-af25437a3eab,rider,2026-07,2026-07-06T22:30:30+05:30,5,8.114.0,17,उज्जैन इंदौर दोनो जगह काफी उपयोगी सेवाएं है...
3b32a1b6-822c-4d74-8ca3-a541b46b714f,rider,2026-07,2026-07-06T23:44:57+05:30,5,8.115.0,12,maybe price is higher in comparison to others. But rapido means surity.
165abcc9-004a-4601-bc17-641fce488493,rider,2026-07,2026-07-07T06:05:35+05:30,5,8.115.0,5,easy and safe and reliable
bceb305c-86fe-4134-a354-235876a344db,rider,2026-07,2026-07-07T06:49:25+05:30,5,8.115.0,115,"Everything is excellent these days. It is very user-friendly, and anyone can operate it. All the features are visible right on the main screen. The moment you open the app, it automatically detects your location, and you just need to type your destination. It offers plenty of great options, and it's working perfectly for now."" स्पेशली रिक्वेस्ट 1 जैसे bike वाला है बाइक पर स्टीकर या हेलमेट पर rapid नाम ताकि जो लड़कियां सवारी करती है उनको आस पास कुछ लोग गलत समझते हैं कि ये अंजान लड़का कौन है"
19206532-9cc6-4409-9e4f-918477f98372,rider,2026-07,2026-07-07T08:49:38+05:30,1,8.102.1,7,not getting cab on time worst experience
0cb98a14-f695-48cc-8fc0-c22ee80a4a9f,rider,2026-07,2026-07-07T10:08:38+05:30,5,8.112.0,2,super bro
ceff15c5-c171-4844-9a65-9ae4148048d0,rider,2026-07,2026-07-07T10:44:36+05:30,1,,29,"when you guys are not taking any responsibility for accidents, then how to trust and travel in rapido bike. I request everyone to stop using this app right away"
8c3392dd-a837-4110-bb6c-132ce606135f,rider,2026-07,2026-07-07T11:34:44+05:30,4,8.115.0,9,installing time take so much time for OTP sms
c9b36b48-8160-4172-85f5-4c89db4f017b,rider,2026-07,2026-07-07T13:00:17+05:30,1,8.115.0,23,"worst app. drivers are rude, unprofessional and dangerous for your safety. no customer support, even if you are caught somewhere, they dont care"
b10167be-8ab8-4f90-96ec-683ed2d4fb8a,rider,2026-07,2026-07-07T13:17:04+05:30,5,8.107.0,2,good person
ae162b17-c7d4-4dca-b441-381eb3d3a9d2,rider,2026-07,2026-07-07T15:49:42+05:30,1,8.115.0,3,No customer support
7c756294-5c9a-433c-a563-90a8a3d8cd0e,rider,2026-07,2026-07-07T17:42:33+05:30,1,8.113.0,19,"fraud company. Don't use this app, use uber or ola, but don't use this app from a irresponsible company."
0a980b32-8ca2-4cf1-afb1-c1339f297083,rider,2026-07,2026-07-07T21:00:05+05:30,1,8.100.0,12,they are not responding in the chat I am facing login issues
cbcc7bf8-c40b-447f-8821-30a90f4c9f04,rider,2026-07,2026-07-07T21:38:54+05:30,1,8.115.0,14,"worst experience , jab needs rehti hai tab koi ride accept hi nhi karta hai ."
1d9eb962-2fd7-4fe8-aee8-d289b2af1bf5,rider,2026-07,2026-07-07T22:28:12+05:30,5,8.115.0,13,"⭐⭐⭐⭐⭐ ""Excellent driver! Very polite and professional."" Clean vehicle and excellent driving. Great experience!"""
2dfc844b-c8a6-4980-98d4-47dfec8bfaf8,rider,2026-07,2026-07-07T23:03:58+05:30,1,8.114.0,34,poor application and they have criminal riders ...today one ride came he is drunked and he start abusing... I have all proofs and from 1 hour iam Tring to connect rapido care but no response
d1dc6991-baad-4944-baaf-b43da86da575,rider,2026-07,2026-07-08T01:51:10+05:30,5,8.114.0,12,Rapido is serving great. Their services are really very useful throughout 24x7.
45cf9ec8-8bad-44f9-9f37-6f2814ac8326,rider,2026-07,2026-07-08T09:20:29+05:30,1,8.114.0,27,captain is taking too much time to accept sometimes I wait 20-25 min for confirm the ride. i kindly request the rapido team pls look out this problem
dcb871b0-8ac0-41ce-b0f8-e3d0c251ea80,rider,2026-07,2026-07-08T09:46:17+05:30,5,8.115.0,14,what happened to rapido?? can't book any ride last 3days .. it's very disappointing experience
fc58b439-9740-4efe-846e-842f0fded2f5,rider,2026-07,2026-07-08T12:06:02+05:30,1,8.113.0,86,"This is the worst app, I have 2 numbers, both have been suspended without any reason. And when I am trying to get help, they are saying that your ticket has already opened, it has been 1.5 to 2 months, before this problem, they increased the rates, in my location earlier it used to cost 63rs, suddenly they increased it to 91rs, they are eating haram One should travel in auto instead because their riders do not even accept rides and even if they do, they demand extra money."
ac7a9e96-c978-4d14-a1a4-27155f7a15d4,rider,2026-07,2026-07-08T12:10:06+05:30,1,8.115.0,71,Please request to work on the App once as it is not working properly means without turning on your location you cannot check any fare it's not necessary like you travelling all the time alone and you need to show your location to the rider it might be happen you booking for someone else from their location to tha place they wanna go kindly work on it Tried today again same
40a35ce8-78aa-4514-bf2b-11618df31c50,rider,2026-07,2026-07-08T20:17:00+05:30,5,8.115.0,15,"excellent and professional team, keep it up, special Captain is well trained in all manner."
3041daee-7191-4f35-a21a-ec31131a4cec,rider,2026-07,2026-07-08T21:49:42+05:30,1,8.115.0,48,The experience was great The whole time was very fast booking and everything but today when I had purchasing the power pass my payment was deducted from my account but still no power pass was visible on my wallet I tried complaining to rapido but still no response
8dfb3ec7-b418-41b8-9e92-69b82e36d822,rider,2026-07,2026-07-09T06:46:52+05:30,5,8.107.0,7,good 👍 parcel 📦 to bike so so usefull
63459b0d-0727-4902-bcf9-6106162cca74,rider,2026-07,2026-07-09T08:10:15+05:30,1,8.53.0,3,very high price
c53469da-5ec7-48b2-8cd3-f1b7534f3e58,rider,2026-07,2026-07-09T09:07:09+05:30,1,8.112.0,74,What is WRONG with captains in Chennai?? Are you guys not going through the reviews for the captains?? They always demand extra and if I really wanted to pay more i could've easily used some other app. If the prices can't stay what they are shown on the app what is the point of the app at all?? No action is taken against those who demand extra whatsoever. Have had a very bad experience.
2ea5c8b7-2879-43d6-9809-21885a1663f6,rider,2026-07,2026-07-09T14:51:24+05:30,5,8.114.0,2,verry nice 👍
f8a22ec0-72cb-4ba4-a529-472534677fdf,rider,2026-07,2026-07-09T15:14:46+05:30,4,,9,great app for transportation but sometimes coupon don't work
5f77e094-d24d-43dd-af5b-fe1c25574e09,rider,2026-07,2026-07-09T17:04:02+05:30,2,8.115.0,8,"rate is high, and waiting time not good"
73c48086-412f-4b1c-8d51-054a0c4381d0,rider,2026-07,2026-07-09T17:13:55+05:30,1,8.115.0,24,won't let me login. bought a new number but it says that number is temporarily suspended . raised multiple tickets but no use. pathetic support
9fa4510f-09f2-4d9a-9a8e-7acbcbc6f3bc,rider,2026-07,2026-07-09T17:26:16+05:30,5,8.114.0,2,good time
eab7f01e-8d5b-42ba-a121-331989046163,rider,2026-07,2026-07-09T18:50:37+05:30,5,8.115.0,5,good service and good driving
09338b7a-cf83-4dd9-9d79-620d29d9ad73,rider,2026-07,2026-07-09T21:07:16+05:30,5,8.114.0,7,Best for the Service and user friendly
d8a2bb3b-9405-49c2-ba7f-27b928be3f66,rider,2026-07,2026-07-10T11:45:51+05:30,5,8.113.0,8,rider are very good I am very happy 😊😊😊😊
caf5abd8-752f-4eeb-a218-94972cebdd9f,rider,2026-07,2026-07-10T18:04:08+05:30,1,8.113.0,78,"i recently heard about a women who choosed women safety feature while choosing ride but still she suffered a brutal accident because driver was trying to overtake a tractor which resulted in many broken ribs, leg bones and pkastic surgery and the check is rapido customer service replied that they are not responsible for this means what the hell therefore for that reason iam giving rapido 1 star i wish i could write review without giving a single star🙄😒"
d0c2db33-30ea-420a-8887-a734b0ce8e8b,rider,2026-07,2026-07-11T03:19:00+05:30,4,8.115.0,9,great initiative for bike rides. fast and pocket friendly
5c96cf13-13d3-4abd-93e7-7421a0e1519a,rider,2026-07,2026-07-11T08:51:09+05:30,5,8.115.0,21,Fast and convenient. suggest to add more Scooties being convenient to keep bags or other items. Thanks for making service fast.
bfff1e23-1399-4011-81b1-8454770564c5,rider,2026-07,2026-07-11T15:57:24+05:30,1,8.113.0,47,What kind of rule is this? The fare for the trip—from pickup to drop-off—ends up being higher than the rate initially shown. What is the reason for this increase? This is completely wrong; the fare should be exactly the same as what was displayed.
d87f791d-e506-4e6b-a01b-1e11aa1b0d27,rider,2026-07,2026-07-11T17:46:13+05:30,1,8.115.0,38,"Some Drivers demanding more money, Still Raido not taking any action on them. Yesterday itself They overcharged 200 in 2 different rides. I don't know how to get that back my money. In OLA and Uber they refunded the money."
45b51195-e43b-44ef-b4cc-12f5e9e36145,rider,2026-07,2026-07-11T17:46:52+05:30,5,8.115.0,2,fab ko
a9fe3e44-a658-4009-a012-0ab7ed5e641c,rider,2026-07,2026-07-11T20:17:00+05:30,5,8.115.0,2,super sl
793ab4ca-0a8e-4f4e-a0be-7e8abbcc1169,rider,2026-07,2026-07-12T10:35:02+05:30,5,8.115.0,2,good ride 🥰
d2a634c7-b995-434c-9f91-60020d74b0a4,rider,2026-07,2026-07-12T11:10:28+05:30,1,8.115.0,25,poor service don't train there riders how to cancel the trip if the bike broke and I didn't got any option to cancel the ride
38543409-5912-40a2-a689-d144718ad18d,rider,2026-07,2026-07-13T01:49:18+05:30,1,8.116.0,51,"Rapido often advertises very economical fares, but many times those rides are simply unavailable. Instead, I'm repeatedly asked to add ₹20, ₹30, or even ₹50 to find a rider faster. It feels misleading when the displayed fare isn't realistically available. Please show fares that riders can actually book instead of constantly pushing extra charges."
311d14f3-1aba-4c2d-ade1-eab6abc3bbe1,rider,2026-07,2026-07-13T08:24:45+05:30,5,8.115.0,6,very comfort ride. captions are polite.
8ae3817b-13b5-4566-b1bb-f0d926af3eb4,rider,2026-07,2026-07-13T08:38:27+05:30,5,8.115.0,5,good job done by rapido
a6877c14-d168-48f1-a2ae-6e4d79a3c907,rider,2026-07,2026-07-13T12:44:47+05:30,5,8.115.0,2,nicer nicee
5da467c3-f0d9-4e0f-9832-c9b224aaf8eb,rider,2026-07,2026-07-13T14:12:12+05:30,5,8.115.0,2,good rate
63ed8e5e-dceb-4b46-bf39-d15469caf707,rider,2026-07,2026-07-14T00:05:01+05:30,5,8.115.0,8,Bahot hi acha he rapido is best rides
de6b8fe0-5d7e-486d-891a-d0095c6812db,rider,2026-07,2026-07-14T09:47:06+05:30,1,8.116.0,34,1)worst app captains never accept ride even when nearby 2) 2nd review still same problem no captain accepts ride asking to pay more 3) once again no captain picks ride one picked and asked to cancel
f3424786-9984-494c-a714-1c5131dd9019,rider,2026-07,2026-07-14T11:05:47+05:30,5,8.115.0,9,Gets auto when other vehicle aggregators r not available
41fe4380-51d8-4c12-a36d-5a2ffa795dcc,rider,2026-07,2026-07-14T17:27:09+05:30,1,8.115.0,84,"I had a very bad experience with this company. I booked a ride that was quoted at ₹656, and the app clearly showed that the fare included all toll charges. However, during the trip, the driver asked me to pay extra, claiming it was for tolls. The driver collected ₹220 twice during the ride, so I ended up paying an additional ₹440. When I reported the issue to customer support, I received no proper assistance or even a callback. This was a very disappointing experience. Froud Company."
7fd60209-c722-42ba-a88f-e61d0ead7842,rider,2026-07,2026-07-14T20:00:23+05:30,1,8.116.0,81,driver demanded extra cash and rapido support doing nothing to help. not even an agent joined the msg even after waiting for 20 mins. the driver himself took the route which has traffic even when I asked him not to take that route. that is why we were stuck in traffic. and now I have to pay more money for his foolishness. long time user of rapido but this is unacceptable behaviour. no way to contact the driver. no support from rapido.
81b7e9f3-7f70-4115-8f34-d474ae3fd701,rider,2026-07,2026-07-15T14:45:00+05:30,1,8.116.0,16,the driver asking for more money than the actual fair amount for the first time ride
7b5e0281-6840-4fc2-a494-253cfa7f35b2,rider,2026-07,2026-07-15T17:06:08+05:30,4,8.116.0,28,"just 1 thing, please keep cash who can't pay by online. and every single rapido biker ask for online. why this? please don't force customer to pay by online."
36fa0c54-c2e0-40b4-97a5-f36031cbc5f7,rider,2026-07,2026-07-15T18:51:54+05:30,5,8.116.0,11,Thank God Public Has received a Silent and Citizens Public service.
fa3ae85d-5263-4832-9d78-e19fcb392335,rider,2026-07,2026-07-15T19:24:56+05:30,1,8.116.0,25,bekar service hai captain ride book krke aata nhi hai upper se bolta hai cancel kro charge mera badta hai bekar app and bekar service
7bb63a58-4a2c-4d46-8a98-3f737a96215d,rider,2026-07,2026-07-15T20:29:37+05:30,1,8.116.0,6,not available rider in emergency Time
76ba2320-5ba3-4ef9-ada8-652d9b3cc0eb,rider,2026-07,2026-07-16T00:54:12+05:30,5,8.104.0,4,Don't ask extra money
5664eef8-6fc0-4ef6-91a8-3f86aee0489f,rider,2026-07,2026-07-16T02:51:35+05:30,5,8.116.0,7,perfect for auto ride and the car
9de85c3b-e232-4b07-be8a-b80bc14e6e2b,rider,2026-07,2026-07-16T07:31:06+05:30,3,8.116.0,41,"When ever I need urgently ride,I didn't get, I think Rider's demand to add more to fare then I have to cancel ride and take autorickshaw. Dear team I'm not blaming you but you should do about this with Rider's."
8d2bf42a-d73a-4e2c-a557-4b60f685c3b0,rider,2026-07,2026-07-16T08:19:31+05:30,5,8.116.0,2,nice drawing
77be96bb-1421-442b-9b52-58a914ef0bbd,rider,2026-07,2026-07-16T08:21:34+05:30,5,8.115.0,22,Sometimes the captain asks for extra money that should not be accepted and we can report the concern in the rapido app.
4a4f5c8f-c457-4ee0-82f8-188679e6992c,rider,2026-07,2026-07-16T09:05:09+05:30,1,8.116.0,34,pathetic app..drivers pickup the ride and donot turnup....fare is also increased on end of the ride...and what customer care says...the fare was a understanding between captain and customer..pathetic response
5b68dece-b308-4d1f-8112-1a0b723c76d5,rider,2026-07,2026-07-16T13:02:39+05:30,1,8.116.0,2,just ok
17056c46-5c28-4e88-b646-33700016cb20,rider,2026-07,2026-07-16T13:58:21+05:30,3,8.116.0,9,never got a ride on time + they overcharge you
53060ea8-8f09-45cb-bd74-ca15bf3c7290,rider,2026-07,2026-07-16T15:28:38+05:30,5,8.115.0,2,good raid
c8da27e9-9f1a-4270-beb0-8eb24cce223d,rider,2026-07,2026-07-16T15:49:56+05:30,3,8.113.0,37,ye bohat hi acha aap hai lekin mene ek din bike book ki thi lekin sport bike aa gaya tha aur ek din to itna mota aadmi aagaya mein bohot uncomfortable ho rahi 🫤 thik thak hai matlab........................
0a295fe0-f59e-4b32-abf2-4c38fb62f181,rider,2026-07,2026-07-16T17:39:34+05:30,1,8.115.0,73,The worst app I have ever seen in my life I am from indore today I booked an auto for my mother the driver asked for extra money and when my mother denied they abused my mother and also when I complain on this thing on app support the support team is also soo much irresponsible they don't respond I continue message so much time I really want serious action on these things
6be972ad-8535-46cc-9a20-8c56c94715dc,rider,2026-07,2026-07-16T23:07:45+05:30,5,8.116.0,4,best app for ride
b2c77f10-ecc7-4104-a815-bd22fd623124,rider,2026-07,2026-07-17T09:28:27+05:30,3,8.116.0,7,increase the price when reached on destination.
699c59b1-a384-49ee-93a3-408b405d56c1,rider,2026-07,2026-07-17T10:36:03+05:30,1,,20,"very bad service, dwarka gujarat no service, long time wait customer but rapido captain no assigned ride, very bad service"
27e43e07-e458-4ab0-ac18-43bfe1b50d2a,rider,2026-07,2026-07-17T13:28:52+05:30,1,8.116.0,49,"As a commuter, i found this platform to be highly unsafe specially for women and senior citizens, better go with ola and Uber, these guys are just looting customers and even customer agents are also captain supportive. they will say we will take action, but no one does anything."
271f4150-189b-4de3-89da-945c443196a8,rider,2026-07,2026-07-17T16:06:22+05:30,1,8.116.0,56,First it charged me extra then estimated fare then when I talked to customer care they replied late and refused to refund n also without doing anything marked my problem as resolved.... again it has happened....and when i reached out this time at customer care they are not even replying this time...it's becoming worst
d7ed9a22-f299-46fe-b8b4-1813938c2101,rider,2026-07,2026-07-17T18:33:23+05:30,1,8.115.0,76,"I have faced repeated inconvenience due to your drivers' unprofessional behavior. On two separate occasions, a driver accepted my ride request but deliberately canceled it after making me wait because they had already picked up other passengers instead. This caused me significant inconvenience and wasted my time. Such behavior is unfair to customers and reflects poorly on your service. Drivers should not accept bookings if they do not intend to complete them. Repeated cancellations without valid"
522d417f-ef59-403c-8b96-733c850faf13,rider,2026-07,2026-07-18T09:56:51+05:30,5,8.116.0,2,saftey drive
71047906-9673-4946-8cf3-fea964c2dbcc,rider,2026-07,2026-07-18T10:14:53+05:30,1,8.114.0,46,worst app the captains don't even accept the ride request even if someone is in emergency they all only reject the request if they don't have to go then why do they even apply as captain in this app very disappointing app and very disappointing features
923adb7f-56b4-4aef-a0a6-4d3c4a5dc02d,rider,2026-07,2026-07-18T13:58:55+05:30,4,8.116.0,6,I have good experience with rapido.
842ef45a-22fd-4ee6-8c5c-18495528ba5b,rider,2026-07,2026-07-18T16:59:07+05:30,1,8.116.0,20,bahut hi roughly driving kar raha tha aur humse extra Paisa demand Kiya aur drink karke gadi chala raha tha
9947249e-6a0c-46d2-9648-a3f6c8afe737,rider,2026-07,2026-07-18T17:46:12+05:30,5,8.116.0,8,Extremely Good with Decent Fares. Absolutely worth it.
1498c3d8-9fd4-4bd4-96bc-f4292b4b34aa,rider,2026-07,2026-07-18T18:43:50+05:30,5,8.116.0,2,Happy riding
89bfdbc6-e8a2-4b94-ae9f-c784f4836aee,rider,2026-07,2026-07-18T18:55:53+05:30,5,8.115.0,30,best app. thanks to innovative solution this saves lot of money as you can use bike option or scooter option. sometimes rude driver comes but other wise much innovative app
5308c51d-c031-4792-8f72-d731be29c559,rider,2026-07,2026-07-18T19:57:28+05:30,5,8.115.0,2,ok Miss
de65e17f-31d6-4589-bb4b-685ccf71bade,rider,2026-07,2026-07-18T22:00:54+05:30,5,8.117.0,2,quick response
11b9f60f-f431-4683-92d9-cc2eb9c55b5a,rider,2026-07,2026-07-18T22:41:14+05:30,5,8.115.0,2,doing well
fe1e605e-0e3e-46c0-a9f8-ffa970df40d6,rider,2026-07,2026-07-19T04:45:01+05:30,1,8.116.0,2,maja nahin
7715ba60-c2fd-4fc2-b011-4871fb5dc598,rider,2026-07,2026-07-19T11:51:42+05:30,5,8.117.0,12,pls add 3/4 wheeler parcel delivery - this will help a lot for people
f3bba0a1-b32a-4cbf-8044-8021495c7f07,rider,2026-07,2026-07-19T12:45:27+05:30,4,8.116.0,41,most of the time drivers ask for more money... and some times when we book the ride it reflects an amount and at the end of the ride the driver shows us another amount which is higher than the previous one
5a1054e3-9f39-4140-8dc6-616eb7836ea5,rider,2026-07,2026-07-19T12:51:10+05:30,5,8.116.0,4,Amazing application for ride.
dd50c570-f3c4-445b-8b77-ed9bddfdc349,rider,2026-07,2026-07-19T12:54:05+05:30,1,,6,wrong service is a rapido mumbai
0f381179-1d6b-4137-8b06-2b007802fc90,rider,2026-07,2026-07-19T20:59:21+05:30,1,8.116.0,10,"unable to login , contacted support many time still no use"
e3929a34-ae58-4aef-b735-da7c4c9d9d32,rider,2026-07,2026-07-20T10:17:19+05:30,1,8.117.0,75,earlier the rides were very easy to book.. but now it takes lots of time.. the main problem is the customer support they are not responding to my fare issue ( it showed X amount and at the end of the ride it showed 1.5X amount). I raised a complaint and waited for the agent but it is not at all useful. this is my 3rd time experiencing this problem. I didn't get any refund also
545b568c-ff5a-49dc-82b6-7764929d3e28,rider,2026-07,2026-07-20T12:33:41+05:30,5,8.116.0,7,excellent service recommend to all Hyderabad peoples
9b46ad5f-7003-4058-90ed-d2a1f13c85a3,rider,2026-07,2026-07-21T09:21:29+05:30,1,8.116.0,24,very bad experience I had it rider were taken more then half an hour coming and their no option to cancel the ride also
fa65791f-9ad9-4c60-8ed5-0960b4c8a91a,rider,2026-07,2026-07-21T10:46:51+05:30,5,8.115.0,4,awesome way for everyone
5da27207-f475-4cef-9cc6-93adb777e362,rider,2026-07,2026-07-21T14:59:15+05:30,5,8.115.0,2,good driver
c1861b96-66b4-477d-b0fe-280a5fa3254f,rider,2026-07,2026-07-21T21:30:19+05:30,1,8.116.0,59,"Very disappointed with Rapido's customer support. I was transferred to an agent at 6:04 PM and waited for over 3 hours without a single response. If this is how customer safety concerns are handled, it's deeply concerning. What if someone was in an actual emergency? Please respect your customers and respond when they need help. This level of service is unacceptable."
302a794d-b4bd-4ae5-9abb-68bde3af9470,rider,2026-07,2026-07-22T09:04:25+05:30,5,8.117.0,5,one of the best services
01c9337b-d37f-4a2a-8e6a-8f601a70b908,rider,2026-07,2026-07-22T09:25:16+05:30,1,8.117.0,34,"worst experience continuous, during rain not a single auto, cab, bike accept the request even after raising the fare amount. I cannot raise the fare to 500 for 3 km of destination. it's a scam app."
40b836fb-0a3a-4fa1-9411-ad39f7f166ba,rider,2026-07,2026-07-22T09:31:16+05:30,1,,48,someone else is using my email ID as the login and the app does not allow me to enter using email otp. I am highly insecure about how how rapido is using personal data. No one cares from Rapido. I have anxiety due to this bloody app now.
b5ed9658-9c64-41d0-9a5b-71f08df6f45a,rider,2026-07,2026-07-22T10:37:02+05:30,1,8.117.0,70,"The app showed a different amount in my phone and drivers phone. The driver was rude so I had to pay extra. Even after raising a this issue on Rapido customer service, there is no response. I raised one issue months back when a driver was extremely rude and forced me and my friend to pay extra, there was no action taken on that issue from Rapido. Worst customer service."
9533e857-3d33-4bae-83ec-8a4991005a31,rider,2026-07,2026-07-22T23:41:54+05:30,5,8.116.0,4,आलं आज वेळ
622f43d8-9b8b-46d8-8975-4920f2644fc7,rider,2026-07,2026-07-23T08:34:42+05:30,1,8.110.0,6,don't download this worst app please
b43127e6-1e9a-4901-9601-1eb7c23d1548,rider,2026-07,2026-07-23T09:10:01+05:30,1,8.117.0,46,"Rapido has become completely useless with their ridiculously high prices that are easily double those of any other booking app. To make matters worse, the app almost always catches your location completely wrong, and most of the time no rider accepts the ride, leaving you stranded."
6f976126-fb22-4c19-9ce8-18c792e52a84,rider,2026-07,2026-07-23T09:30:14+05:30,4,8.117.0,67,"its the best app for instant vehicles in emergencies but I would like to request you to remove the ""increase amount"" feature or atleast keep a limit of 10-20 only because the drivers here charge alot of amount before they accept a ride coz they know there is an increasing option , which make us pay literally double of what amount should be given actually . overall it's the best."
4762f91a-50ad-4cd0-a1af-c3377088e0d8,rider,2026-07,2026-07-23T11:15:30+05:30,5,8.116.0,4,best application for ride
1a5d7c28-8a75-4355-afcc-2a953899af3b,rider,2026-07,2026-07-23T15:42:20+05:30,1,,6,not save ride this bike taxi
50f0796c-5cd4-4f21-b01f-ed153007d31a,rider,2026-07,2026-07-23T16:35:29+05:30,1,8.116.0,12,in rainy season they want 3 times money basically taking advantage of situation.
086ec734-3d5a-4edb-a6ff-1239ff51511c,rider,2026-07,2026-07-23T16:39:14+05:30,1,8.113.0,14,ban bike taxi it not safe and illegal and no insurance claim if accident
72e2bd75-5aa0-4bba-b790-36eb533e2cd3,rider,2026-07,2026-07-23T20:54:52+05:30,5,8.117.0,4,Thnku so much bhaiya
9be107d6-9c73-41a1-bb91-5ea53ee5fb50,rider,2026-07,2026-07-24T08:31:16+05:30,5,8.115.0,11,safe ride good 😊 rider I am so happy on time reached
d6d86017-f4b5-4865-b5a2-4ff0aecd655c,rider,2026-07,2026-07-24T08:42:54+05:30,1,8.117.0,19,Nice app but drivers are asking for way too much money like 50rs extra and many are rash drivers.
a61786df-9293-45d5-a929-ec228018bb4f,rider,2026-07,2026-07-24T13:18:26+05:30,1,8.117.0,33,1. Captain taking longer time for accepting my rides. 2. Captain accept my rides and once they reach at my nearest location or Landmark they cancel it. I'm very disappointed with this type of captain
5190319e-6411-499c-9ec8-e1d5c91e7ae9,rider,2026-07,2026-07-24T15:32:23+05:30,5,8.116.0,2,good work
fe8f5a1f-60dc-4eb5-b30b-b96f0a67a17d,rider,2026-07,2026-07-24T17:57:27+05:30,3,8.115.0,31,"it's great with coupons but sometimes frustrating, because coupons they issue are not known to the driver himself , so we need to make them understand and then there is an altercation"
e5023bd1-dc0e-44c8-a5e9-3ee6906b48bd,rider,2026-07,2026-07-24T20:35:36+05:30,5,8.117.0,2,outstanding service
25c076e8-3175-4799-a4bd-2fa58bc727cb,rider,2026-07,2026-07-25T06:35:21+05:30,5,8.117.0,2,Highly recommended
55ceeb25-946b-4cb7-83f6-c35600081faf,rider,2026-07,2026-07-25T09:00:18+05:30,2,8.117.0,24,"I have cancelled the ride because driver demand extra cash despite informing to you , you have add 10rs cancellation charge for my next ride."
bcb5cb66-95ce-444e-882c-afb086be4bad,rider,2026-07,2026-07-25T14:12:23+05:30,4,8.116.0,19,iski sabhi chijen to acchi hai kabhi kabhi pickup location main problem hoti hai isliye maine char Star Diya
8cac2fa3-d895-40cf-aa71-4b5cdfa17922,rider,2026-07,2026-07-25T17:58:43+05:30,5,8.117.0,41,Please expand your service area further so that it can also be used from one city to another. I am from Mau City Uttar Pradesh but there is no service available to go within 50 kms. Service is good for 2 to 4 kms
4b111935-5fda-42dc-9344-c827d964a602,rider,2026-07,2026-07-25T19:09:37+05:30,5,,3,first ride free 🆓🆓
9137374f-253b-4899-a28c-503d3a5ac6e7,rider,2026-07,2026-07-25T19:21:37+05:30,3,8.117.0,5,got time for ride booking
7c61ca52-e8dc-4c4c-a672-39211064edb9,rider,2026-07,2026-07-26T09:46:03+05:30,3,,4,can't track address properly
a210e9eb-d77e-45fe-b5eb-4aac482041f0,rider,2026-07,2026-07-26T12:12:22+05:30,5,8.118.0,47,I really find this app very user friendly. I also want rapido company to bring exclusive features to book public transport bus ride tickets without charging an extra concessional fee from users. Kindly network this feature through the ONDC network also like providing services for metro tickets.
53b333fd-046e-4bbe-aca8-5814fd2f8f1a,rider,2026-07,2026-07-26T15:05:16+05:30,5,8.117.0,2,my favourite
57acf506-82e5-49d9-9311-6bc517e12357,rider,2026-07,2026-07-26T17:31:38+05:30,1,,52,very bad experiences I had faced with this rapido app as the drivers are very disrespectful and wanting us to walk a lot of distance even though we bought a certain place and paying the money for the extra distance they are forcing us to come to a convinient place to them
51179676-0bbe-4997-b117-b5610d565676,rider,2026-07,2026-07-27T05:33:28+05:30,3,8.117.0,16,i want rapido in sholingur to Arakkonam routes.. but rapid service not available in this location....
34628b36-2671-405b-9e0c-4cd398c50ac6,rider,2026-07,2026-07-27T07:32:17+05:30,4,8.117.0,36,normally it's okaye. it take time bt I came.. but sometimes drive accept the ride after that didn't move from that place nd even they didn't inform us that he is not able to receive us..
b72d4184-c832-40dc-a0c2-357c9c3c347b,rider,2026-07,2026-07-27T08:13:52+05:30,1,8.118.0,7,"worst app, no captains accept the ride"
94819edf-18f0-47bb-b639-523172a9b10b,rider,2026-07,2026-07-28T07:25:10+05:30,4,8.117.0,10,many times shows higher prices than actual in metro cities
4ddc614e-9729-4d8b-97d3-2046e0cefa92,rider,2026-07,2026-07-28T09:57:08+05:30,1,,37,worst experience with rapido. they themselves upgraded my ride with a nearby captain and he made it very late to the destination. previous captain was ready to pick me up and I didn't expect any upgrade service.
9767164c-19ec-4ca9-8a0c-9500065beb81,rider,2026-07,2026-07-28T13:37:34+05:30,4,8.118.0,3,cabs are canceled
ca783df2-cf95-4b83-9957-afe4b08f38a7,rider,2026-07,2026-07-28T14:31:03+05:30,1,8.118.0,6,"very bad service, OLA is best"
da2a24ca-1051-453c-ab19-9d98355a6e27,rider,2026-07,2026-07-28T15:15:50+05:30,5,8.117.0,2,Nice drivers
7a8d0a65-8d04-413b-a04a-aa2b7dc2487b,rider,2026-07,2026-07-28T21:17:02+05:30,5,8.117.0,26,"I personally recommend this app for short distances and long distances, their captains are very polite and punctual who really value their customer time. Thank You"
82ec7cf0-e495-43a6-9c5b-397d93c532c2,rider,2026-07,2026-07-29T10:29:16+05:30,5,8.117.0,8,best thing ever happened in my life time
95c384aa-f1eb-4794-bbfc-849e3a4d8464,rider,2026-07,2026-07-29T13:33:51+05:30,3,8.118.0,9,All good but gps tracker is slow and bad
eb703916-3c96-40ef-895d-0fa005bb9c0e,rider,2026-07,2026-07-29T16:39:38+05:30,5,8.118.0,14,Rapido is the Best 👌 public service mode for transport - both passenger n goods carrier.
f747458f-efac-44e7-bd1c-1a76c8deae13,rider,2026-07,2026-07-29T17:05:14+05:30,5,8.118.0,1,Friendly.
daebdbe2-2f9c-4c3c-823d-937afe370c04,rider,2026-07,2026-07-29T17:27:14+05:30,2,8.117.0,26,riders not at all accepting the rides with the amount while additional amount starts with 10 rs it is not good better start additional amount with 5rs.
919e4f3e-ca94-43c4-9315-4f7a1035e29d,rider,2026-07,2026-07-29T22:34:34+05:30,5,8.118.0,30,all rider are very nice behaviour not only day night mai b agar lady log rehti hai to bahut acche se safely pahuchdetai hai ye log like a family member 👍🏻
bb853a29-3c8f-4dc0-9130-b2f0516db52e,rider,2026-07,2026-07-29T23:36:19+05:30,1,8.118.0,48,"Edit 4: I want to delete my account and I leave the country. I don't want your unlimited validity money. i want my privacy. Ola, uber both have allowed me to delete my account except you. Do you want a consumer case on your hand under consumer protection act, 2019?"
0e42ca66-e5f1-4d82-bc01-f56760927bcd,rider,2026-07,2026-07-30T07:21:51+05:30,5,8.112.0,3,very good drive 😇
333e37f5-2c5a-4e2c-a3d5-bcbcaec5223e,rider,2026-07,2026-07-30T09:45:22+05:30,1,8.118.0,27,bahot hi kharab app hai ye per km earning bahot kam deta hai aur subscription plan khatidna hota hai jo mahanga hota hai sirf bike k liye
f782a932-1054-4172-92ae-f75b6c392447,rider,2026-07,2026-07-30T13:43:10+05:30,5,8.118.0,57,easy 2 use app and would definitely recommend rapido rather than our state own local Ebike taxi app for now cuz rapido prices are cheaper compare to our local Ebike taxi app Jets24/7 which is the only one we have 4now and there are no difference only except the rate and you ride on an electric 2wheeler taxi
1d483999-5b01-459f-b21a-5b071a67ce4c,rider,2026-07,2026-07-30T16:51:00+05:30,1,8.118.0,51,"Very disappointing experience with Rapido. My account has been temporarily suspended, and I have not received a clear explanation or proper support for resolving the issue. Customer support has been frustrating and the whole process feels unfair. Rapido should improve its support system and clearly explain account-related actions to users."
3535b287-aa9b-4f76-85a4-6a87ac3f34a4,rider,2026-07,2026-07-30T20:05:55+05:30,1,,44,"bad experience with the captains not delivering things properly cheated me with 1500 rupees don't trust rapido stole 10 packs of home made rasam powder cheating everyone,since never had this bad experience more than 2 hours connecting to coustomer chat but no proper response Mithra Foods"
e783004c-b74e-4a81-bf81-9025f573876d,rider,2026-07,2026-07-30T23:26:55+05:30,5,8.116.0,5,rider was very nice person 👍
1546061d-35af-4d69-bcea-81e0afce9155,rider,2026-07,2026-07-31T09:14:12+05:30,5,8.118.0,5,"dependable in Pune City, India"
f0236517-fd13-44c1-98f7-011af4bd4e60,rider,2026-07,2026-07-31T11:50:16+05:30,1,8.119.0,33,Driver ended ride midway when I stopped him to purchase something for a min without notice. had to walk the rest. no refund after contacting support. driver still at large others will suffer.
92c4021f-9c90-4293-8621-5377ea77e8cf,rider,2026-07,2026-07-31T15:57:05+05:30,1,8.116.0,16,"worst app to use in Delhi, worst part is that it's doesn't locate the exact location"
7e991196-a39e-4e6f-a85d-e3e8c1ddb84f,rider,2026-07,2026-07-31T17:09:43+05:30,5,8.118.0,29,"It was great experience, on 1st ride only i have been looted by captain but customer support did great job, they investigated and reimbursed all the extra money taken"
1a2f56c2-0170-4b88-9886-ee1e34aeb402,rider,2026-07,2026-07-31T17:14:55+05:30,1,8.118.0,17,services are very worst in Bhilai as waiting time shows 6 mins but captain doesn't came after 30 min
e55550ec-0e7c-4684-8cf5-e5c352ba5ee7,rider,2026-07,2026-07-31T21:16:49+05:30,1,8.118.0,61,"Many unprofessional drivers are using this app. After booking the ride, they'll call to ask for the exact location, check the distance, and then ask for a higher price. And they don't even cancel the ride if the requirements don't match theirs. They'll say they have the option to cancel only 2 times, and they used it and ask us to cancel."
01d7d495-7b41-40dd-b644-6a8e88a97e77,rider,2026-08,2026-08-01T00:47:56+05:30,5,8.118.0,3,Very good person
5022e80d-42dd-4b72-b249-e912755e474d,rider,2026-08,2026-08-01T12:20:36+05:30,1,8.118.0,27,very bad experience with rapido parcel delivery. the captain ends with asking a lot more extra even after increasing the fare while booking itself. very very disappointing
d82460df-4a55-4178-9c33-b91f0eb5f647,rider,2026-08,2026-08-01T12:30:05+05:30,1,8.118.0,43,"1.drivers will run away with your parcels after marking the ride cancelled 2. drunk drivers will arrive 3. 9 out of 10 drivers are using someone's else rapido account and even ride stolen vehicles, hence 0 accountability 4. don't even dare to think that customer service will solve anything."
a1816a13-a2bf-4be7-89ee-887ac723ed76,rider,2026-08,2026-08-01T13:33:58+05:30,1,8.118.0,61,I'm unable to login back using my phone number. I had to delete my rapido account with my number. now when I'm trying to login back it's saying my account is blocked. I raised a ticket with the app and it is also in an unresolved state for more than a week. now how am I supposed to use the app.
2759aeeb-35d2-4bc3-a475-5541dc72dcff,rider,2026-08,2026-08-01T17:27:35+05:30,5,8.116.0,1,supper
d31f25dd-44cf-4f17-a87f-16d10995c1a5,rider,2026-08,2026-08-01T23:03:14+05:30,1,8.67.0,19,prices increases drastically during travel. had a bad experience with it ... it's hard to trust the app or driver
711390b8-e736-4865-b7ec-988fca90fbd1,rider,2026-08,2026-08-02T10:02:39+05:30,1,8.118.0,3,location not received
23bb402f-d2b2-4c7c-98ad-660fbc2bbc4e,rider,2026-08,2026-08-02T13:17:49+05:30,1,8.117.0,21,wrong information this app agr customer ke pass auto nhi aaya to wo kaha wait kar usa par waiting charge q
f11738a8-2c14-403b-b8df-bba14c53de24,rider,2026-08,2026-08-02T15:03:16+05:30,4,8.119.0,18,"A decent app for booking auto, bike and cab. I wish they could solve the great pricing issue."
b6434927-dbf7-45b7-add2-e489e2c8c628,rider,2026-08,2026-08-02T17:47:10+05:30,1,8.119.0,13,"unusable, can't message or call driver. very frustrating experience. pls fix this glitch."
feafde42-a5ce-4329-a3ed-3d0c4c65e007,rider,2026-08,2026-08-02T20:22:49+05:30,5,8.115.0,2,v good
79da8b8f-86f2-4a5a-aaec-b39d618e660e,rider,2026-08,2026-08-03T01:32:03+05:30,5,8.119.0,18,"very good service for people at the economy rate. Timely and accurate service, very rare chance for complaint."
ecc432db-ec00-437f-936a-aa35f634cc8a,rider,2026-08,2026-08-03T02:12:16+05:30,5,8.118.0,3,great app convinent
a2e0cade-d28a-4891-a3ba-f23257ed5231,rider,2026-08,2026-08-03T11:20:55+05:30,3,8.118.0,16,"Maximum time captains are not wearing helmet and whith no helmet for customer, Compromise with safety."
0990602a-27a4-4220-9efb-9ccfdbc34699,rider,2026-08,2026-08-03T13:06:36+05:30,1,8.118.0,18,jab tak marne valo khilaf koi karyvahi nahi hogi tab tak hum repido book karna hi 6od dege
a71a93ff-bb44-4efd-a1c1-515f5cf7db31,rider,2026-08,2026-08-03T13:56:52+05:30,5,8.119.0,2,Great rider
3d3f64e0-4ddb-48c2-bcff-760ec6e731b5,rider,2026-08,2026-08-03T15:11:04+05:30,5,,1,exleny
eab574eb-061d-4022-bf61-9f498e169354,rider,2026-08,2026-08-03T18:28:01+05:30,1,8.118.0,59,"The worst of all ! nowadays there is a rapido mafia in every city ! They show one kind of far the in the app and after travelling they charge high fare ! Also if you dont pay them according to their needs , they will mark you and cancel everytime you search for a ride !! Currently rapido is the worst of all !"
acc0e75c-70d6-4272-bcdf-b2c6fe7b10b3,rider,2026-08,2026-08-03T22:10:39+05:30,5,8.117.0,1,soooooooooooooooper
169f21a0-8f10-45f9-ab3f-04fec48a8ff6,rider,2026-08,2026-08-04T11:57:10+05:30,1,,82,"Very disappointing experience with Rapido Auto, especially at Ahmedabad Railway Station. This is not a one-time incident. It has happened to me three times. In my latest ride, the fare shown in the app was only ₹78, but the driver demanded ₹125. On another occasion, the app fare was around ₹180, but I was forced to pay ₹490. Whenever I refused to pay extra, the drivers became aggressive, started arguing, and tried to pressure me into paying more than the fare shown in the app."
dd62166d-5072-40d4-bcf8-a7902ab814c8,rider,2026-08,2026-08-04T20:35:15+05:30,1,8.119.0,6,"Useless support, unsafe for female riders."
a9f742bb-86d3-4e63-b907-0f2599bd808e,rider,2026-08,2026-08-05T11:51:14+05:30,1,8.119.0,7,bekar over price ki ride hoti hai
1997e3e5-4fbc-415a-bd1c-211b31a46879,rider,2026-08,2026-08-05T12:46:22+05:30,5,8.117.0,9,it's a easy mode of traveling or sending parcels
674036b4-3c20-4742-9ba0-bf4b980a819e,rider,2026-08,2026-08-05T16:23:45+05:30,5,,22,this app is very good but my account is suspended I book 4 to 5 rides perday for myself but rapido suspend my id
2eeb32cb-b270-4b4f-b6d8-47abac038ab5,rider,2026-08,2026-08-05T21:03:08+05:30,5,8.115.0,1,niec
99655780-c953-4112-80ee-4143fa96f237,rider,2026-08,2026-08-06T14:12:52+05:30,4,8.118.0,3,sometimes location issue
fc129af0-4538-4e15-a269-58794179d3d0,rider,2026-08,2026-08-06T18:04:31+05:30,1,8.118.0,11,location kahin ki dalo aati kahin aur ki hai worst app
3dea2268-5c69-48d0-bd94-0733a87f9236,rider,2026-08,2026-08-06T19:13:39+05:30,4,8.119.0,2,excellent work
8efcec38-07ad-4bc7-8640-30b02637d2e2,rider,2026-08,2026-08-06T19:14:35+05:30,3,8.118.0,6,almost all rider take extra money
0e45c56a-7ac3-43b7-9780-124e6af689e3,rider,2026-08,2026-08-06T19:22:16+05:30,3,8.119.0,3,rate very high
406496f6-2b1e-41c6-9fe8-aa1df22f19e0,rider,2026-08,2026-08-07T12:26:49+05:30,1,,19,very bogus service in nagpur..every captain accept the trip and then cancel..so much time waste in it.
d89cec4a-8411-444c-9835-a62753f2d57e,rider,2026-08,2026-08-07T16:09:58+05:30,1,,80,what's app se kisi location ko kholo to direct sirf bike auto car ka option aata hai mujhe parcel bhejna hai to option aata hu nhi phir mujhe rapido aap kholna pdega phir courier pr click kro location manually dalo phir khi ja kr book kr paunga kya hai yr isse thik kro what's app pr kisi location pr click kru phir rapido choose kru to sab option aane chahiye bike bike parcel auto auto parcel and all thank you
89c04e8c-cc4a-4724-972b-e21eb67f4c21,rider,2026-08,2026-08-07T16:41:24+05:30,3,8.118.0,31,"Availability used to be good, but nowadays for a 60 rupees ride, it's charged at 99/100 and the add-ons start at 30, not even at 10. Even after adding there's no use. Outrageous rates!"
b807aa07-3fa6-4fb0-83b6-3e5d94bddcb2,rider,2026-08,2026-08-07T17:10:50+05:30,5,8.117.0,2,superb ride
b433bafe-70c4-4ec3-a062-4aaa46b772b8,rider,2026-08,2026-08-07T17:59:00+05:30,1,8.119.0,38,"You can't just increase the prices just like that, it has happens twice with me that for traffic I was charged without informing me. The customer is not responsible if the rider changes route as per his accordance."
51b6fc16-fc0d-45a1-802b-72a722938c9e,rider,2026-08,2026-08-07T20:42:22+05:30,1,8.119.0,70,I was unable to login with my mobile number in rapido .I also registered my complaint on customer support in rapido app but no one responded.I also shared my concern via mail but not responded.If u people are not understand customer problem who can understand? I believe rapido but this time I am very much disappointed. I shared my concern via email but not responded by your side.
5dc859fb-2aff-460d-a32c-88d876510563,rider,2026-08,2026-08-08T19:25:47+05:30,5,8.114.0,10,I am glad that bike service is introduced in solapur
54736bf3-2cda-4d6a-93e9-25920badcf30,rider,2026-08,2026-08-09T07:58:30+05:30,1,8.120.0,47,"Even during emergencies, I am unable to book a Scooty/Bike from raipo, Because the riders are not accepting the trip requests. This issue has been happening repeatedly. Rapido Team, Kindly check the issue from your end and try to resolve it as soon as possible. Thankyou."
2ac3b384-485e-4a46-908f-127b3edc23b0,rider,2026-08,2026-08-09T12:13:19+05:30,5,8.120.0,2,good expiriance
3a48527a-eeee-4cec-8686-6837961f0e1e,rider,2026-08,2026-08-09T12:18:06+05:30,1,,37,"I don't recommend it because the price shown initially changed after reaching the destination. Secondly, the driver asked for extra parking, which was not included in the fare. The customer support team also did not work properly."
8b8939a9-21b4-437f-8531-399359858a71,rider,2026-08,2026-08-09T19:14:26+05:30,1,8.119.0,3,worst experience ever
5dd71d49-20ae-4218-9383-547bad20899c,rider,2026-08,2026-08-10T08:59:55+05:30,5,8.119.0,3,very comfertable ride
65555ca4-29be-4441-9532-623795c39f4d,rider,2026-08,2026-08-10T12:07:42+05:30,5,8.117.0,15,make that gps more accurate so that it stop changing my location to nearby somewhere
b0ce3f20-ae4c-44ba-854d-048ac3d969d3,rider,2026-08,2026-08-10T13:12:35+05:30,4,8.117.0,23,good ride for my all but one thing price is more variation and keep price variation as per metre small variation is ok
ed01260e-49d0-4112-b3c2-2bd168c16843,rider,2026-08,2026-08-10T14:24:55+05:30,1,8.119.0,13,"first ride bonus till now not credited from 2024, although a ticket was raised"
92f6a592-937c-4fef-b457-0a624d1d8c9c,rider,2026-08,2026-08-10T14:46:28+05:30,4,8.118.0,4,very good riding app .
ffefab65-65b7-4525-8aaf-c9c2efc7ce93,rider,2026-08,2026-08-10T18:12:51+05:30,1,8.119.0,76,"Absolutely pathetic experience with Rapido. Drivers openly demand 30–40% extra cash and customer care behaves as if this is normal! My refund to the original payment method has been pending for a WEEK. I've made 14 calls—every single time they shamelessly say “wait 4 hours.” Chat support is worse: replies after 4–5 hours or no response at all. This isn't customer service; it's exhausting customers until they give up. With this attitude, I seriously doubt this business will survive."
51d75922-9d8a-4bbc-bde2-12d9fbef8c38,rider,2026-08,2026-08-10T18:40:36+05:30,1,,7,Mera account faltu Mein suspend Kar Diya.
940ed096-a320-4b4e-b59b-1f7b3f8f4af3,rider,2026-08,2026-08-11T08:47:12+05:30,2,8.119.0,25,rides will not booked until you add extra amount and lot of glitches is there. booking amount and paying amount has a lot of difference
58420787-bd05-4189-996f-b56b45f928a2,rider,2026-08,2026-08-11T09:02:28+05:30,4,8.119.0,13,Why are you not taking responsibility for the accidents caused by your service ?
baaa10e3-8cd6-48e4-98a2-201672fe1f40,rider,2026-08,2026-08-11T13:09:02+05:30,1,8.120.0,38,"Rapido is a useless app. Not only are its fares expensive, but the drivers also take forever to reach, leading to long wait times. To make matters worse, drivers often aren't even available. It's a terrible company overall."
8ad8569c-f53f-49a0-9286-916a50c6bca2,rider,2026-08,2026-08-11T19:03:44+05:30,1,8.120.0,95,"this is a very bad app they don't know how to hire captains today it was raining so I just booked an auto but then I cancelled it after few minutes the caption started continuously calling me and abusing me that he is standing at the location although I had already cancelled the ride Italked to him very nicely but he was just abusing me and harrassing me that he knows my location and will come and then blackmailing me that he will file a complaint,I looked for help in rapido didn't got response"
ee35f7c6-94b4-4c5d-a54b-edf5f0b121cd,rider,2026-08,2026-08-11T19:09:34+05:30,1,,8,Middle class ko Lut rahe hai rapido vale
c9065a33-af80-4090-9a96-5ad6312d6efd,rider,2026-08,2026-08-11T20:06:24+05:30,3,8.119.0,8,it's taken too late to confirm the ride
e08d65ac-88ed-4aee-9abb-97e4a25ca15e,rider,2026-08,2026-08-11T21:16:00+05:30,1,8.120.0,20,Now Rapido is asking 20 rs per KM which is very costly. you have to pay 60 rs for only 3 km ride
ee016781-4d4b-41b3-8237-1fba2b07a952,rider,2026-08,2026-08-12T10:22:45+05:30,5,8.119.0,13,Really helpful but sometimes it's too hard to get accepted for a ride.
0d67fb7b-d935-49a6-a870-e932b2458b04,rider,2026-08,2026-08-12T16:09:03+05:30,5,8.120.0,7,we need clean helmet for riding bike
2e9cc3c2-d954-41ad-b575-bc8055bf154c,rider,2026-08,2026-08-13T07:54:55+05:30,3,8.119.0,3,good for use
dfd1c38c-ce09-4ad4-839b-bbcf0fa2a3b3,rider,2026-08,2026-08-13T09:58:47+05:30,1,8.120.0,21,worst app ever dr8ver need extra money and थ्रेट me i also have call recording and chat ss
bdf6d153-7475-41e2-aeac-32814223bbcb,rider,2026-08,2026-08-13T10:19:37+05:30,3,8.120.0,6,Rates are same as cabs fares
fcebcfbe-c00f-447b-bd33-c6bf35778170,rider,2026-08,2026-08-13T19:45:02+05:30,1,8.117.0,2,bed app
4b888252-9bd0-4ad4-9bfb-9e4bf1bf30fc,rider,2026-08,2026-08-13T21:35:21+05:30,5,8.120.0,3,fast and cheap
fb615b55-394a-4c24-9534-ff916dc3246c,rider,2026-08,2026-08-14T09:33:10+05:30,1,7.23.0,39,"rapido does not take accountability for the customers. If a passenger gets injured while riding and gets treated from their own pocket, rapido simply rejects the reimbursement. RAPIDO SAFETY IS A MARKETING LIE. NOT USING THIS APP EVER AGAIN."
998e921f-f635-4183-a39f-3fc25e30de5b,rider,2026-08,2026-08-14T12:04:52+05:30,1,,28,very bad and slow ux. Once I book some vehicle updates so late I just don't know in how much time the captain will arrive. very poor experience.
1a524e9f-6f6c-436e-96c4-87eb52cc1929,rider,2026-08,2026-08-14T14:41:07+05:30,1,8.120.0,11,Rapido is not safe it's a worst service i don't like
a694943c-8108-4401-b36c-feae9cc330d2,rider,2026-08,2026-08-14T14:41:14+05:30,1,8.120.0,61,"It was working fine until my recent ride. The price increased by Rs. 61 saying that the distance calculated was less than the one covered. Normally I would not have an issue with that, except for this ride not only was the 'extra' distance calculated, but the car broke down due to unfoeseen issues before even the first estimated distance was crossed."
c9bbd1aa-7b1d-49e0-9a68-7866d9e69195,rider,2026-08,2026-08-14T15:49:38+05:30,5,8.118.0,2,hamesha safe 😊🤞
2286c1c0-c203-4e17-b092-571209491b08,rider,2026-08,2026-08-14T17:25:11+05:30,5,8.120.0,3,bhahot achha h
1204a991-ef18-4940-a4e5-9c86e1ef65f6,rider,2026-08,2026-08-14T20:30:12+05:30,1,8.120.0,24,worst experience they don't even accept the ride and waiting time is too long if anyone is in an emergency so they could die
83bed81e-ea26-4b7b-9258-c2df32871d2b,rider,2026-08,2026-08-14T20:49:57+05:30,5,8.120.0,18,I am becoming used to for rapido. great service with affordable price and convenience. keep it up rapido..
f92df3f0-d0f6-4c02-a2fa-db6bf835898f,rider,2026-08,2026-08-15T08:17:03+05:30,5,8.120.0,11,अच्छी सर्विस रिजनेबल प्राइस
e56b5115-08c2-4c75-a5e3-3ffbc5cbe974,rider,2026-08,2026-08-15T10:24:35+05:30,2,8.120.0,4,no sense of humour
1c356226-fe46-4410-b17d-efd5d3913e78,rider,2026-08,2026-08-15T12:35:09+05:30,5,8.120.0,6,Most Resonable & on TIME till Date.
1afe70f1-4a10-4b13-a19a-ec9eb603a144,rider,2026-08,2026-08-16T06:51:06+05:30,5,8.119.0,3,very thanku rapido 👍
41625a25-5162-460b-bf81-bba96c95042d,rider,2026-08,2026-08-16T11:02:41+05:30,5,8.120.0,1,outstanding
f7a45db3-fbe4-4807-9e8d-806c39073fd6,rider,2026-08,2026-08-16T16:15:06+05:30,1,8.118.0,52,if you are in pune or any other metro city then do not userapido it's too expensive 1st of all and dispite that the drivers asking for the extra pay this is my last ride owth this cheal and poor aaplication pls guys boycott it to show the real power of users
1f2364d4-62a9-4101-b263-640333b6fe32,rider,2026-08,2026-08-16T17:05:53+05:30,5,8.119.0,1,satisfied
d3b29a3f-0dc4-4a66-b66d-18d7dc1978d6,rider,2026-08,2026-08-16T19:36:34+05:30,5,8.119.0,7,helps me a lot to go out
3b081e8f-7eaa-40ec-93e3-392412f0b4c4,rider,2026-08,2026-08-16T21:42:02+05:30,1,8.120.0,19,idiots worst service everrrrr if there was an option to rate this app below 1 star I would do it
94f7cb9a-147a-4777-9140-983a94511b5d,rider,2026-08,2026-08-16T22:00:39+05:30,5,,2,best ride
d4872bd4-b918-4700-8fac-26b73d99a999,rider,2026-08,2026-08-17T01:04:18+05:30,1,8.118.0,21,You have banned that driver for 99 years. This is highly condemnable. That's why I am uninstalling and blocking you. Boycott Rapido.
ecf92441-a78d-4fb2-8556-5d9d40b40e82,rider,2026-08,2026-08-17T09:01:36+05:30,1,8.120.0,13,"being so rude to your own employees, because of which your company runs"
2584af82-bacb-434c-8587-41aa2705c557,rider,2026-08,2026-08-17T11:06:02+05:30,1,8.119.0,41,"No sense of responsibility of captains. they cancel whenever they want without talking, take rides elsewhere when already having one. sometimes do not see the drop location and ask us to cancel because they can't go there. what even is this?"
d6814517-3174-4676-b8c8-28b64a903fee,rider,2026-08,2026-08-17T11:06:09+05:30,1,8.120.0,5,no vehicle available very bad
d604763f-9853-4ee2-bdcb-2fec8c2501cf,rider,2026-08,2026-08-17T17:55:07+05:30,1,8.121.0,8,it takes too long for confirmation every day
91d980f0-ab00-4616-a409-4103923b7b04,rider,2026-08,2026-08-17T18:38:06+05:30,5,8.120.0,3,okay cost high
d88666ba-1ab7-4e5f-8fb2-381ea21071e9,rider,2026-08,2026-08-17T18:54:36+05:30,5,8.115.0,3,very good behavior
c55631c3-0e7d-4ede-889d-89975867de2d,rider,2026-08,2026-08-17T19:23:11+05:30,1,8.121.0,15,0 security policy no refund policy and miss behavior to auto riders to rapido company boycott
61a10b07-e5d3-476e-8211-c7d8c2bcb2d5,rider,2026-08,2026-08-17T19:50:26+05:30,3,8.119.0,2,Good work
621d2d3e-3ef7-4e4f-90c1-0aad49e39f5a,rider,2026-08,2026-08-17T21:02:47+05:30,1,8.119.0,6,worst for user never in time
02e0b104-a692-484a-b11a-91e847e1821d,rider,2026-08,2026-08-17T21:46:17+05:30,1,,7,Revoke the Suspension in Rapido Rider Lucknow
3afbffd6-ed57-494f-a77a-f6dae4df693d,rider,2026-08,2026-08-18T13:01:04+05:30,4,8.120.0,78,"I’m unable to properly avail the Free Ride and other discount offers on Rapido. The app frequently shows a Free Ride offer while booking, but after completing the ride, the fare remains unchanged and the discount is not applied. Also, customer support is not easily accessible when there is an issue. It is difficult to get proper assistance or clarification regarding the offers and fare. Overall, the experience is disappointing and misleading. Rapido should ensure that the offers"
7a71acf8-daf6-4e41-9979-e4bc18e5dbfb,rider,2026-08,2026-08-18T13:10:20+05:30,1,,10,don't use this app you feel regret after using this
211431d5-91d5-40ad-86f5-7e175e0e3909,rider,2026-08,2026-08-18T13:20:13+05:30,5,8.120.0,4,Good Value and prompt
52f01f19-36f1-431f-ad7d-99238a4c3092,rider,2026-08,2026-08-18T13:35:34+05:30,1,8.121.0,6,worst experience not recommended to anyone'
a75a979a-20ee-4680-b11a-a10800ae6eeb,rider,2026-08,2026-08-18T14:22:52+05:30,1,,3,worst app ever🤮
c8e3c924-09a8-416e-8afd-1658c2f75ead,rider,2026-08,2026-08-18T15:44:49+05:30,1,,4,bad ...lot of lags
a111f0b2-4fa3-48e7-b745-d690e64ab723,rider,2026-08,2026-08-18T16:58:35+05:30,1,8.121.0,88,In rapido ads they say that our auto comes in five minutes otherwise we will give you fifty rupees but every time I have to wait for 10 to 15 minutes and today we book an ride on auto the auto driver by mistake take a wrong direction so when we reach we want give 56 rupees but he ask for 92 rupees and by his mistake we want to give more money because in app it was showing 92 so we gave him more rupees than when we had book the auto.
e5e1634a-06bd-4739-8e1e-454bbdfdfaab,rider,2026-08,2026-08-18T18:25:30+05:30,1,8.120.0,86,worst experience in rapido from my friend accidentally choose wrong location but auto driver telling it is not cancel the ride he is telling i will drop your exact location as per rapido he also agree with that after that he was was reaching location he closing rapido app and teeling give me 600 actual price is 495 on rapido he is asking random ly and abusing in cheap words in public and teken 550 amount doing harasment in publicit is happend in Bengaluru iam uninstall after that incident
5c1815db-ab01-4db1-9435-485a21b6a65b,rider,2026-08,2026-08-18T18:45:35+05:30,1,,59,"They banned my number stating that I did a scam whereas I barely used that app so I just decided to delete my account and when I re-downloaded rapido app, it showed that this number is banned because I did some scam. 🤷🏻‍♀️ I've tried reaching out to them through email and complaint tickets but they just didn't respond."
41a73499-9327-400c-a9f6-d7122c0cfd87,rider,2026-08,2026-08-18T19:10:38+05:30,1,8.120.0,30,if there is an option I will give you a 0 rating. The driver charges me a higher fare and i write for help but i do not get any response
16ce2e22-4d9a-4256-9f72-ccaa14491b17,rider,2026-08,2026-08-18T20:13:46+05:30,1,8.60.0,1,shame
35abef74-7428-4e8d-a899-bdc15c5597aa,rider,2026-08,2026-08-18T20:14:34+05:30,1,,11,very bad experience so uninstall this app not download please boycott
784bd92c-6756-4e89-a928-4ab0865e52d2,rider,2026-08,2026-08-18T21:11:33+05:30,2,8.120.0,10,It shows incorrect navigation always. Confusing driver and passenger both.
1627b0c4-5948-4d09-a555-1114b27a219f,rider,2026-08,2026-08-18T21:48:07+05:30,1,5.5.18,50,this is for what u do e with ur can driver. he is working for family and also serving to community and people. if they abuse u then what should u do. and waisey bhi tumhara jaisa application ko rkhney se achcha hai ki. koi dusra option use Kiya jaye.
eb18c8d6-0507-4e79-90d6-141706f80fa3,rider,2026-08,2026-08-18T23:15:16+05:30,1,8.121.0,22,"want justic for rapido cab driver ankit, whose id has been suspended for 99 years... here i m deleting the app right away...."
3e53cb52-8e7a-421e-b182-1f77eb598349,rider,2026-08,2026-08-19T01:14:55+05:30,1,,2,racist app
2c00187c-0ae7-4ef5-8288-c11ff7b1d955,rider,2026-08,2026-08-19T03:58:26+05:30,1,,5,maha bekar aal bycott repido
882b0b29-b150-4e97-b382-b8981ed070c7,rider,2026-08,2026-08-19T08:43:43+05:30,1,,5,💩 app through discriminating his employee
c1bde159-0604-421e-b68d-1bf338805f74,rider,2026-08,2026-08-19T09:46:18+05:30,1,,8,when the ergent no take accept the ride
2cc273a0-9cab-4f7a-9724-148bb6075362,rider,2026-08,2026-08-19T10:19:32+05:30,1,8.121.0,12,Keep assigning creepy drivers. Keep giving them a platform to harass women. 🤩🙏🏼
0f627432-c329-4950-83d8-eebdecc4ba4b,rider,2026-08,2026-08-19T16:23:17+05:30,1,8.121.0,5,worst app ever no safety
5b5de320-79fb-441b-8dc3-c0521c143b47,rider,2026-08,2026-08-19T22:38:53+05:30,1,,4,bahut hi ghatiya hai
a6744198-d2fc-40d2-9dcd-f940a14d0414,rider,2026-08,2026-08-19T22:59:23+05:30,1,,6,this very bad app don't usse 😡😡😡😡😡
a77ba6e8-67c6-428b-af2f-fc359bd27184,rider,2026-08,2026-08-19T23:42:05+05:30,1,,11,day by day driver ko kiraya kam karte ja rhe h
ceafc4aa-0e69-4f80-a6ce-89487a5769c0,rider,2026-08,2026-08-20T02:41:45+05:30,1,8.121.0,5,very bad and unsafe app
966310a5-5ec8-4dfe-ba3e-cf3c19deebc4,rider,2026-08,2026-08-20T06:25:09+05:30,5,8.120.0,2,good sarves
94c12c15-833b-4f1a-bba2-0d634834c1a3,rider,2026-08,2026-08-20T08:49:38+05:30,5,8.118.0,6,Good app but always overcharging riders
a970b88a-f242-44c7-a817-e608b738ddc2,rider,2026-08,2026-08-20T15:20:45+05:30,1,8.121.0,36,"useless and pathetic, I have been trying to book a ride since 2 hour still didn't find any, nobody has accepted my ride till now. What a pathetic experience ,this keeps repeating everytime, this app is useless."
cf7fda64-cd1d-4b89-8945-9dd6eab2ba3e,rider,2026-08,2026-08-20T15:48:45+05:30,1,,44,"This app often fails to book a ride; even if it does work, if there are fewer than three kilo meters, you have to increase the fare to ₹95 to get a booking. It is terrible for emergencies. and it takes too long to booked"
7b141671-4e4d-4121-b607-3341dca82d1c,rider,2026-08,2026-08-20T16:54:05+05:30,5,8.121.0,3,WORTH FULL APP 💯💯
c41d48ce-7a2a-4955-bb6b-88f5359b0727,rider,2026-08,2026-08-20T17:19:58+05:30,1,,6,close your service and go home
21f0bfd6-aa01-4c7d-8a02-d0956bd929fe,rider,2026-08,2026-08-20T17:23:14+05:30,2,,26,"really had a bad experience, like none of them will accept out of 50+. I don't know whether they're doing their job for timepass, didn't find helpfull"
b68be463-d17a-4c6a-aa39-a820a93951d4,rider,2026-08,2026-08-20T18:46:49+05:30,1,,3,worst app evereee
13b38ef0-9ac0-4911-a621-1992221b396d,rider,2026-08,2026-08-20T22:05:37+05:30,1,,17,"Will never use a company that discriminates between people, doesn't care about their employees and lacks humanity"
c24fb6b9-15d5-4c8e-8e40-0de053f88041,rider,2026-08,2026-08-20T23:05:23+05:30,5,8.120.0,5,convinient to use immediate response
d649129a-1c60-40b0-b8c9-44292eb66e82,rider,2026-08,2026-08-21T00:32:11+05:30,5,8.120.0,2,v good
6d0b7482-7cc2-42f1-9a60-6ba535a81357,rider,2026-08,2026-08-21T03:28:02+05:30,1,8.120.0,10,have some shame for what you did to that rider
3eba538b-3cfa-456c-9eee-e3611bdb7fac,rider,2026-08,2026-08-21T09:52:03+05:30,1,8.120.0,35,now the service is very poor .it takes too long more the 25 min to confirm the ride .and I late most of the time for office because of rapido. very very worst and poor service
bc52781d-9525-4b71-bd73-86b840e4a97f,rider,2026-08,2026-08-21T10:56:07+05:30,1,8.117.0,29,"sometimes it's too irritating, rode time pe confirm nhi hote ola se jyada rate rapido pr ho rehta hai aur phir late ho toh bahar auto walo ke nakhre"
5438f299-3842-49cf-b073-d23bde7bba86,rider,2026-08,2026-08-21T17:36:07+05:30,4,8.122.0,85,Thanks for the refund! today I was charged double for a simple ride without my notice by first showing ₹59 as fare and finally charging me ₹120 without any waiting time involved. driver behaved rudely when i told him there is some error. He threatened and started driving to police station to demand full money. I kept messaging support and there is still zero response till now. somehow I managed to get down and had to pay extra money xtremely disappointed and was worried about my safety.
db45b287-85ad-4742-aa4e-2844f5578acb,rider,2026-08,2026-08-22T10:24:53+05:30,5,8.122.0,4,good driving best driver
8ab9754c-f0b9-46fc-80e2-deab9a20d1e9,rider,2026-08,2026-08-22T11:29:49+05:30,4,8.118.0,14,"good service and affordable price but speed brake la mattum, konjam consider pannunga, pls"
f015afa6-32ab-4162-89da-bb65f3a708b6,rider,2026-08,2026-08-22T15:19:43+05:30,5,8.121.0,5,ride prices get high sometimes
aad42f55-fdc4-4ad8-bcb3-0ca4f958bca4,rider,2026-08,2026-08-22T18:52:36+05:30,1,8.121.0,22,low very poor app captains doent accept rides even after being near and charge absurd amounts very third class service and app
a51e0daf-f36c-4171-bf5b-e208abfece1d,rider,2026-08,2026-08-22T22:25:10+05:30,1,8.121.0,6,chori tax ki ker te hai
ac9268a1-61c2-4f91-bb43-5681dd2c2ca9,rider,2026-08,2026-08-22T23:47:58+05:30,1,8.121.0,2,faltu app
6a354769-4025-41b5-aaa9-fbc650795c20,rider,2026-08,2026-08-23T08:13:05+05:30,5,8.121.0,4,খুব ভালো
5db6f67c-e0be-4eb1-b022-127fdc5ebaf4,rider,2026-08,2026-08-23T11:08:24+05:30,1,8.120.0,32,"i almost use twice a day rapido auto or bike. but being an regular customer, instead of giving a better rates these people are charging more than everyday for the same location."
700d85d3-bb25-4474-b6c4-3cc31deaf324,rider,2026-08,2026-08-23T11:57:32+05:30,1,8.73.0,2,casteist app
94ffec4f-afb7-42f8-9306-c9790eff3824,rider,2026-08,2026-08-23T16:30:45+05:30,5,8.120.0,5,ok very good driver ing
e9111ff9-864e-4125-8fb5-5fc7d9fecbab,rider,2026-08,2026-08-23T19:23:47+05:30,4,8.122.0,19,very good but i want to do rapido pasd which is not available in my location pls provide it
ff9ce2e8-2b35-4a05-b89b-e1859677e418,rider,2026-08,2026-08-23T23:51:52+05:30,2,8.113.0,67,the app is too good...for students there is good price but the captains are worst.. always demanding high price than expected... today I ride only 1.5km and the price mentioned is 33..but he took 50 from me...as a student it is the worst behaviour for me...i think the captain name is something mohammad Ali.. please rapido try to focus on this thing especially for students...
bce1cc68-a685-437b-9ba2-fb11dd671605,rider,2026-08,2026-08-24T06:29:32+05:30,5,8.121.0,8,comfortable in bujet nd safe drive excellent work
c0d328a0-d198-48a6-b12b-47fb6dcd98c8,rider,2026-08,2026-08-24T09:22:22+05:30,1,8.121.0,16,"pricier than the Uber , unnecessary cancellation fee, looting people, recommend everyone to buy there own vehicle"
279ece51-af43-4590-bff6-070a544b654d,rider,2026-08,2026-08-24T11:47:46+05:30,5,8.121.0,6,best parcel and self ride app
6b2e11cd-6e7a-4830-a5ae-7e9b120fd27b,rider,2026-08,2026-08-24T14:37:55+05:30,1,8.121.0,71,too bad experience had missed my metro just because of one auto driver who demanded extra cash and upon that couldn't reach my hostel and because of him had to miss my metro. also their customer care service is also too bad. they don't even respond at one or two calls. you need to call them minimum thrice to get your trouble solved even when you are in hurry and frustrated.
594c09a1-7f95-4c35-809d-497a47d77404,rider,2026-08,2026-08-24T17:19:22+05:30,1,8.120.0,72,"Not a single rider accepts the ride unless I keep increasing the fare. Every time, the app simply shows “Rider is not available.” If you don’t have enough riders available, then stop accepting ride requests instead of wasting customers’ time and forcing them to pay more. This is honestly one of the worst ride-booking experiences I’ve ever had. Fix your rider availability or fix your service—because this is absolutely ridiculous."
bbc5beb0-418c-444d-9d24-babb4b97da67,rider,2026-08,2026-08-24T21:07:55+05:30,3,8.121.0,9,The app keeps closing after the recent update @devs
8d4cf997-a104-4d45-8f41-b181f56a1b88,rider,2026-08,2026-08-25T06:29:51+05:30,3,8.122.0,73,"ride cancellations % by drivers has reduced, last minute ride cancellations not happening now, drivers not accepting rides is not big problem now! CAB QUALITY, DRIVER HYGIENE CHECK BY RAPIDO can still improve.. pls give training to your drivers... rapido cars come with vry poor car hygiene, torn apart seat covers, insects inside car, dirty smell inside cars is become very regular.. DRIVERS chewing pan, gutka.. talking on phone through out ride, rude behaviour"
457ca25e-668e-4221-a07a-f92f4e9cd3c9,rider,2026-08,2026-08-25T11:32:10+05:30,1,8.122.0,81,"I want to escalate this complaint against the captain for deliberately demanding an additional ₹250 from me in the name of airport parking. The captain asked me to pay ₹250 separately from my Rapido fare. I questioned the charge, and after reporting it to Rapido, the amount was refunded to me. This confirms that the charge was disputed and should not have been collected from me. I have photographic evidence of the driver's FASTag transaction and the details of the ride. Please investigate"
33e87841-da05-4a59-86bb-201a40bfff19,rider,2026-08,2026-08-25T13:59:45+05:30,1,8.122.0,8,drivers are very rude and demand extra money
bd57251b-3975-4212-8fe1-8d138fa9862d,rider,2026-08,2026-08-25T14:02:44+05:30,3,8.122.0,40,We are not able to call the driver in case of not finding them.And sometimes they are not able to call us.There are many rash drivers and people who speak foul words and speak to the customer disrespectfully.
bb1b7dc4-707e-4d6d-8ccf-c410cfe6ecda,rider,2026-08,2026-08-25T15:35:21+05:30,1,8.122.0,21,rate are too high nowadays... u said flat 20rs for 3km ... but it's showing 45 and above ... not affordable for this distance
49ea7897-fc89-4748-9f03-33637b4befc0,rider,2026-08,2026-08-25T22:04:26+05:30,1,8.122.0,76,"Bug: When opening a WhatsApp-shared location in Rapido (e.g., current location Mumbai, shared location Varanasi), the app auto-sets pickup as current location and drop as the shared one. Since the distance is too far, it correctly shows ""ride unavailable"" — but trying to change the pickup location just kicks you back to the home screen, losing all details. Please fix this so users can edit the pickup location instead of restarting the whole process."
c1d5f6e0-dbf5-4b4e-9f2b-1a0fc69d041f,rider,2026-08,2026-08-26T11:24:58+05:30,5,8.122.0,2,very helpfull
48c72cc5-cf20-483d-b32e-6112330a7c1e,rider,2026-08,2026-08-26T14:05:24+05:30,1,,32,"rapido cab is demand high tips, if customer not accept the high tip, they are automatically cancel they ride. even auto also demand high tips. now a days rapido is very worst."
1c94ae0f-cf39-4688-9575-e0d499560a5f,rider,2026-08,2026-08-26T15:17:14+05:30,1,,6,never gets the ride on time
092ccc2b-d460-4b9e-991c-bd2f6c1ada99,rider,2026-08,2026-08-26T17:45:06+05:30,5,8.122.0,23,the rapido all transport services is Very easy for booking and also reach our place without any tension. Best service for anything anywhere 😊🙏
91680f3c-87e4-419e-8247-85cb2aac4a1b,rider,2026-08,2026-08-26T20:59:52+05:30,1,,17,location issue and not working properly if you already set destination wise price so why ask extra
cb2e5aa2-3bbe-494a-9ea4-3f22977e4f94,rider,2026-08,2026-08-26T22:21:06+05:30,1,8.122.0,33,worst behaviour and not accountable to the words. I request the public please be aware and be cautious with the rapido guys they are very dangerous I request not to encourage this #Rapido
e5ce1488-e0b4-4dca-95f1-49e80ee6a594,rider,2026-08,2026-08-26T22:29:55+05:30,1,8.122.0,100,कप्तान ने करीब आधा घंटा मुझसे इंतजार करवाया जिसकी वजह से मीटिंग में देरी हुई। ओर कैप्टन मोबाइल स्विच ऑफ कर रहा था बार बार जब मै कॉल कर रहा था ओर नेट भी बंद कर रहा था जिस कारण मुझे उसकी लोकेशन जांचने में समस्या आ रही थी तो Rapido Owner से विनती है कि कप्तान पर कार्यवाही करे धन्यवाद
44194955-e945-45d0-b560-c2ed5aa01483,rider,2026-08,2026-08-27T00:59:55+05:30,5,8.122.0,2,good person
edb68a5d-bc4c-4b96-836f-71e021e7b872,rider,2026-08,2026-08-27T09:56:30+05:30,1,8.122.0,5,raiders not accept any bookings
169f5518-597b-4ebc-9c12-578ceccc1f24,rider,2026-08,2026-08-27T12:59:36+05:30,1,,17,"Terrible experience. Drivers are refusing ride requests just to demand extra money for faster rides. Worst service."""
97bf2537-355e-42f8-86b3-906e1c3f345d,rider,2026-08,2026-08-27T13:56:59+05:30,5,8.122.0,10,He is an excellent driver with a full safety drive.
1f2f245d-c0dc-4a19-b178-013bd58b9d66,rider,2026-08,2026-08-27T15:24:11+05:30,4,8.116.0,1,satisfied
b5dc42ad-69a4-4d63-b869-a23c63d8d5a1,rider,2026-08,2026-08-27T16:05:51+05:30,1,8.122.0,23,kya ab hai koi bhi captain request nahi leta kum paise ho ya dur ke bekaar h ola aur uber Badiya hai isse
de8d7963-099e-4b35-9272-f8deac4a2b04,rider,2026-08,2026-08-27T16:09:31+05:30,4,8.122.0,18,"The application is good and affordable, the only disadvantage is that this application does not have intercity services."
9d0b0ae1-c4cc-4ff0-9042-c654703b991a,rider,2026-08,2026-08-27T16:45:57+05:30,1,8.108.0,12,due to the accidents and unbheaviour of rpido team to nice caption
63b4e058-772b-46b8-8746-12c4b9a87d71,rider,2026-08,2026-08-27T16:55:26+05:30,5,8.122.0,1,usefull
4fc8b44f-724b-4fb7-9642-394fef67e511,rider,2026-08,2026-08-27T18:12:47+05:30,5,8.122.0,2,nice wark
cab58759-ae16-4a22-b323-f34e3d2f7485,rider,2026-08,2026-08-27T18:50:36+05:30,1,8.122.0,34,useless app useless fellow. i need to book auto but it is showing previous booking and asking for money which I already paid. Not getting back to home page. worst experience when it's needed.
3b78e1c9-27fe-4d07-8d7d-9b43ca4209b1,rider,2026-08,2026-08-27T18:55:36+05:30,1,8.122.0,20,"Idk what is wrong with this app, either it's server is crashed or hang. It gets logged out automatically. Terrible!"
486eee34-8066-4005-8635-77f0a162e47e,rider,2026-08,2026-08-27T19:24:11+05:30,1,8.70.0,37,"Since 5,6 years I have been using the rapido app and all of the sudden today the app is not working and I am not able to login in please do fix this problem as soon as possible."
efde1bf1-50c8-4503-ae0e-22906acc4f7c,rider,2026-08,2026-08-27T23:47:58+05:30,5,8.122.0,3,prompt & reliable service
82fd790e-373c-4ae3-8815-72e49d32b7f2,rider,2026-08,2026-08-28T08:21:43+05:30,1,8.122.0,25,"very very very bad experience with this app , at the time of emergency no one is accepting the ride, I suggest don't use this app"
c867841b-072d-4c65-92d1-4b43544f62b0,rider,2026-08,2026-08-28T12:56:58+05:30,5,8.121.0,2,nice drive
18654e1d-caca-4579-af26-db69567dad5c,rider,2026-08,2026-08-28T13:15:01+05:30,1,,7,for 3 kilometres they are changing 350 to 450 rupees.
b00c3508-2c23-4d16-a9d8-3263a699d6c3,rider,2026-08,2026-08-28T16:03:28+05:30,5,8.121.0,1,Comfortable
64ca7cf7-2081-4c9b-86cd-0a765a7d1344,rider,2026-08,2026-08-28T21:14:34+05:30,1,8.122.0,13,taking too much time . captain not accept ride in emergency situation...worst experience..
f5d08f7c-bfbe-4fc8-96d4-5574282e4810,rider,2026-08,2026-08-28T22:34:47+05:30,5,8.122.0,2,well behaved
da4660ae-f7a0-4006-ae4d-95889a20f602,rider,2026-08,2026-08-29T09:57:35+05:30,1,8.122.0,9,bilkul lo class service the rapido captain and company
492bbc55-5cb1-4f01-a440-f622c5a4be6e,rider,2026-08,2026-08-29T11:35:27+05:30,5,8.121.0,14,very easy to use and smooth interface 2 click to book any ride very fast
9a853cd8-6f0e-49f9-bf23-c43461a46ddf,rider,2026-08,2026-08-29T16:16:07+05:30,1,8.122.0,19,Wosrt app Does nothing Captains are like captain America And customers are slaves And Rapido is just CAB AGGREGATOR
863473e4-611a-4db6-a478-d6db22f6b13d,rider,2026-08,2026-08-29T18:02:33+05:30,1,,34,bakwas app hai maine metro ke ticket nikale yaha se bohot baar aur most of time ticket issue aya hai qr scan hi nahi hote ya fir error batate hai such a bakwas app
f0201d5f-91a4-40bd-860e-3c7c3183b743,rider,2026-08,2026-08-29T18:39:12+05:30,1,8.122.0,62,"Shame on you, Rapido! You guys added that stupid ""Offer/Add More Fare"" option, and now drivers refuse to accept rides at the regular price altogether! You are shamelessly exploiting us. Mark my words, the day isn't far when a far better alternative comes along and wipes you out. By pulling this pathetic, shameful nonsense, you are literally engineering your own downfall!"
8e134ce5-a961-4d86-9f5c-32434575570a,rider,2026-08,2026-08-29T19:58:44+05:30,4,8.120.0,14,the ride felt safe and the captain was understanding what else a person needs 😊
fb90061d-2024-4c44-b57e-cb3f1d6d8406,rider,2026-08,2026-08-30T10:18:29+05:30,5,8.121.0,3,very good sarvice
246bf77d-7991-4c56-ab7e-ea61fe858ff5,rider,2026-08,2026-08-30T17:13:27+05:30,4,8.122.0,18,A few auto drivers accept then ask the customer to cancel. This is harassment and should be curbed.
2755d674-403b-4af1-88c3-836852df4658,rider,2026-08,2026-08-30T18:43:13+05:30,2,8.123.0,34,not accepting at the time when it's really needed and very poor when it's raining outside and captain scam by saying I am on the way and cancel the ride this needs to fixed
f2b6f632-c37f-4ee6-ab88-b34520f1f242,rider,2026-08,2026-08-30T19:30:28+05:30,5,8.122.0,6,good experience thanks Mr Manoj ji
cfc8fd30-0b90-4f12-8a2a-7a85b91ede9d,rider,2026-08,2026-08-30T19:39:19+05:30,1,8.115.0,22,I deleted my account and want to Activate again but not able to login. PLEASE HELP. SUPPORT EMAIL NOT REPLYING MY QUERY!!
b6a0413d-633e-419e-9a39-81739e3421a0,rider,2026-08,2026-08-30T19:46:33+05:30,5,8.122.0,2,best aape
9db1a019-d155-4fd1-b921-801970277256,rider,2026-08,2026-08-31T06:38:32+05:30,1,8.122.0,10,Drivers don't accept ride even after increasing 60 rs as tip.
1cfa48e8-216e-4cda-9be2-a45165b5e00c,rider,2026-08,2026-08-31T08:18:19+05:30,1,8.118.0,27,Riders always Cancels the ride at the office emergency and the worse part is rapido ask you to pay for some amount add up.to next ride.
7f2e12b3-5663-4c4d-9b2c-2396c9fe6b6d,rider,2026-08,2026-08-31T08:23:55+05:30,5,8.117.0,9,very nice experience and drive behaviour is very good.
d21e75b4-64ee-4ad7-88ef-200f34654617,rider,2026-08,2026-08-31T16:34:26+05:30,1,,8,unsafe for old age people or rude behaviour
3d8c1139-917c-41ba-8351-a5bff3e51a6a,rider,2026-08,2026-08-31T17:22:51+05:30,5,8.122.0,2,good ride
308b501e-6865-4f06-bda3-71cd394ae8b1,rider,2026-08,2026-08-31T22:29:42+05:30,5,8.123.0,24,"Easy to use app, quick bike rides at reasonable prices and I love the offer coupons and coins that gets accured after each ride"
77fc4759-d4b7-428e-ad07-516167347d18,rider,2026-09,2026-09-01T08:46:22+05:30,1,8.123.0,11,worst app ever specially riders doesn't take rides when it argent
d0a2ea7c-ffa3-4e7f-8f07-a9489c715366,rider,2026-09,2026-09-01T11:51:33+05:30,5,8.123.0,6,Best and nice services. God bless.
c42b82df-c344-4be3-a55f-490111419586,rider,2026-09,2026-09-01T14:34:37+05:30,5,8.115.0,2,first servic
bc8e6541-6b78-48bf-b456-f4cf8137235f,rider,2026-09,2026-09-01T17:50:19+05:30,5,8.122.0,9,please mera number suspended ho gya hai recover krdijiye
6205c245-bc8f-4f41-855a-b6c79af0659a,rider,2026-09,2026-09-01T17:55:42+05:30,1,8.123.0,53,"you are the facilitator? you show estimated price not final price? YTF I will take a taxi from this, why not from offline? worst customer care no value for human life abe ... kitna ghatiya pr kr rahe, agar mereko ek bhi injury hui travel mn, tum logon ko court mn ghasit k launga"
f830af78-5ef9-4aab-b3a1-ccac38ae6d26,rider,2026-09,2026-09-01T18:20:15+05:30,5,8.123.0,89,"it's better & faster..super to choose where ever we ant go go easily by this rapido app. so now book for best ride, some times i saw riders not wearing helmets for their safety. so suggested to wear helmets for their safety, i told the recent RTO rules to them also, they felt happy and agreed my suggestions, now rapido become a good& best opportunity to choose to go anywhere in the big cities, it's very useful to employees, passengers, students, elders, even though students like girls can choos"
3c86cc3a-bd86-4acb-9345-18ce8870e5bf,rider,2026-09,2026-09-01T20:08:35+05:30,5,8.123.0,4,good and efficient app
5d181e8f-d5b6-4360-ab58-b4f48c8cc9e0,rider,2026-09,2026-09-01T21:49:36+05:30,5,8.122.0,6,comfortable price timely pickup and drop
54181c93-0949-45ee-93f0-387382465978,rider,2026-09,2026-09-01T21:51:46+05:30,5,8.121.0,2,VERY............ NICELY
dc2dbe80-2d0c-49d2-8542-8e7e1197172b,rider,2026-09,2026-09-02T01:01:31+05:30,5,8.123.0,3,excellent experience ride
0d2c5bc8-d86a-44ec-bbc7-0537fc0424f1,rider,2026-09,2026-09-02T12:39:01+05:30,5,8.123.0,10,nice cab and good driver so happy routing my trip
fba4fcd7-7d3e-4ee1-88b0-6b75958f763b,rider,2026-09,2026-09-02T14:24:35+05:30,5,8.120.0,8,best and comfortable travelling for repido thanks repido 🙏
95a8d563-0528-4265-bfcd-cd26340be4d4,rider,2026-09,2026-09-02T14:53:35+05:30,5,8.120.0,29,pls make your rapido person who so ever comes for pick up and drop wear a tshirt labelled RAPIDO on it so that anybody can recognise them easily. Thankyou
1556918c-e237-4aaf-bb5a-5b696d29bd5e,rider,2026-09,2026-09-03T00:10:24+05:30,5,8.123.0,1,ook
05f4393d-3485-40df-b9fb-3e7a5d0e666e,rider,2026-09,2026-09-03T05:01:20+05:30,5,8.122.0,2,excellent driveing
0b1e4b3a-1107-4f99-a9a6-ece9c9dc4c30,rider,2026-09,2026-09-03T08:38:47+05:30,5,8.122.0,14,Rapido is Best than the others. Now become our Life line in daily routine.
60ed59af-412a-4cf2-bca5-3bf5c3b7a86c,rider,2026-09,2026-09-03T12:53:01+05:30,1,8.123.0,30,"So the load becomes more, more than the normal load and I don't get a captain quickly due to which I am late every day and my time gets wasted."
8636eb11-6200-48d8-9113-95a060acf649,rider,2026-09,2026-09-03T15:42:46+05:30,5,8.121.0,11,my ride it very good to daily me use in rapido
4759355c-c4d7-4480-ae0e-e4ac8fd240b8,rider,2026-09,2026-09-03T17:41:40+05:30,1,8.123.0,7,most third class customer support in rapido
aac69b5b-f251-43be-925d-5dd188b90826,rider,2026-09,2026-09-03T23:44:20+05:30,4,8.123.0,72,"During the festive season, especially Ganesh Chaturthi, both passengers and Rapido captains face difficulties due to roads being blocked or heavily congested because of Ganesh idol installations and celebrations. It would be really helpful if Rapido could introduce a feature to track such roadblocks or temporarily restricted routes and automatically suggest alternative routes. This could help passengers and captains avoid getting stuck and make rides smoother during festivals.Pls find a solutin"
79ca7c5a-2f05-4aec-a33e-6cab7390810e,rider,2026-09,2026-09-04T08:23:17+05:30,5,8.122.0,4,very nice and accurate
ed15e2a1-7566-4869-8ec0-ba55fdfd527a,rider,2026-09,2026-09-04T11:37:37+05:30,5,8.123.0,6,It is reliable and hazzle free.
0450d385-a174-494e-9ebc-18c8e8250275,rider,2026-09,2026-09-04T12:24:29+05:30,1,8.123.0,32,I had a bad experience because the driver don't book rapido totally fraud...today I am very upset.. and the driver saying that do what you want to do I don't care...
d45e76cc-5c15-456f-9692-16c38aa5649a,rider,2026-09,2026-09-04T13:05:01+05:30,2,8.123.0,14,"how to get benefits of the 1st free ride in my city(banswara, rajasthan)"
61075550-5d0a-4308-b1ae-a7fa8636155a,rider,2026-09,2026-09-04T14:49:36+05:30,5,8.122.0,2,good response
6596871c-6191-45fc-8040-e30dc9290cc1,rider,2026-09,2026-09-04T22:49:15+05:30,3,,40,4.9.26 i am trying to reach home. 1 hour no One cannot pickup. I even gave 40 rupees extra. One month before Rapido is good. But now it's very poor. Your Captain is asking for extra money every time. it's very wrong bro 😞
78fea6dd-9fe0-464d-8042-0b02008d94dc,rider,2026-09,2026-09-04T23:52:42+05:30,5,8.123.0,7,Excellent and professional rider Mr.Mrityunjay Awasthi
d9588bcc-4582-49de-a285-7dec3d758de1,rider,2026-09,2026-09-05T08:58:19+05:30,5,8.123.0,6,pick up is little bit slow
98142295-8331-43da-8494-a37fb9b4b2ec,rider,2026-09,2026-09-05T16:41:58+05:30,4,8.123.0,30,"very fast. hundred times faster and affordable than uber. only sometimes the big problem is that the rides get cancel quite often, but in big cities you can find quickly"
8b2342cb-478b-414e-88da-d8336fc95d8a,rider,2026-09,2026-09-05T16:56:50+05:30,4,8.123.0,32,I'm requesting you that make a car or cab that costumer need 7 seater car. Rapido is working Excellent and fast rides. This is best app and useful app for me 🙂🙂. Thank you 👍👍😊😊
8c2d830a-e88d-4988-ab25-44ca1c13b80a,rider,2026-09,2026-09-05T18:03:53+05:30,1,,33,"ride complete hone ke baad ,rating ki popup aa jati h 🤬, online payment paid kerne ka option dikhai hi nahi deta rider fir jyada rs mangta rehta h 5star dedo fir bhi usse"
3d64fce9-dc2f-48e0-9aa8-c1153b4b5744,rider,2026-09,2026-09-05T21:18:36+05:30,5,8.123.0,4,no extra money asked
b49202fc-b442-41ea-b968-6fd6b7aa9813,rider,2026-09,2026-09-05T22:37:31+05:30,5,8.124.0,1,well
e5188213-1e2d-4dee-9f6d-f7c77940c2d4,rider,2026-09,2026-09-05T23:11:20+05:30,1,8.124.0,52,"the driver harassed my female friend for whom i had booked the cab. he asked for 300 insted of payment of 300. Then he asked for 3000 and started threating to take some action if she doesnt pay up. worst of all, rapido is NOT even responding or taking complaint on support. UNINSTALLING THE APP."
5b427fc2-501e-40f1-81ac-38e3fef65be2,rider,2026-09,2026-09-06T07:36:10+05:30,1,8.119.0,4,Customer service is useless
401cadbd-e4c2-4161-8e10-a9b5431cefcf,rider,2026-09,2026-09-06T10:56:15+05:30,2,8.123.0,43,"90% of the Rapido captains openly demanding extra fare. if the customer says you can't demand like this, then they will ask us the cancel the ride. are you taking any steps to avoid these kind of situations to have a hassle-free ride"
77be0413-09a5-4af4-b766-9d2109d32a82,rider,2026-09,2026-09-06T12:54:24+05:30,5,8.123.0,18,"“Excellent service. The ride was smooth and the driver was polite and professional. Overall, a very good experience.”"
144e3880-1a24-4c27-8da2-7835373c119b,rider,2026-09,2026-09-06T13:59:09+05:30,5,8.120.0,3,"affordable, clean vehicle"
20f90529-1994-493d-b24f-813fc9ef0a4b,rider,2026-09,2026-09-06T16:08:30+05:30,1,8.123.0,49,"App user interface is good but drivers (captains) on the cabs always ask fare by kilometres. If they wanted fare by kilometres, why is the app showing fare? I was thinking not to uninstall this app, but today almost 5 captains asked fare by kilometres. Uninstalling the app at last."
0182be4f-c9f4-4d9a-8c71-3183ea4ee598,rider,2026-09,2026-09-06T17:55:46+05:30,2,8.123.0,15,worst app....takes too long to confirm the ride and always asks to increase fare.....
5d0ee13b-a427-4775-b2a9-c17286672c93,rider,2026-09,2026-09-06T18:45:30+05:30,1,8.123.0,104,हम नहीं सुधरेंगे वाली बात है अभी अभी मने सराय रोहिला जाने के लिए ऐप डाउनलोड किया फिर उसने मेरा डेस्टिनेशन जे-७४४ दिखाया जब कोई मेरा डेस्टिनेशन जे -६७९ है जे ७४४ मेरे से दूसरे रोड पर है क्या अंधेर गर्दी है कोई देख नहीं चाहता सही है ऐसे ही करते रही बहुत अच्छे है देवी साथ ngh j ६७९ जहांगीरपुरी दिल्ली ११००३३ ९६५४०८७३५१
1b5d286d-a6c9-451b-94da-a51ead187d76,rider,2026-09,2026-09-06T19:16:02+05:30,1,8.123.0,2,bade expiriuans
a48d2f49-ec02-430e-9b60-32c1ad0defc8,rider,2026-09,2026-09-06T19:31:01+05:30,5,8.123.0,2,good surgical
9ae5a519-67a3-4c38-97f1-9dbebc4ddbcc,rider,2026-09,2026-09-06T19:58:12+05:30,5,8.123.0,5,gud helpful best ഓപ്പൺഷൻ
1f03f86d-6d56-4f7f-bd53-c970b990e192,rider,2026-09,2026-09-06T22:12:24+05:30,5,8.123.0,2,good response
a9aab14f-e8fc-4317-8304-042428513bb9,rider,2026-09,2026-09-07T07:11:50+05:30,5,8.123.0,5,best aap 😃 and best service
e6c9c48f-6896-48d0-a0e0-2c22442458c0,rider,2026-09,2026-09-07T07:21:44+05:30,1,8.123.0,30,booked an auto sent one toto . wow. what an amazing service. I've taken the visual photos if you don not belive it . what bs service. I don't recommend this app
3013c7eb-83c7-42ce-81a4-cb3be14089db,rider,2026-09,2026-09-07T12:40:46+05:30,1,8.123.0,2,vary dad
da8e8a27-cefc-45b8-b8a6-099fb6352fa3,rider,2026-09,2026-09-07T12:56:17+05:30,5,8.123.0,12,This app needs to work on the location accuracy...rest all's good 👍
9f7e7c01-bf2f-42ea-9bab-be1323e03e45,rider,2026-09,2026-09-07T13:00:12+05:30,5,8.123.0,2,amazing aap
b9616626-5bb2-498d-9ea3-5d7cca4b2d83,rider,2026-09,2026-09-07T13:57:44+05:30,4,8.123.0,2,very safe
9d3ea5db-b213-4903-930b-8811002ac510,rider,2026-09,2026-09-07T15:42:28+05:30,1,8.119.0,11,"Very Pathetic customer service, agents take more than 30 mins to respond."
8644ffa0-3e6e-4555-880e-d1b4256e8202,rider,2026-09,2026-09-07T15:51:31+05:30,1,8.123.0,14,"very bad, too much cost for booking ride, Uber is better save your money"
9e8618eb-8fe3-48de-8baa-38f01ef86440,rider,2026-09,2026-09-07T17:14:45+05:30,1,8.123.0,26,i changed the rating from 4 to 1 after long time.every time when I tried to book it showing the double amount when compare to other apps
0501be3d-d51e-43de-9fe3-bf47f8b9a219,rider,2026-09,2026-09-08T02:14:10+05:30,5,8.122.0,2,premium service
4ff051e9-c366-4a91-9572-b50aaf2b2614,rider,2026-09,2026-09-08T09:52:09+05:30,5,8.124.0,3,very pickup good
7056b2cb-ffb2-4ba8-8ac1-ec95ebd75e2b,rider,2026-09,2026-09-08T14:54:32+05:30,5,,1,deleted
a2abd145-31e9-4835-99f5-9b9c38f1d9ef,rider,2026-09,2026-09-08T15:09:05+05:30,5,8.123.0,7,Rapido Service is best & Safe For Womens..
82ae8dfa-f621-425a-b3fb-cea582076c97,rider,2026-09,2026-09-08T17:42:24+05:30,2,8.119.0,4,my open not active
71126272-edec-4559-8a81-f32523e4b34b,rider,2026-09,2026-09-08T20:40:35+05:30,1,8.98.0,24,if you abd your so called captain dont want to ride then shutdown your app and business ... third class service in city like ahmedabad ...
160cc6ed-5093-451d-9216-c0e3ce0065b0,rider,2026-09,2026-09-08T21:55:27+05:30,5,8.118.0,19,good and smooth ride thnx to rappido and women are also safe and secure to reach the locations..tq❤️
9472aec3-657b-4b38-b1c2-552157b29e0a,rider,2026-09,2026-09-09T00:15:05+05:30,5,8.123.0,4,Rapido is tremendous platform
f299167c-a036-40a9-bdf6-9180da160aef,rider,2026-09,2026-09-09T09:14:46+05:30,1,8.123.0,44,"Terrible experience. Money got deducted from my bank account, but the Delhi Metro ticket showed canceled instantly. No ticket, no refund, and zero support response. Avoid using Rapido for metro ticket bookings at all costs unless you want to lose your hard-earned money."
d7d0bad1-354f-4478-a74d-a08e8382be4c,rider,2026-09,2026-09-09T15:00:06+05:30,1,8.124.0,11,where bad application Pele discount batate hai bademe nay dete hai
a83d9144-e8c5-4d02-8bda-444537e891cf,rider,2026-09,2026-09-09T19:24:41+05:30,1,,11,pathetic experience...my whole data addresses disappear......account is not working
e3bcddae-764f-4c9d-9c9f-0d02f673838c,rider,2026-09,2026-09-09T22:55:48+05:30,5,8.123.0,9,"Very good for Gandhidham city, please add it on"
7e3ec2aa-4655-4edd-b1e2-ac467d867750,rider,2026-09,2026-09-10T04:15:03+05:30,5,8.117.0,1,supper
190833d0-ab14-446b-a485-904426ea3b26,rider,2026-09,2026-09-10T08:46:44+05:30,1,8.124.0,20,The driver canceled the ride after approving and wasting 15 minutes and the driver used a temporary helmet for the passengers
6f29ae52-634f-4eb1-8f7e-62b56d0d23de,rider,2026-09,2026-09-10T12:52:34+05:30,4,8.122.0,4,pls increase female capitan
54f186bf-6ac2-48c6-b5a4-ceaee84b2861,rider,2026-09,2026-09-10T13:40:27+05:30,5,8.123.0,3,good job ok
6026af8b-6501-45c5-80bb-6afe370388ed,rider,2026-09,2026-09-10T18:45:14+05:30,5,8.123.0,5,Convenient and v reasonable alternative.
81e9c225-ff26-4685-84da-8bff3e15c35d,rider,2026-09,2026-09-11T10:13:45+05:30,1,8.124.0,45,"if possible i would have given 0, worst app to travel... always charges extra money only , no women's security, only few drivers are good rest make feel so unsafe. should investigate captains then accept.. worst part only ts works near my area so have to compromise..."
90dc8951-b9ec-4ecb-bcec-748a2b4b4d3b,rider,2026-09,2026-09-11T10:33:50+05:30,1,8.124.0,18,"Worst Service ever seen. The rating would be 00 star if provided. Not at all recommended, specially during emergency."
81554c8e-ac3d-48f8-ba2c-46e375ec71b0,rider,2026-09,2026-09-11T10:38:14+05:30,1,,3,very late response
2a6e9069-7a7f-4179-9105-f1be346fe323,rider,2026-09,2026-09-11T13:34:45+05:30,1,8.124.0,6,worst application I have seen ever
619e3500-57f6-4230-96e6-89f748fb45d0,rider,2026-09,2026-09-11T13:44:00+05:30,4,8.124.0,3,Quick and responsive.
e7988c2f-de15-4efd-b743-f1e74ed541ab,rider,2026-09,2026-09-11T19:47:25+05:30,5,8.116.0,7,spread your service all over the world
992d7c47-8d9f-43e0-918e-bf59e42b1bb3,rider,2026-09,2026-09-11T21:51:53+05:30,5,8.124.0,5,too fast arrival of driver
3863adcf-d97d-4bfe-9e9e-196f57f8df79,rider,2026-09,2026-09-11T22:00:24+05:30,1,8.124.0,14,If you have to go nearby for less money then you don't accept it.
666b881a-baf6-4fa7-8d19-e98c5fff65ff,rider,2026-09,2026-09-12T05:20:27+05:30,5,8.119.0,4,good job excellent work 👏
1b51abd4-b78d-40d8-9355-0dd906018c48,rider,2026-09,2026-09-12T13:43:35+05:30,2,8.124.0,4,price is too high
9495bbbe-e051-4838-8799-838d4253eae8,rider,2026-09,2026-09-12T14:17:40+05:30,1,8.124.0,6,too long to confirm pickup location
e9ee035c-8d61-4598-aa47-e899cf819176,rider,2026-09,2026-09-12T14:43:06+05:30,2,8.124.0,5,rate should be down low
5bf8ca8d-8706-404d-9f6f-c5a8c58ba044,rider,2026-09,2026-09-12T15:15:54+05:30,1,8.7.0,30,Worst App To Start your Day if You're Already running Late They will make sure that you'll never get on time and They are Running Campaign for 5 min me cabs
f8d9d8ce-f7a8-4b33-8554-a9b9a51b0e0c,rider,2026-09,2026-09-12T23:23:34+05:30,1,,47,"I am living in a highly crowded area, during light rain, no autorickshaw or cab accepting rides. got the message no one accepted rides among 150 captains. The company doesn't have any policies for such issues. Almost wait for 35 minutes in an area like Pratap Nagar Road Vadodara."
1645ce47-a0c1-483d-b4f0-324f0ac48feb,rider,2026-09,2026-09-13T08:22:25+05:30,5,8.124.0,2,v.good
b6e5437a-9b37-4a54-b007-27aa7ae8daac,rider,2026-09,2026-09-13T10:11:15+05:30,4,8.123.0,9,Need to interact with saved locations and previous rides
2bbef6c1-a07d-4876-a866-a144fd0a0ac1,rider,2026-09,2026-09-13T13:27:09+05:30,5,8.124.0,4,be a good👍💯 man
7b131217-dbc4-4a4a-94c0-0ff1d9e98b3f,rider,2026-09,2026-09-13T13:52:00+05:30,5,8.123.0,25,i achieved 1000 ride but no one can givee me one helmet 🫡🫡i am from Gujarat whtf i achieved 1000 ride but no 1 can give me 1 helmet
fe3ca6b3-3be3-4a31-a0f5-862526d8b39f,rider,2026-09,2026-09-13T16:20:45+05:30,1,,11,driver rides hi accept nhi krte .. offline jane ko khte h
2cd34da5-2438-410f-9d4a-f69e791acd0e,rider,2026-09,2026-09-13T21:35:19+05:30,5,8.124.0,8,super fast service and easy to use app
eb517c7a-f0d7-402c-b4d7-3e394a887735,rider,2026-09,2026-09-14T09:25:48+05:30,1,8.125.0,13,"Rapido Scam my wallet balance 875.00. Don't trust blindly rapido company, team and service."
16412e29-b63a-4c82-849d-f78a2b5ad895,rider,2026-09,2026-09-14T16:20:02+05:30,5,8.124.0,2,very happy
e107c114-f147-4138-b108-b082422fdbf3,rider,2026-09,2026-09-14T16:36:50+05:30,5,8.121.0,2,good ph
59e2702c-f872-49a2-a928-e7632474ed23,rider,2026-09,2026-09-14T20:12:44+05:30,1,8.123.0,7,never get you auto when having emergency
73c76c19-e54d-4a9c-95a9-56d25154b5e8,rider,2026-09,2026-09-14T20:48:44+05:30,1,,42,RAPIDO CAPTAIN IN PATNA BIHAR ALL ARE FRAUD .THEY ASK FOR EXTRA PAY AND THEY DON'T ACCEPT WHILE YOU TRAVEL IN SHORT DISTANCE .I WANT TO TELL RAPIDO TEAM IN PATNA PLS REVIEW THEIR LICENCE AND GIVE PENALTY FOR FRAUD BIKE CAPTAIN .
a6310ba4-446d-4219-bdf1-68cffe58f098,rider,2026-09,2026-09-15T00:37:31+05:30,5,8.125.0,5,khoob Bhalo very very nice
edb030a5-5aa7-4c2d-ad2e-12281e321c8c,rider,2026-09,2026-09-15T09:45:32+05:30,1,8.125.0,15,pathetic app. half of the times there is some or the other error pop ups
2d717d07-3d08-4d68-a83e-27789b346cc0,rider,2026-09,2026-09-15T10:42:43+05:30,1,8.125.0,8,very bad I prefer uber instead of you
611229ee-f433-4315-a69b-809917d46bb3,rider,2026-09,2026-09-15T11:22:42+05:30,5,8.22.0,3,thx u rapido
42da04ca-da95-4f0a-9d2d-1a6e637f1f75,rider,2026-09,2026-09-15T14:53:37+05:30,4,8.125.0,8,cabs are available anytime and affordable prices too
4152d2c3-c7ed-49a7-9ef6-47caacd5aa1c,rider,2026-09,2026-09-15T16:33:24+05:30,5,8.123.0,10,rapido is best option in hyderabad. I feel good services
38045604-1460-45e4-b50c-6c37834caf77,rider,2026-09,2026-09-15T16:49:29+05:30,5,8.124.0,2,good job
ecb6f72f-d7b1-4dc2-8c24-96602ea89912,rider,2026-09,2026-09-15T19:53:10+05:30,5,8.125.0,1,export
f39d604a-53b7-4bbb-b999-b3cdb4fe32fa,rider,2026-09,2026-09-16T07:54:30+05:30,1,8.125.0,22,what's the use of this app when noone accepts the ride or cancels if you don't add 50-70 extra on the shown fare
fac2b6e4-9ccb-4713-9e82-3b9f86a15511,rider,2026-09,2026-09-16T08:57:55+05:30,5,8.123.0,8,ankh band karke bhrosa kro best app hai 👍👍👍💯💯💯
22b80c14-e76f-4ef3-aaa8-cbbee7fed4ec,rider,2026-09,2026-09-16T09:28:03+05:30,2,8.124.0,34,"Most nearby captains reject ride requests, and it takes way too long to get confirmation. Sometimes the fare keeps increasing when checked repeatedly. Captains only accept the ride after you offer a higher fare."
77bcd9c7-b3c4-4327-8737-5d026c3f83ba,rider,2026-09,2026-09-16T09:56:39+05:30,5,8.124.0,3,good Bieber thnkys
99d5a2f2-7eaf-46ef-9e6d-922a00d6ebdb,rider,2026-09,2026-09-16T11:13:54+05:30,5,,17,pls update rapido women captains also it's safety for us ladies thank you your services is incredible 🙏🙂🙂
a2c2b5c8-2517-47a7-a430-e4ad4eb033e6,rider,2026-09,2026-09-16T11:57:49+05:30,5,8.119.0,5,very help full or rapudo
577436ce-33bf-46ca-b3d4-a487231d33e0,rider,2026-09,2026-09-16T11:59:49+05:30,5,8.125.0,41,"क्या इस app से 24hrs कभी भी कहीं से भी बाइक,ऑटो इत्यादि बुक कर सकते हैं? बुकिंग के कितनी देर बार वाहन उपस्थित हो जाता है?"
4b0c8c74-4fd2-4ee3-8d9c-5fda842a25d9,rider,2026-09,2026-09-16T15:12:39+05:30,5,8.124.0,1,supar
8eb4c1b2-7ad3-4f95-a8d0-2b133130d0e6,rider,2026-09,2026-09-16T15:16:22+05:30,1,8.124.0,9,doing parcel delivery not responding customer care worst experience
f72743cb-b17c-4e66-bfc6-e430b32542d6,rider,2026-09,2026-09-16T15:24:51+05:30,1,8.125.0,9,Wantedly letting riders to be far away from me
bc335044-c097-4b0a-84e4-c321b1718f01,rider,2026-09,2026-09-16T15:30:02+05:30,5,8.122.0,4,so use full aap
74d183cd-d428-4182-9978-f993546114b5,rider,2026-09,2026-09-16T16:08:03+05:30,5,8.119.0,2,super sarvice
e50f5b6f-3d2f-405d-be88-1dd1b3424add,rider,2026-09,2026-09-16T19:22:22+05:30,5,8.125.0,7,Cannot Login. Your account is temporarily suspended
eb719a08-cb06-49b0-b271-044af6b60723,rider,2026-09,2026-09-16T20:50:22+05:30,1,8.125.0,35,ekdam faltu rides hai usme bhi sheru khan driver faltu ka mere ko 160 rs rides ka 1000 liya black mailing kar ke kabhi bhi rapido book mat karna iwant to do complaint against Sheru khan driver
df972ba9-12e1-4486-8543-1f08f2385af6,rider,2026-09,2026-09-16T21:17:17+05:30,5,8.125.0,3,best idea app
690ce5df-c839-41b7-86c0-dd0ac94e5a51,rider,2026-09,2026-09-16T22:11:09+05:30,5,8.125.0,2,good job
a49dbe65-7a27-4704-9ff7-8d71accf2093,rider,2026-09,2026-09-17T10:25:20+05:30,5,8.125.0,5,good work and on time
9b2c1090-212e-4cb6-bdb9-985f57eceb55,rider,2026-09,2026-09-17T14:27:07+05:30,1,8.125.0,6,bikar hi rapido sari baikar hi
c94efe44-59b0-4dab-b551-e7487e2f4a97,rider,2026-09,2026-09-17T15:30:19+05:30,1,8.125.0,4,first is not free
5e6e690d-72bf-406c-8ac4-8a5896aef647,rider,2026-09,2026-09-17T17:32:08+05:30,4,8.125.0,4,driver asking extra money
09f25dad-7d43-4d31-8642-a85309664681,rider,2026-09,2026-09-17T21:01:22+05:30,1,8.125.0,88,First of all ride fare is too high in comparison to other apps plus Rapido is encouraging drivers to accept only if additional amount is added on top of that exorbitantly high fare. Moreover drivers accept and cancel rides immediately majority of the times. Sometimes cab moves towards the pickup point after accepting and after reaching the point they cancel which is too much of a waste of time. Not going to use it and will ask friends and family to migrate to other apps. Absolutely useless app.
4fa14572-6fe2-444c-b867-539cacf344ee,rider,2026-09,2026-09-18T14:36:49+05:30,5,8.125.0,5,very polite rider good behaviour
d26b8488-5d45-46af-95f3-63c34c6a4a81,rider,2026-09,2026-09-18T18:29:55+05:30,5,8.124.0,2,Good Driving
69190310-b71b-4aa7-b47d-e7ee0072a650,rider,2026-09,2026-09-18T20:49:26+05:30,5,8.125.0,6,thank you so much this rider 🙏
d10f14c6-4749-4efa-b714-2285349eeb42,rider,2026-09,2026-09-18T22:52:08+05:30,5,8.123.0,2,ভালো
2ee76461-2196-4683-a3a5-bd7a9d8d5df6,rider,2026-09,2026-09-19T10:42:33+05:30,1,8.22.1,24,chor hai rapido company..... public ko bevkoof samjhta hai paise dikhata kuch aur hai end me leta bahot jyada hai... please don't use rapido..!!
fcc28ac8-43d4-4fdd-b9da-548c0b1f6746,rider,2026-09,2026-09-19T14:54:29+05:30,5,8.125.0,27,everything is good but there should be an proper option to complain about the driver cause sometimes they are too rude or they ask for extra fare
0e888baf-763d-42af-936d-1305222cdc09,rider,2026-09,2026-09-19T16:52:45+05:30,1,8.124.0,43,"there is no need to give single star but there is no option for no star, very bad experience ever , every time in emergency I booked ride but got cancelled from rapido team, don't think there is growth for them in this market"
98c1a9a7-4572-47bd-a9ec-862c7dbc915d,rider,2026-09,2026-09-19T17:00:44+05:30,5,8.125.0,3,rejanable tq rapido
072efe2c-994f-4056-bebe-a3934a281667,rider,2026-09,2026-09-19T18:14:25+05:30,1,8.125.0,18,its rapido fraud when booking amount showing 250 after dropping it's come to 300 if asking drivers saying traffic cost
6df595b6-cfcd-491b-8e0c-c4d463f8a06a,rider,2026-09,2026-09-20T17:21:21+05:30,1,,20,very 3rd class and scam app. all the drivers ask for extra money. and rapido doesn't do anything about it
006894e5-c9a5-4832-90d8-6dd853bd3dfa,rider,2026-09,2026-09-20T18:52:14+05:30,3,8.125.0,20,"Some rapido captions do rash driving.You must moniter them, Don't even have safety helmets while driving for driver & passenger."
0f1e2670-3254-46f2-a727-a02c2b327184,rider,2026-09,2026-09-21T08:52:30+05:30,5,8.123.0,2,nice drive
d81ab5d1-6184-4926-ace9-707a526e0f0a,rider,2026-09,2026-09-21T11:18:02+05:30,5,8.124.0,2,lovely guys
e39ede22-019f-4ee0-b8bd-23b9090994c4,rider,2026-09,2026-09-21T12:37:50+05:30,1,8.125.0,48,I have waited for the Rapido bike to arrive for just 1.5 km as it was an exam for me but no one accepted the ride. Worst experience I will never use this app for my life. I put default 14 rupees then raised by 25 made it 39 no one accepted.
97850184-3b12-40d6-a1d9-ff9efd1a365f,rider,2026-09,2026-09-21T16:47:28+05:30,5,8.125.0,2,Help Full
2b6d6e80-1443-43dc-a281-8062d1ddcdcd,rider,2026-09,2026-09-21T22:24:39+05:30,1,,46,"If there is a problem with drivers, the app customer service will just try to save their asses with lame reasons. Worst customer service. Also the ticket booking for metro is very problematic and the booked tickets go missing before using if we book another ticket"
01ae6b61-60e7-4acd-81b5-74bb01b70f13,rider,2026-09,2026-09-22T00:18:52+05:30,4,8.125.0,2,vary good
2f36dc4e-e5c5-4121-bc5c-91b3889f65f3,rider,2026-09,2026-09-22T07:19:29+05:30,5,8.125.0,42,"I had a very good experience with this ride. I felt completely safe throughout the journey, and the captain was punctual and responsible. He reached the drop location within just 1–2 minutes. Overall, it was a smooth, safe, and comfortable ride. Thank you!"
220f8e5e-ccab-4800-8a29-31aca93b3802,rider,2026-09,2026-09-22T09:09:12+05:30,1,8.125.0,35,you can use it to save money but at your own risk because most of the drivers are using vehicles which are different then the registered one on the app. Females should avoid this app.
5b422d20-7c11-44d7-b786-7a62e8fe0b19,rider,2026-09,2026-09-22T16:42:30+05:30,5,8.125.0,3,very fast expecting
e6caf4d7-26fa-4d11-a414-1f3f71d80a15,rider,2026-09,2026-09-22T17:52:47+05:30,5,8.125.0,10,Very Cheap Price on whole play store cab booking app
1b9d8e83-ded6-4393-9e04-d99bf0f07dfd,rider,2026-09,2026-09-22T17:55:07+05:30,4,8.125.0,2,Feasible important
ada9a651-db80-4f02-980b-c1748db84894,rider,2026-09,2026-09-22T22:40:46+05:30,1,8.126.0,39,I will not appreciate this app koi response ni h chat me humara parcel rider ne apne ap cancel krdia pick krne ke baad vi . usme itna mehnga sman h kuch response ni deri rapido helpline shame on u
3dd4ab83-48b6-4ace-b803-e526c8ba0d93,rider,2026-09,2026-09-23T12:52:46+05:30,5,8.124.0,2,good option
09122da2-25c6-4e72-bb9b-b3782c881256,rider,2026-09,2026-09-23T15:56:03+05:30,1,,65,"This is the worst app for booking a cab because no one accepts your trip on time, even if you increase the price. My question to you is this: if you are already showing the price of a cab during booking, why is there an option to increase the price just to get a driver to accept the trip faster? It is a pathetic experience."
ec1eae68-0d78-44e8-84d5-848a907d8d4a,rider,2026-09,2026-09-23T17:38:23+05:30,1,,82,"⭐ 1/5 Very disappointing experience with Rapido in Hyderabad today. The app was buggy, and after the ride was picked up, there was no proper option to contact the rider/captain when I needed to communicate with them. On top of that, there are way too many ads and promotional pop-ups, which makes the app feel cluttered and frustrating to use. A ride-booking app should prioritize a smooth booking and riding experience instead of constantly pushing advertisements. Basic things like reliable communi"
23fd8425-4a50-4e36-9008-982d03e2e3c3,rider,2026-09,2026-09-23T20:53:39+05:30,5,8.118.0,16,tell to customer or passenger for do not smoke in cab this process through your app
3ef13681-3e17-4d19-a242-2ad07e5ad517,rider,2026-09,2026-09-23T22:22:24+05:30,1,8.126.0,8,नाईट सर्विस da bura hall
1bb6793c-7d1a-4292-a077-c15967b6ca54,rider,2026-09,2026-09-24T08:40:39+05:30,1,8.125.0,31,"Never reachable customer care team. There were many instances when we take auto and there is price change or issues, App just routes to automate replies and never connects to agent."
78b7f46a-f87c-4fb3-88a7-4deb604f0d52,rider,2026-09,2026-09-24T08:54:38+05:30,3,8.126.0,48,I used this app for last 2 months and had no issues but now I can see my rating as a customer go down every single day despite having no issues with captains. Don't know if these are actually your captain reviews or this is happening from your end.
493e3978-5594-404d-96f9-fd8fe50b7b83,rider,2026-09,2026-09-24T09:04:46+05:30,5,8.126.0,7,"Very Convenient, Fast Pickup, Easy to book."
6d7d46aa-1c0c-4c88-8052-105c8526ec6f,rider,2026-09,2026-09-24T09:58:52+05:30,5,8.125.0,5,satisfied drive and safe drive
575b2f2e-6bb8-45f0-a260-992bee28f262,rider,2026-09,2026-09-24T12:38:58+05:30,1,8.103.0,54,In Pune although drivers are using rapido app they are overcharging riders with their own meter system. Since all the drives are following the same system riders are left with no option but to accept these exorbitant charges. Request you to look into this matter as these people are charging double the estimated amount.
d6f42d40-0b98-407f-bf12-601e48bf3b73,rider,2026-09,2026-09-24T14:30:02+05:30,1,8.126.0,14,3rd class aap service is very poor and disturbing please don't use this aap
1ef07ffa-d861-4656-be2d-73f5a57842a1,rider,2026-09,2026-09-24T16:23:32+05:30,5,8.124.0,1,sukriya
2bad26e0-5b77-470e-b005-c3f63fe544b3,rider,2026-09,2026-09-24T16:46:24+05:30,5,8.126.0,3,very responsible driver
e8166976-be16-4ffd-a0cf-3228cb8b879b,rider,2026-09,2026-09-24T21:21:50+05:30,1,8.126.0,73,"Very disappointing experience with Rapido. I was charged a cancellation fee even though the ride had not been confirmed/booked yet. How can a customer be charged for cancelling a ride that was never even confirmed in the first place? This feels completely unfair and misleading. The app should clearly explain why such charges are being applied, especially before a booking is confirmed. Very poor experience and definitely something Rapido needs to fix."
4a988897-8d12-445e-b7f8-7261aa1e6bc5,rider,2026-09,2026-09-25T08:09:53+05:30,1,,18,Riders are very rude and they demand extra money. There is no customer support to help the customers
90dc8f9c-ceaf-469f-8197-d178a07f21f8,rider,2026-09,2026-09-25T09:36:18+05:30,1,8.126.0,87,"pathetic service , unethical app I booked 2 rides by this app and experience was not professional to say mildly. First ride was supposed to be free as per initial offer and it was not applied or working. Then had to book at higher than usual fare with tips as prompted by app. second ride - booked office ride for over 21 km. booking happened. ""captain"" assigned but captain started asking for higher rate than what was agreed in app. then asked me to cancel and rated me low. uninstalled app"
112cc771-d9ce-4e0a-a368-223bbd9ecbc8,rider,2026-09,2026-09-25T11:59:30+05:30,1,8.126.0,34,The Rapido Bike ..Some of them use very Dirty Helmets...I got Skin Infection..pls use your own helmets or cancel the ride if the helmet is not clean..better be safe than Sorry
a00e7f5b-8297-4c6f-ba8b-1304e7946215,rider,2026-09,2026-09-25T13:11:45+05:30,5,8.126.0,2,bast sarvice
fb8c8103-8311-4284-9d51-3e729a2b5fca,rider,2026-09,2026-09-25T19:26:22+05:30,5,8.123.0,2,naice bhai
8bc5421d-b48c-4ab6-a9d4-e1c9d609b1ed,rider,2026-09,2026-09-25T20:04:18+05:30,4,8.126.0,5,cab prices aree too much
627019ac-df38-414d-bc71-b1e1593a7bd7,rider,2026-09,2026-09-25T20:29:33+05:30,1,8.126.0,56,"very disappointing experience with rapido ..first of all I reject 3 riders in row registered bike or scooty pe ye log hote he nhi hai ..bike number kuch or hota h or chlata koi or hai such a pathetic thing this is ,agar koi baat ho jaye toh kon zimmedar hoga . please take these matters very seriously"
07eeb701-2456-41d1-8d66-48c41b668bc4,rider,2026-09,2026-09-25T20:40:05+05:30,1,,3,worst experience today
8eb949be-cc5a-4acd-9653-518ebeedcf5a,rider,2026-09,2026-09-26T10:20:34+05:30,5,8.126.0,7,Good way for quick transport in Hyderabad.
8b0b457c-5103-48a4-8855-3c132ee8d7fe,rider,2026-09,2026-09-26T12:56:39+05:30,4,8.125.0,2,nice p
ef39f91a-308b-451b-8c94-aed495ce8753,rider,2026-09,2026-09-26T17:21:55+05:30,1,8.124.0,11,riders do not accept rides. have to wait for almost 1 hours.
9ebbb720-2182-4f23-b25f-c3fc2abfd8e5,rider,2026-09,2026-09-26T19:11:20+05:30,5,8.126.0,8,Easy to go any where. Must use rapido
34104f6e-209c-4f2c-b959-5cb426d4f77b,rider,2026-09,2026-09-27T09:08:53+05:30,1,,52,THERE'S NO HELP!!😂 IN THIS APP TOTAL FRAUD. we didn't take the toll road still the end fare included it. I have been trying for an hour now and there's no help. They're just saying they will connect you to an agent but the agent never calls you. very shameful and unprofessional.
66fe445a-5981-4193-83a6-6d89d2911b3c,rider,2026-09,2026-09-27T09:32:45+05:30,5,8.127.0,2,good response
f9ee1bca-fe14-4ef3-ad12-fbf54b61383e,rider,2026-09,2026-09-27T11:22:30+05:30,5,,10,ந்நுண்வ்ற்ம்ஞ்ச்ன்ள்
f389206d-e968-43ad-9bce-d48c33d590f9,rider,2026-09,2026-09-27T12:18:12+05:30,4,8.126.0,15,Fare are little bit on higher side but overall customer care and service is good.
9410b179-2b94-4ae5-9a30-4863e4525d57,rider,2026-09,2026-09-27T14:07:03+05:30,2,8.120.0,17,please review captains before registering as they cancel.rides n force us to cancel leading to harassment
bd706577-ec69-47ce-b770-21a057fdb9d6,rider,2026-09,2026-09-27T22:10:24+05:30,5,8.126.0,2,good behaviour
9b93a60e-12db-4bc0-afe3-e9e5759f50e0,rider,2026-09,2026-09-28T09:10:32+05:30,3,8.127.0,30,"while starting for 2km only 25 to 35 rs charges but now 50 to 60 rs which is double the charge and I started using daily it cost like this, which is totally unfair."
3fcded32-4ebf-4dd8-9df7-bd43899aca06,rider,2026-09,2026-09-28T17:27:39+05:30,1,8.127.0,86,"yesterday (ride from airport), after riding for 18min driver has suddenly marked the ride as completed mentioning that this is your drop location, which was around 40km. so as per him he had dropped me 38.6km (to be precise) in just 18 min while the airport building was clearly visible. and had to pay 920 for ride which was shown as 658 and driver was behaves as goon and had take another ride. haven't received any response post email also. service sucks. would not recommend rapido for late night"
024b5503-c7a7-4bff-bffa-3a0ff6be2908,rider,2026-09,2026-09-28T17:59:02+05:30,1,8.126.0,6,no offers and delay for confirmation
0b76ea8d-5648-4ee9-9f20-b010078e8142,rider,2026-09,2026-09-28T18:06:21+05:30,5,,6,gaurav saini tarbiyatpur janubi bagwala meerut
560119b5-3ac3-430f-a409-879210342244,rider,2026-09,2026-09-28T18:25:36+05:30,5,8.124.0,3,easy to use
792447da-7b3f-4b54-a3d3-a6cb8d564841,rider,2026-09,2026-09-29T06:20:20+05:30,2,8.123.0,1,okk
1d3e6985-a4a2-4b75-80fc-9109073de896,rider,2026-09,2026-09-29T08:42:20+05:30,5,8.126.0,7,very useful this app for local trading
15f69938-30e8-4662-8023-618a7f433268,rider,2026-09,2026-09-29T14:46:01+05:30,5,8.127.0,1,supar
3e611ee0-8f84-44f3-b9eb-aea22c4f4307,rider,2026-09,2026-09-29T21:35:00+05:30,5,8.126.0,14,मै rapido की सवारी करके बहुत अच्छा महसूस करता हूं
4790002e-0db7-4d94-a97f-ec2b8ff27529,rider,2026-09,2026-09-29T22:56:38+05:30,1,8.127.0,2,fake discount
aa59323d-a4d7-4877-be85-8fe34b513819,rider,2026-09,2026-09-30T00:00:14+05:30,5,8.127.0,25,why my account is temperirily suspended. H ere in mumbai BSNL is not working. so i changed my phone number. But not able to login
36a5f573-6cf6-4f9f-9af5-c9b4f830c086,rider,2026-09,2026-09-30T00:22:40+05:30,4,8.127.0,8,aapne sudhar kiya isliye rating change ki h
4424244a-82f8-413e-b878-5424a0858034,rider,2026-09,2026-09-30T10:02:26+05:30,1,8.127.0,104,maine percel kiya tha apni roomates ko key but na key delivered hua na ab ye call receive kr rhe h 7 bje se continue call msg email kr rhi hu na ya reply de rhe h na msg back kr rhe h unki wazah se mai kb se room ke bahar hu delivery boy ko exact location batao + roommate ka number otp sb diya and usne key delivered nhi ki or na koi response kr rha h na call msg aur na hi sms ka itni kharab coustomer service h ki ye 1 start bhi deserve nhi krte h meri key mujhe do kaise bhi 😡😡😡😡😡😡😡😡😡
89ef462b-cf6f-4edd-86c3-e66780080966,rider,2026-09,2026-09-30T16:23:47+05:30,1,8.116.0,10,one of the worst app in terms of customer service
64daa4ab-65b4-490f-b7eb-9d5f489184c0,rider,2026-09,2026-09-30T16:37:13+05:30,1,,25,plz don't use rapido their is no safety rapido is so untrust app discarded their is no woman saftydrivee are harrsing women don't use plz
4007a946-08fd-466b-aaab-62823ffd123b,rider,2026-09,2026-09-30T17:45:18+05:30,5,8.126.0,2,Aachhi service
583b31f6-d376-436b-baed-b9b7c0579698,rider,2026-09,2026-09-30T18:50:51+05:30,5,8.127.0,9,a great comute for quick travel in the city
68ab05ad-2d96-45dd-8fa9-cd6d323eaa59,rider,2026-09,2026-09-30T20:00:46+05:30,1,8.125.0,69,repido walo ko kya kahu itne dogle log ke ki puchho mat... book karte karte aap thak jaoge pr ye booking nhi lete or jaise hi aap paise add kro fir itni jaldi booking lete he puchho mat.. kabhi kabhi ye log booking le lete he or location tak aake jab inko us se jada paisa ki ride mil jati he to aap ki ride cancel kar dete he
cc35aaa1-b5a0-4c56-9af3-ecd0fab8695d,rider,2026-09,2026-09-30T21:19:56+05:30,5,8.126.0,2,save Drive
644c817b-b017-4c6a-b554-cc37906727f9,rider,2026-09,2026-09-30T22:30:35+05:30,5,8.126.0,4,awesome driver Gaurav Kumar
e14896ff-66b8-4c41-99aa-83d981d3a361,rider,2026-10,2026-10-01T00:11:11+05:30,5,8.125.0,1,Sunil.
9148596f-5022-41df-b32b-dc343dcfeebc,rider,2026-10,2026-10-01T00:14:18+05:30,5,8.127.0,8,Cool app. extremely easy navigation of the app.
2ae96358-752f-4e07-95ed-2f90bee2ea49,rider,2026-10,2026-10-01T00:57:21+05:30,1,8.127.0,27,one of the worst services your delivery agent took away our parcel and did not answer the calls and there is no proper support from rapido end.
09f8740d-90f9-4e33-8119-d44c8d698c38,rider,2026-10,2026-10-01T01:40:50+05:30,5,,82,on Ride a person's safety changes depending on whether he wears helmet or not today I booked a ride for my mother when i show tr he helmet it was bad really bad not even full face or half face but a bowl shape helmet I told my mother to wear the helmet until i show it and told the rider to carry a full face helmet but he asked me if there was any police officer on the way or not.
37b8459b-417e-490d-acda-e80a1914f5b5,rider,2026-10,2026-10-01T01:59:53+05:30,3,8.127.0,2,ober charges
87d1d58c-c325-4692-a019-7ef86ef6d4a9,rider,2026-10,2026-10-01T06:23:52+05:30,5,8.127.0,20,It is good for the person to travel from one place to other place with low cost and with safety
f85be88b-eadf-4863-9e98-da18753eba1b,rider,2026-10,2026-10-01T07:27:53+05:30,5,8.127.0,12,super rapido I love to travel this days with only in rapido
bef74512-0563-4f87-874a-feef786904d8,rider,2026-10,2026-10-01T08:17:53+05:30,4,8.112.0,27,in normal days your service is good but if it is raining we don't get any rapido erickshaw even for short distances please look into the matter
586807e2-2904-4527-b1a8-31d56479b196,rider,2026-10,2026-10-01T08:24:06+05:30,5,8.125.0,2,maind blowing
534e5984-af32-4c42-9725-3ead2e5f07e4,rider,2026-10,2026-10-01T08:50:59+05:30,1,,15,mujhe freeride mila tha fhir bhi rapido ne paise liye ye app use mat karo
b0663173-f24a-4dd6-8ed9-5d232d415d49,rider,2026-10,2026-10-01T09:11:24+05:30,1,8.127.0,4,dirty un clean cabs
a2071e05-0513-4fa6-947f-ecb9c4775633,rider,2026-10,2026-10-01T09:18:23+05:30,5,8.126.0,11,"Safe, fast, and reliable rides every time. Ready to serve you!"
1070ba3f-313e-4ec9-aa88-2ab427c12c1f,rider,2026-10,2026-10-01T09:43:23+05:30,5,8.125.0,2,awesome Driver
0d569bd6-af9c-485a-9732-285e89e0eef5,rider,2026-10,2026-10-01T09:51:09+05:30,1,8.124.0,40,we usually book cabs for some sort of emergency and mostly in emergency no cabs are available and till now I haven't got an pink scooty or the bike ride by women u don't know what service they are giving
ddbf52bb-6270-4283-9674-c6dfe768477e,rider,2026-10,2026-10-01T09:52:59+05:30,5,8.126.0,11,Very Good Experience. Timely and Safely Reached the office. Thank you.
c08a5c21-3723-4449-a9e0-238403add32b,rider,2026-10,2026-10-01T10:12:32+05:30,1,8.127.0,6,riders demanding more money as mentioned
41f6087c-e936-468c-81e8-3520a5e95bdd,rider,2026-10,2026-10-01T10:25:35+05:30,5,8.126.0,4,Thanks again for ride
935cd7a4-d9f1-45da-a6d7-fe875ae18856,rider,2026-10,2026-10-01T10:35:42+05:30,5,8.126.0,6,Very good service at Belgaum city.
f36b787a-dfe4-40f6-89ee-48c9e123d3b3,rider,2026-10,2026-10-01T10:36:17+05:30,1,8.127.0,6,It company do not care customers
bc28bfeb-c68f-4b6c-8b1f-345041ace084,rider,2026-10,2026-10-01T10:39:06+05:30,5,8.127.0,3,Generally late pickup
e3969716-bdd3-4d11-b969-fa17141c01ad,rider,2026-10,2026-10-01T11:47:19+05:30,2,8.123.0,25,"The help center, they don't response quick don't connect you to the agent on time no response even if u need any help that time"
9dcac721-2ca5-4ae5-9836-7424cc9e2642,rider,2026-10,2026-10-01T11:53:48+05:30,1,8.127.0,11,worst app ever seen doesn't seems to gain a star also
9320677c-def9-4508-99a8-750a9415c685,rider,2026-10,2026-10-01T12:01:30+05:30,5,8.127.0,24,സൂപ്പർ സൂപ്പർ സൂപ്പർ വളരെ നല്ല ഒരു മഞ്ഞ കളറിൽ ഉള്ള സാധനം കൊള്ളാം
f6feaf1d-3c43-44e4-be02-089f34980239,rider,2026-10,2026-10-01T12:17:39+05:30,5,8.124.0,1,well 👍
57d60eb8-7e48-4c0b-9be5-6798286f5353,rider,2026-10,2026-10-01T12:35:24+05:30,5,8.125.0,10,डेली उसे के लिए बहुत बढ़िया
e4b8f6c9-bd7b-4abc-8fd0-5da973fdef7c,rider,2026-10,2026-10-01T12:51:52+05:30,5,8.127.0,63,"I always choose Rapido. Its scooter captains include studying doctors, engineers, and other students, and another scooter captain told me that he has been working full-time for seven years and is very happy. Riding a scooter or auto feels safe, comfortable, and respectful. I prefer Rapido because many captains are hopeful people. It supports them, and I respect the company for that."
fac03542-e4bc-468e-9653-047a16237150,rider,2026-10,2026-10-01T13:21:18+05:30,5,8.125.0,2,good rider
b52dc9ab-6dd9-4366-9cba-41ff8a84c719,rider,2026-10,2026-10-01T13:26:51+05:30,1,8.127.0,37,"no customer care was available at the time of need, The rider asked for 10 extra rupees and I am trying to connect with customer care, but I have to only wait and then pay the extra amount."
97a631ea-5209-4ff1-a938-7aca5b977506,rider,2026-10,2026-10-01T13:32:05+05:30,5,8.126.0,2,excellent performance
6eabebe1-4a05-48a8-a0f9-514e478acbad,rider,2026-10,2026-10-01T13:52:07+05:30,5,8.127.0,8,mostly got well mannered captains who drove safely
50c2f440-af12-4c87-9ee6-892d859433aa,rider,2026-10,2026-10-01T13:56:10+05:30,1,8.125.0,16,TOTALLY WORST... ONE OF THE WORST APP IN HISTORY. RAPIDO IS WASTE OF TIME.. DON'T INSTALL🤮🤮
470b8056-feb9-48af-a5a0-20aa42f79288,rider,2026-10,2026-10-01T14:15:52+05:30,1,,31,"Most of there bike riders demand extra cash after the halfway of ride rapido is getting worse day by day in bhopal, you really need to look in to this matter"
ccacdfe3-40f0-403e-8ee4-4b8ea7421dd3,rider,2026-10,2026-10-01T15:32:55+05:30,3,8.126.0,20,captains are not accepting the ride it take 40 mins that day to me to accept ride plz accept ride fast
ef0e3ff3-4069-4720-aa92-c617aa287e9f,rider,2026-10,2026-10-01T16:04:19+05:30,1,8.126.0,40,The rider always asks for extra money and also Quick timer on those arguments to extra money timer time end so you can charge the cancellation fee. deduct my cancellation fee all time. extremely disappointing application. time and money wasting.
aa950646-f415-4b1c-b611-9f78b4406e7c,rider,2026-10,2026-10-01T16:08:22+05:30,5,,4,bahut badiya aap hi
16d58191-a2a1-49a3-b0ff-97f0716bfc4c,rider,2026-10,2026-10-01T16:13:40+05:30,5,8.127.0,17,when any captain try to call us when not connecting . this is the glitch of this app.
7f4c7864-3bf2-4140-abbb-43fb59dc06a6,rider,2026-10,2026-10-01T16:45:13+05:30,5,8.126.0,3,i feel happy
a1b06a80-7d83-4a39-add3-1af9c21ebc2f,rider,2026-10,2026-10-01T17:17:30+05:30,1,8.127.0,22,really fake and disgusting service all the captain are rude and greedy har captain extra payment kehta hai don't ride on rapido 😡
34832b89-f4ca-4e63-a03c-1bb8b5668db7,rider,2026-10,2026-10-01T17:51:04+05:30,3,8.127.0,7,price ta aktu kom korle subidha hoy
974c22d2-7f6e-4fd1-8f69-94abd3f0eb6a,rider,2026-10,2026-10-01T18:05:01+05:30,5,8.123.0,6,"😊no words, useful to save time."
4f8bec55-850d-4846-8423-61a088a4617f,rider,2026-10,2026-10-01T18:21:05+05:30,5,8.117.0,49,"The best app for booking rides even in small cities of India. I was using OLA earlier but due to poor services of OLA, I shifted to Rapido and had no issues till date. However, improvements are required to be made in app for location accuracy and ride booking."
b0ff41cf-8d92-4f81-a33e-04d13dd0d3c1,rider,2026-10,2026-10-01T18:27:09+05:30,5,8.126.0,5,high charges buy good app
57c3871d-bb40-4d7b-8cbe-5638efc0bf23,rider,2026-10,2026-10-01T18:46:29+05:30,1,8.127.0,31,"there is no customer support number to complain captains are fraud, double charged me forcefully help is a bot that does nothing just says "" we will connect you to an agent"""
1b9988c7-3715-4d60-9cb4-e07a7bffbbdf,rider,2026-10,2026-10-01T19:05:24+05:30,1,8.127.0,14,Riders accept the ride than after cancelled the ride time waste just uninstalled it 👎
ddf1002d-4ac8-4932-9181-78c7ed8cea7c,rider,2026-10,2026-10-01T19:21:48+05:30,5,8.127.0,7,The best of India...The real cabs
69a49e76-33b0-4dfb-af0a-4fd7ec7306a8,rider,2026-10,2026-10-01T19:51:05+05:30,1,8.128.0,15,PICKUP LOCATION IS CHANGING AUTOMATICALLY AFTER BOOKING WHICH IS CAUSING VERY DELAY IN MY TRAVEL.
4db41ff4-6311-4a6f-961e-e5e34c731cf3,rider,2026-10,2026-10-01T19:51:28+05:30,3,8.127.0,10,service is best. but price are higher than other app
77aecdba-aa33-4e92-9706-68a93e667bab,rider,2026-10,2026-10-01T20:06:26+05:30,5,8.126.0,9,nice drive excellent customer service good behave good serives
2e5a9b30-c71d-41b4-8d94-4127e9ac1734,rider,2026-10,2026-10-01T20:32:08+05:30,5,8.127.0,2,Excellent Drive
b8863b6e-23f9-46f4-8f50-9c821f3f79bd,rider,2026-10,2026-10-01T20:45:43+05:30,1,8.127.0,19,"My account has been temporarily suspended without any reason, I have redeemed it several times, what should I do?"
3a68e7bb-f230-40f6-a247-bdb0a963c44d,rider,2026-10,2026-10-01T20:56:16+05:30,4,8.126.0,1,improve
fc2ebc31-55ab-4861-aec3-ed3fda6692f1,rider,2026-10,2026-10-01T21:05:28+05:30,1,8.127.0,5,unwanted fee taken for canceling
bd2e714d-dd48-4d5d-8915-6f6830f30b47,rider,2026-10,2026-10-01T21:24:18+05:30,3,8.128.0,81,"experience is good so far .... but in the middle some of the drivers didn't behaved that very well..... they were like , (I don't give any damn to this rapido service to my passengers). I mean Seriously.... I am talking this about some drivers in Patna(Bihar), some of them don't even know how to talk to their passengers whom they are carrying to their destination.... Rest everything is ok.. would request the,- Rapido Management to scrutinize the ( Captain-Passenger) Coordination kindly."
528f16f5-0d14-40b5-91be-03663d752f3b,rider,2026-10,2026-10-01T21:37:08+05:30,1,8.127.0,28,pathic service 1 saal se app use karta hoon Roz ka natak 5 mint bol ke 20 mint banda nahi nahi aata pluse sum times log bote ride cancel kar do
8f659a8f-07db-44f7-92c8-58b0c0998bdd,rider,2026-10,2026-10-01T21:40:51+05:30,5,8.102.1,58,"If you mean “Rapido experience” as a paragraph for school/English writing, I can write one for you. If you mean actual customer experiences with Rapido, recent reviews are mixed: many users mention quick/affordable rides, while some report fare changes, cancellations, or customer-support problems. Which one do you mean—school paragraph or real Rapido experience/reviews"
0c5791c3-764e-49cd-8125-b10b5bf57c88,rider,2026-10,2026-10-01T21:58:34+05:30,5,8.120.0,1,exellent
70d4765c-e218-40ca-a2fd-432aad500515,rider,2026-10,2026-10-01T22:56:12+05:30,5,8.128.0,34,"Rapido bikeride of 34 km from Kandivali to MMCT was excellent. Captain came in time, helped me to carry my bag, drove the bike speedy but safely. Sanjay Varang was very genius. Jay Shree Krishna"
927bde52-f778-4981-9b11-e9f666953694,rider,2026-10,2026-10-02T00:27:02+05:30,5,8.127.0,12,"It is the best app, making our journey comfortable, easy, and safe."
d013412f-f82e-4d4c-b71c-806fe4127395,rider,2026-10,2026-10-02T00:46:23+05:30,5,8.125.0,4,fast service good job
fd424334-d78d-4ad0-b76a-379607ffd9a6,rider,2026-10,2026-10-02T01:13:08+05:30,5,8.126.0,5,very nice ride good job
1c78a738-f720-4364-b1aa-47ca34eb6ebb,rider,2026-10,2026-10-02T03:10:37+05:30,5,8.127.0,1,thenks
cf0bbca6-2958-418a-baa7-5cb0f16d01dc,rider,2026-10,2026-10-02T05:57:01+05:30,1,8.127.0,51,😡😡😡😡😡😡😡😡😡i deleted my account coz some reason but I'm trying to get it back but they telling v have already generate a ticket on this number from 1 week so if u have u can use properly but now I'm going consumer court right now if they still didn't respond to me
361ce29e-13cb-48c6-aa81-c3eb7222e676,rider,2026-10,2026-10-02T08:04:50+05:30,5,8.126.0,2,సూపర్
fdf92c2f-7a55-40c2-a228-e65914a71977,rider,2026-10,2026-10-02T08:43:29+05:30,5,8.127.0,1,safe
132586ff-0846-47b5-b1c0-562db5b44895,rider,2026-10,2026-10-02T08:51:22+05:30,1,8.126.0,10,all time drivers cancel rides and never come on time
737ec66c-8b52-4ab7-bcc0-72ed237275f3,rider,2026-10,2026-10-02T09:35:38+05:30,3,8.127.0,63,"you guys need to make a feature that allows the captain to start the timer only and only when they have arrived 20-30 meters of the pick up location. it has happened multiple times that the captain has not arrived at the location and has started the timer of ""I am here"" and they say it starts automatically, which i know is not correct."
098b0e1c-03d4-43f2-85bf-3aa7cc35510f,rider,2026-10,2026-10-02T10:22:15+05:30,1,,26,"Worst app. Run misleading ads which scream Free Ride, Free Ride but in reality just vive a small discount to it should be banned and penalized!!!."
bdfe6357-ab21-411c-a8e8-20bd0d0197a9,rider,2026-10,2026-10-02T11:30:05+05:30,5,8.127.0,14,helpful..all the way in this labyrinth.. especially for the senior citizen like me
d7e7e1c0-4ab5-400d-971f-694d024f5003,rider,2026-10,2026-10-02T11:35:27+05:30,5,8.126.0,9,very good service pune me chalu karo jaldi hi
48c238a7-67a8-4c87-9be2-5b07f6605fdc,rider,2026-10,2026-10-02T11:47:48+05:30,5,8.127.0,4,bekar kepten batmi h
400279e8-41e4-4279-8e3a-a4a70352a55b,rider,2026-10,2026-10-02T11:56:14+05:30,5,8.128.0,9,add food delivery option from restaurant with delivery charges
f9b2a102-2a34-4ad7-b141-9485e9a576fb,rider,2026-10,2026-10-02T12:22:50+05:30,5,8.127.0,3,Mom Dad dhokesa
0edaabb5-70ce-4de9-bfd2-92f5d463b081,rider,2026-10,2026-10-02T12:45:20+05:30,1,8.127.0,17,Chargers are too high for 1 Km distance and takes too much long time to confirm the ride.
7a5595b1-c945-4001-897a-7d12d13384b9,rider,2026-10,2026-10-02T12:48:37+05:30,4,8.127.0,10,"always problem in map , pickup and drop location always wrong"
adeb7b16-8bac-460d-b0c9-77ddd1fb779a,rider,2026-10,2026-10-02T13:15:47+05:30,4,8.125.0,4,nice but to expensive 😁
ddd70c53-9138-4e3c-94cd-c6e6962ac8ae,rider,2026-10,2026-10-02T13:15:52+05:30,5,8.125.0,8,bhachau city good work and always on rapido
bcb85a76-2fae-4ff5-9479-e75d17e1276c,rider,2026-10,2026-10-02T13:25:27+05:30,1,,26,worst app ever showing wrong location wrong service person worst all ever every time whenever I used to use this app in emergency same problem everytime
903c1543-2729-419d-ab4d-d6050e305a72,rider,2026-10,2026-10-02T13:38:37+05:30,5,8.122.0,2,best rider
759bf423-6a85-40bf-bc1b-9be9ae3a0ac7,rider,2026-10,2026-10-02T13:41:52+05:30,2,8.126.0,2,total fraud
f4e2d2ab-5eb2-4fba-bb80-be418ae2709a,rider,2026-10,2026-10-02T15:39:30+05:30,4,8.127.0,4,prices little bit high
653e1413-3db9-4217-8b5f-90c62344b3d9,rider,2026-10,2026-10-02T15:40:01+05:30,5,8.127.0,5,Turn scrolling into smart learning
d9aca7ad-eba4-40bc-93e8-d24795a00c4e,rider,2026-10,2026-10-02T15:58:03+05:30,1,8.127.0,6,irritated captains due to your company
b2881600-534c-4532-a82e-5ca0649acaf7,rider,2026-10,2026-10-02T16:13:29+05:30,4,8.127.0,2,not happy
5b21b97b-e070-4d44-b5d8-5b62a098387a,rider,2026-10,2026-10-02T17:09:21+05:30,1,8.15.0,12,not my problem solved in this app and not answer rapido company
c09aa3a4-cfec-4e07-ac6f-e74fc66ec990,rider,2026-10,2026-10-02T17:27:27+05:30,2,8.127.0,9,Radam Notification distrub and no option to off notifications
3d9610c9-02c8-42be-b1aa-4e000a8c93fb,rider,2026-10,2026-10-02T17:33:39+05:30,5,8.127.0,9,"Very much affordable, Nice Captain, Very cordial, Nice Gesture. 😀😀😀"
6fcbbbd7-ceb3-49e5-9b1a-550ace8968b9,rider,2026-10,2026-10-02T17:38:01+05:30,5,8.127.0,76,"Hello Rapido Team, My account is showing “Your account is temporarily suspended,” and I am unable to access or use the app. I believe this may have happened by mistake. I kindly request you to review my account and help me resolve this issue as soon as possible. Please let me know the reason for the suspension and what steps I need to take to reactivate my account. I would really appreciate your support. Thank you,"
7f1652d7-a6b5-4e5c-bd3d-dcb155fd028e,rider,2026-10,2026-10-02T17:59:22+05:30,5,8.127.0,12,It was a great experience though it's my first time using Rapido.
1c47423b-19e8-4d6d-b2bf-b2f0dfb4e92a,rider,2026-10,2026-10-02T18:30:56+05:30,5,8.124.0,22,bahut hi acha app hei is app ki help se kahi bhi ana jana hamare liye bahut ho ashan ho gaya hei
d5e72241-0f39-42ad-9a4b-4eec77284fa7,rider,2026-10,2026-10-02T19:04:40+05:30,5,8.127.0,8,kavi kavi 200 he last me 230 ku hat he
f0b5bb59-6449-4019-936b-081dd9d2b5cf,rider,2026-10,2026-10-02T19:29:21+05:30,1,8.127.0,8,mere number se id suspended ki gayi hai
02bd7d8f-5fc3-4f04-9aa5-3cafa2d2d782,rider,2026-10,2026-10-02T19:41:18+05:30,5,8.127.0,4,very save to use
c99838ba-6686-4b84-8c77-fca26000ab30,rider,2026-10,2026-10-02T20:21:17+05:30,5,8.127.0,5,very good alhamdulila very usefull
518d2487-3d3a-4b76-ae1d-c2eae9db24a9,rider,2026-10,2026-10-02T20:39:32+05:30,1,,2,Download problem
7134e36f-47be-4a33-9f6d-a57d6cffbd3f,rider,2026-10,2026-10-02T20:56:53+05:30,5,8.123.0,3,very nice ride
202a39c0-20a4-49bd-8f3f-e54cf6150a2b,rider,2026-10,2026-10-02T21:00:10+05:30,1,8.127.0,11,my account is suspended I reported many times but no response
e060e0d6-06ca-4158-b8f2-878324e26c6d,rider,2026-10,2026-10-02T21:38:06+05:30,3,8.127.0,44,I Have used rapido just a few times but today I kept a another location and the rider got another location and app have few bugs and it lag so much and this is why I don't trust these service apps 😒 not good experience
7f56dfde-0ecd-4220-a6f7-e5723eebc53e,rider,2026-10,2026-10-02T22:02:31+05:30,5,8.127.0,6,best apps for travel in City
0a3eca76-717e-4399-b3a3-49bd85902496,rider,2026-10,2026-10-02T22:32:50+05:30,5,8.127.0,11,Better than uber but most of driver aske extra money why?
c0998bb2-e57b-4cd2-9753-37035d61604d,rider,2026-10,2026-10-02T22:53:52+05:30,5,8.126.0,9,felt very safe and comfortable 😊 had the best experience ❤️
966f2407-9de2-41bf-9c78-a0c068fcf299,rider,2026-10,2026-10-03T01:41:32+05:30,5,8.127.0,2,good ride
442a525b-1479-4103-a85f-70e68c38bb2c,rider,2026-10,2026-10-03T02:02:09+05:30,1,8.127.0,8,poor quality expired biryani don't buy any food
116c69f3-0bd9-46bd-bd9f-a5b346846409,rider,2026-10,2026-10-03T02:13:12+05:30,5,8.127.0,1,exilent
7f2d7842-fbd7-410a-ba41-7a0ce4057e75,rider,2026-10,2026-10-03T05:21:57+05:30,5,8.123.0,5,i have a good ride
0c3ec882-281e-4fba-aaa6-92762708c524,rider,2026-10,2026-10-03T07:51:18+05:30,5,8.127.0,3,Good person helpful
b3e70e13-c0c2-4f6e-ba0d-ac163d6b10ee,rider,2026-10,2026-10-03T08:40:46+05:30,1,8.125.0,88,"No safety, no insurance of rider and pillion, An accident at FNG pass, near janta flt Noida, in an accident a card hit rapido bike and rider and pillion lady got badly injured, lady is in comma, family of the lady trying to contact Rapido for insurance but, they are not coming up, they are trying to run away from the liability. pillion's condition is very serious, she's in comma at kailash hospital sec 71 noida, but Rapido playing Foul to all users, Ensure your Safety, #Rapido chor hai#"
da4ff8c7-bcf7-4c41-a06e-ff774f5efd20,rider,2026-10,2026-10-03T10:40:18+05:30,5,8.125.0,15,bhut sahi hai rapido ride kam time pr apne location m pahuch jao very nice ✅✅
7d6679da-6dc4-4f62-8fe2-ce04ba77a93b,rider,2026-10,2026-10-03T10:42:34+05:30,1,,5,taking on the wrong location
2609401a-e468-4379-915d-f9624345e2c5,rider,2026-10,2026-10-03T10:59:53+05:30,1,8.128.0,58,"Very disappointing experience with Rapido. I booked a auto for around ₹125, but after reaching the destination, the driver demanded ₹190. I raised the issue, but there is no proper response from anyone. If Rapido cannot control drivers demanding extra money and cannot provide timely customer support, then what is the point of using the app? Extremely poor experience. Rapido....."
12373249-f4b4-4f5e-9a06-34a7be096975,rider,2026-10,2026-10-03T11:01:20+05:30,1,8.126.0,13,too many bug in this app.the app automatically book auto for me
f483538b-8687-4095-ad59-46a09f9f9b17,rider,2026-10,2026-10-03T11:26:07+05:30,5,8.127.0,3,helpful and comfortable
a5d92831-5769-44fb-8bc5-0cf7ea252917,rider,2026-10,2026-10-03T11:50:50+05:30,1,8.117.0,84,"Why Temporarily Suspended My Account?I Am Not A Rider,I am Paying The Amount ToThe Riders,So That I Asked Them To Bring,All Riders Refused So That Cancelled, Because I Should Not Get Loss That's Why I Cancelled& Searching For Riders Who Will Bring Whatever I Say,Is It Crime?Nothing Loss For U,Loss Is For Me,I Opened Ur App For An Hour In Searching To Earned Money With My Data Too,But Suspended Me,This Is Crime&Not Fair"
1286b9e3-5c98-4ab7-a534-f47f6b4037d7,rider,2026-10,2026-10-03T12:27:06+05:30,5,8.125.0,5,easier faster and smoother experience
90b8e06c-05bb-430d-af97-68836b88121a,rider,2026-10,2026-10-03T13:14:16+05:30,3,8.127.0,10,Some time Bill not accurate as we pay to caption
eac44b92-1515-41dd-934c-25723218ef09,rider,2026-10,2026-10-03T13:24:11+05:30,5,8.127.0,1,save
553f5185-54fb-49ec-96e4-279f68eec76c,rider,2026-10,2026-10-03T13:26:09+05:30,1,8.127.0,34,very bad experience... booking ki 139 me.. bad me demand krte h 164 ki .. mere sath 2 3 bar aisa hua h .. driver jankar long distance se laate h or fare bdhate h .. or unprofessional baat krte h
1b6bdc8e-09cc-4cc7-921c-1f92496499c5,rider,2026-10,2026-10-03T14:33:19+05:30,5,8.123.0,17,the driver was excellent operator of bike. I felt where is safe ready with him. thanks rapido 😁
c5382b23-dafa-47f7-abba-33d84868f685,rider,2026-10,2026-10-03T14:45:24+05:30,1,8.127.0,33,pathetic customer service. Running scams in the name of power pass and whatever pass and when asked for a refund they have act as if they have no records of the transaction itself.
f298a23d-6225-4fc9-81f2-8c335995a764,rider,2026-10,2026-10-03T15:06:35+05:30,1,8.127.0,17,the UPI QR or UPI phone number should be visible to make the payments (when via cash)
431463f6-3dab-4824-8ef1-244d14ba7931,rider,2026-10,2026-10-03T15:06:50+05:30,1,8.127.0,11,The cost of trips is higher as compared to other apps
26e6690d-323b-46e1-a80e-8a45015473b6,rider,2026-10,2026-10-03T15:21:40+05:30,5,8.127.0,3,affordable and safe
37875d22-ec7a-4a18-a413-9d08ebed522a,rider,2026-10,2026-10-03T16:34:00+05:30,5,8.126.0,37,"a very good app p , provide a ride in very very budget friendly and responsible drivers for you and also used to remember your safety whatever and all full of heart this is a very good app"
ebdb6a8a-00c0-4750-b00b-087c64b89942,rider,2026-10,2026-10-03T17:01:29+05:30,4,8.126.0,9,Travel is now easier and reasonable price of ride.
266c3c12-e6f8-4b24-9aad-f7886db02657,rider,2026-10,2026-10-03T18:05:05+05:30,1,,167,"Uber Driver की यह aap ड्राइवरों की समस्याओं को गंभीरता से नहीं लेती। ड्राइवरों को किसी समस्या में उचित सहायता और समाधान नहीं मिलता। एजेंट से बात करने के बाद भी संतोषजनक सपोर्ट नहीं मिलता। ड्राइवर कंपनी के लिए मेहनत करते हैं, लेकिन जरूरत पड़ने पर उनकी समस्याओं को सुनने और हल करने वाला उचित सपोर्ट सिस्टम नहीं है। मैं इस aap को 0 की रेटिंग देना चाहता हूँ। मेरे अनुभव में यह बहुत खराब और बेकार ड्राइवर सपोर्ट वाली एप्लिकेशन है Uber को ड्राइवरों की समस्याएं सन्नी चाहिए कस्टमर केयर में सुधार करना चाहिए"
92509164-5b25-4ee3-9ed1-b01e23e0d223,rider,2026-10,2026-10-03T18:06:41+05:30,5,8.127.0,16,rapido mein bahut sare log light cancel kar dete Hain rapido ki jagah ola use karo
d2c2af9a-e26e-4dae-a97d-d5513e4819a4,rider,2026-10,2026-10-03T18:30:51+05:30,1,8.120.0,4,not showing available location
cde69522-e132-4817-9dd6-deef09322639,rider,2026-10,2026-10-03T18:42:56+05:30,3,8.127.0,4,bettet. than other service
3abdb2cf-d6e3-4b1e-a672-5613b3d68659,rider,2026-10,2026-10-03T19:35:22+05:30,3,8.127.0,5,driver ask for extra amt
6128e948-8858-4b13-ae11-74b46e0c5164,rider,2026-10,2026-10-03T19:37:35+05:30,1,8.125.0,25,"rapido parcel rider cheated, he didn't deliver my parcel and I don't get any help by rapido ,so bad support system, help option doesn't work"
d197745f-5fbb-479b-ad32-548703764bf6,rider,2026-10,2026-10-03T19:59:32+05:30,1,,52,"The customer support bot is completely useless, My ride ended halfway and the destination address also changed to that point and it did not connect me with an agent, this is a serious safety issue especially for women , never booking Rapido again and will recommend everyone else to stop using the app."
5cf02762-805e-47a0-b0a3-ee58c20cfdfd,rider,2026-10,2026-10-03T20:12:37+05:30,5,8.125.0,2,jai jai
cf1b5995-673a-447b-90f8-526d7fa6f2e4,rider,2026-10,2026-10-03T20:20:31+05:30,1,8.127.0,76,support is pathetic. my captain demanded extra money and kept accepting ride request 3 times since he was the nearest one. then when I cancelled the ride he mocked me and showed that he received ₹5 every time I cancelled and noted that I need to pay the equivalent amount on my next ride. this is pure harassment. o reached out to support and am waiting to be connected to agent for last 20 mins but there's no response.
426d0336-83ff-4ef7-9199-78b725a3e283,rider,2026-10,2026-10-03T21:11:38+05:30,5,8.125.0,3,comfortable and affordable
44b16ebe-fbcc-411b-9c1c-feadd2a630dd,rider,2026-10,2026-10-03T21:18:49+05:30,5,8.127.0,2,nad khula
403665ec-953e-44e7-800e-0bc73b92c687,rider,2026-10,2026-10-03T21:24:19+05:30,1,,29,Fraudulent drivers and no customer support. Extremely unsafe for women as this app has no safety measures or SOS protocols. Someone needs to sue this company out of business
45731d57-cdd3-4ace-8d7b-acd866dc6915,rider,2026-10,2026-10-03T22:02:49+05:30,1,,2,Wrost support
37ce7acc-e648-4103-8b42-4ba1b092942b,rider,2026-10,2026-10-03T22:03:25+05:30,1,8.127.0,9,One of ghatiya app don't use this app ever
5c7c5691-e5ff-4c4e-b021-208745e178d7,rider,2026-10,2026-10-03T22:37:25+05:30,5,8.128.0,5,अच्छी सेवाएं
e37defdc-0b9f-4f81-9e7c-c1406cc0095d,rider,2026-10,2026-10-03T22:54:14+05:30,5,8.120.0,3,nic rapido ride
2e54091a-8e2b-43ec-86c7-ee814880b261,rider,2026-10,2026-10-03T22:58:47+05:30,1,8.127.0,68,"booked a Porter, but the rider asked me to do an offline ride. I agreed and paid him 530 offline. Now, the rider has disappeared with my parcel and isn't picking up my calls; I tried calling from 4 different numbers, and he blocked all 4 of them. I'm trying to get a response by contacting customer support through Rapido, but there's no response at all. This happened in Rishikesh at 8:53."
bf29a1a0-2635-49eb-84bb-b00edb5eeb8c,rider,2026-10,2026-10-03T23:31:48+05:30,4,8.126.0,4,very nice fast results
e9c41ba8-7369-4156-bb86-e73bb0ad5440,rider,2026-10,2026-10-03T23:45:30+05:30,1,8.119.0,33,"Worst app, Always ask double the price, if you cancel asper driver request, you have to pay extra charges for that too, day theft from app, Go for some other app. It's scam."
1bf583fc-7c08-4f72-9cba-6b6c45768019,rider,2026-10,2026-10-03T23:50:52+05:30,5,8.125.0,2,good ride
2669f42b-31f9-434d-95d2-b8af58a307ba,rider,2026-10,2026-10-03T23:51:54+05:30,1,8.128.0,69,please take a strict action against Agent MB_Aravind Kola he neither solved my problem and also acted super rude as I was explaining my issue he said we are sorry and ended our chat how stupid and unprofessional is this and also the rider the captain took a very wrong turn. I almost experience my death today and now this customer service. need to use uber more now
1e913148-5d8a-49d2-b93d-98beead9640f,rider,2026-10,2026-10-03T23:55:51+05:30,1,8.128.0,93,"I took ride from Noida Sector 18 to Logic mall Noid City Center. My ride got cancelled halfway automatically or maybe the driver intentionally marked the ride as completed. He then told me to get off and pay the fare or pay double the fare offline to drop me at Noida City Center. Since I was with my family and has no option, I had to pay double fare offline. But this is pathetic situation by Rapido and it's drivers. Hope Rapido will investigate it and will get a quick resolution of the same."
b58f0381-dd6b-4719-966f-e1da15d5269f,rider,2026-10,2026-10-04T01:10:18+05:30,1,8.127.0,2,rider very
ba76ad9b-6c8e-4e75-814e-ad23f600d0b1,rider,2026-10,2026-10-04T01:45:58+05:30,4,8.125.0,3,I love Repido
d504061e-6d3c-4d63-818b-c6cabfd55725,rider,2026-10,2026-10-04T03:36:04+05:30,4,8.115.0,13,four star so that they always can get better. by far good experience ✨️
31e12901-d271-4a2a-926d-6d19dcc55cff,rider,2026-10,2026-10-04T07:29:25+05:30,3,8.119.0,4,estimate fare issue always
877f8af8-b19e-4687-b003-07b77c95b4e4,rider,2026-10,2026-10-04T10:01:26+05:30,1,8.127.0,75,The driver took extra money for the toll which is already included in the fair price also mentioned in the trip details. but he had taken extra money when denied he was threatening me. when raise complaint on rapido app. no action is taken. customer executive is not responding from last 30 mits. so how rapido is safe for women if this type of incidents happend with women's and customer executive is not responding in time.
c40e2a27-e6f8-4387-9f69-11fcb7ed0495,rider,2026-10,2026-10-04T10:14:14+05:30,1,8.125.0,8,"cheap service, rude and looting captain on rapido"
d3b7a234-ff2e-4d85-b745-5bfa45ed7730,rider,2026-10,2026-10-04T10:26:50+05:30,5,,4,Great experience i recommended
7b5e0c06-ab0a-430c-9bc8-9d668097ebb1,rider,2026-10,2026-10-04T12:48:02+05:30,1,,2,veri bed 💤
f4494029-8d54-4bed-8d89-6004a93eb722,rider,2026-10,2026-10-04T12:55:16+05:30,1,8.126.0,1,sorry 🛺🙏
d7295be7-0e95-4587-bdd5-39639c972f9a,rider,2026-10,2026-10-04T13:12:09+05:30,5,8.127.0,6,this is usefull I like this
86c92fcc-5e3c-45d0-a995-9f01e956226f,rider,2026-10,2026-10-04T13:12:42+05:30,5,8.127.0,7,professional captain.... excellent ride...thank u rapido.....
dd204995-611d-46f7-a61a-3f80a4f069ea,rider,2026-10,2026-10-04T13:22:58+05:30,5,8.120.0,16,one time they take more money from me but the is okay you can use it
b8165c25-b62f-4367-94e9-f81bb6e0587d,rider,2026-10,2026-10-04T13:23:50+05:30,5,8.125.0,5,I am just loving it.😃😃😃
0b5a8538-f8fc-4bb6-a1a7-3610d416da56,rider,2026-10,2026-10-04T13:58:38+05:30,5,8.127.0,2,good job
e9cbb3fb-3f31-41de-80b4-a626ca27962b,rider,2026-10,2026-10-04T14:04:42+05:30,5,8.127.0,12,very comfortable for passengers who suffering from problem created by auto drivers
86c00377-857c-47fb-a43a-283b0135f19d,rider,2026-10,2026-10-04T14:24:43+05:30,5,8.127.0,13,thik hi tha par kabhi jada late Kiya Mai bhut leti ho gai
56700c09-f582-407c-ac60-820332a51845,rider,2026-10,2026-10-04T15:30:00+05:30,5,8.127.0,1,fasting
7defd6bb-e3b9-458c-ab8f-456a3895004e,rider,2026-10,2026-10-04T16:03:15+05:30,5,8.128.0,3,excellent super Driving
3a8d38a3-77ad-4ec2-bdc0-b2c4f457ba28,rider,2026-10,2026-10-04T16:38:04+05:30,5,,2,sAfe driving
baf64284-996d-4a9e-93c5-2b9ccf7f3b7b,rider,2026-10,2026-10-04T17:47:00+05:30,1,,5,very unprofessional riders and service
99e78546-d5e6-47d7-9581-2fb5e8f5db92,rider,2026-10,2026-10-04T18:01:46+05:30,2,8.127.0,3,remove parental control
0547132b-6255-42f6-bfd8-d3cbc6deadbe,rider,2026-10,2026-10-04T18:08:17+05:30,5,8.127.0,4,feel safe. speed maintain
a8ac53d4-8d95-46c8-b946-36d64537b7e6,rider,2026-10,2026-10-04T19:33:04+05:30,5,8.127.0,3,easy and safe
8ff9f21c-1b20-40b8-99bd-591c6415d7f1,rider,2026-10,2026-10-04T19:40:31+05:30,5,8.127.0,14,"it's so amazing, service is so fast in pickup and drop...thank you rapido..."
3e4a7b1f-03c6-4c47-90bb-fd27ba545b42,rider,2026-10,2026-10-04T20:29:41+05:30,1,8.127.0,6,wasted app no take main location
c83deadc-7cd7-493b-b20e-fde987a9ff82,rider,2026-10,2026-10-04T20:30:14+05:30,5,8.127.0,3,excellent customer service
a380102a-279b-4da7-ba36-d91b3dfd32e9,rider,2026-10,2026-10-04T21:11:26+05:30,1,8.127.0,3,it's a scam
61af6584-9b53-4f8d-a3d0-191a00d4bf88,rider,2026-10,2026-10-04T21:29:40+05:30,1,,47,12 लाखाची गाडी घ्या ₹100 च्या ड्रिप मारा रॅबिडो ची एक पण गाडी नाही हे सर्व सगळ्यात मोठे भिकारी आहेत दुसऱ्याच्या जीवावर जगतात
31d74f1a-e3c9-495b-b7a4-8b9a4a7ea897,rider,2026-10,2026-10-04T21:50:52+05:30,5,8.127.0,8,Driver is Kind Man and Good Human being
cc2e9207-bb67-4750-a0d2-923b3d4edd3a,rider,2026-10,2026-10-04T22:20:42+05:30,5,8.127.0,3,vvvvvv good service
56f2c363-9b43-478b-b310-b0ea3fb36a7c,rider,2026-10,2026-10-04T22:25:17+05:30,5,8.126.0,2,good sarvice
d2af5cc3-8354-4e8f-9f43-e9965573dbe7,rider,2026-10,2026-10-04T22:33:40+05:30,5,8.127.0,6,best app for getting auto & bikes
3a0d6432-e1a3-4bfb-b047-ea92418cee99,rider,2026-10,2026-10-04T22:37:41+05:30,1,,18,"The service is not good at all, they show up on time and then another whale comes. bakwaas 👎🏼"
c54a564a-d6ad-44d3-b9eb-60f368ab3d42,rider,2026-10,2026-10-04T22:45:58+05:30,5,8.126.0,6,right amount money for respective ride
4a0447d1-a9a3-4adb-ab6e-4a51604fb495,rider,2026-10,2026-10-04T22:57:47+05:30,5,8.127.0,2,Good job
8a027dbb-ed7d-4e74-b045-403580e3487f,rider,2026-10,2026-10-04T22:58:02+05:30,5,8.127.0,26,"Rapido is such an helpful app mainly in emergency it is so helpful I request rapido should be there in every village,town, city every were"
df09b677-6995-4a8e-8b9b-41faabdb4018,rider,2026-10,2026-10-04T23:19:45+05:30,3,8.127.0,6,some thing is wrong in vadodra
06ccc107-9c62-41d8-b28e-05e20dd3930a,rider,2026-10,2026-10-04T23:22:25+05:30,5,8.126.0,4,Best Ride and services
7924f37d-68c3-45bf-82af-771a793222e4,rider,2026-10,2026-10-04T23:46:16+05:30,3,8.127.0,29,"driver add extra charge as waiting charges,,but he was not available at pick up point at time..not even he try to call me before mark waiting charges."
a5255754-3494-47ee-a7c5-f0803727fadc,rider,2026-10,2026-10-04T23:52:41+05:30,5,8.126.0,24,Easy to access. Easy to use. Don't wait more. Don't Negotiate a very nice app that shows everything in front of the reasonable price.
8218b9a5-385b-48a6-8ab1-7ffd46c6df67,rider,2026-10,2026-10-05T00:14:09+05:30,5,8.127.0,2,always convenient!
c19a3f58-07e6-4f5f-b133-b41735400d79,rider,2026-10,2026-10-05T00:40:08+05:30,5,8.117.0,3,Drivers bahavior nice
0fb07417-3f81-49bd-883a-6ac87afba9b5,rider,2026-10,2026-10-05T05:59:39+05:30,5,8.127.0,15,value for money advice bikers to take care of pillion Rider's safety with quality helmets
6b0f868d-76b5-4903-9701-84b7c22260cd,rider,2026-10,2026-10-05T07:11:08+05:30,5,8.122.0,1,helpfull
24ad5e4e-370a-4f07-b96f-5ecb0a8e98eb,rider,2026-10,2026-10-05T08:08:03+05:30,1,8.127.0,4,prices were very high
b00a5c17-6e43-4354-a2c4-abe33326dec6,rider,2026-10,2026-10-05T08:31:24+05:30,1,,5,"worst .... heavy charges, late rides,"
ba0c973f-6290-4b47-a040-2c913a1f529f,rider,2026-10,2026-10-05T09:11:32+05:30,5,8.124.0,1,supar
aea09c2b-4753-4196-aa50-c1dc6170f647,rider,2026-10,2026-10-05T09:16:03+05:30,4,8.127.0,12,good but prices are very high at the traffic time more too —
835c6838-29fe-47da-8142-d6fe91cbe5a5,rider,2026-10,2026-10-05T09:22:38+05:30,1,,56,very bad experience after the ride completed in my app show original amount but on auto driver more than the original. and the driver is very rude. ihave to extra amount which doesent even shown in the total fare and the costumer support is pathetic. dont book the ride even on emergency. you should rent yourself.
3552f6db-7dd2-4e6b-b691-20b4434aa234,rider,2026-10,2026-10-05T09:23:39+05:30,1,8.118.0,7,weste app not accepting trips too late
725411f9-e43e-4440-a19b-e6e64ca774cb,rider,2026-10,2026-10-05T09:39:34+05:30,5,8.127.0,7,"Fast,easy service Smooth ride, good vibes☺️"
35617e9d-fd43-4748-8381-92f777dd3173,rider,2026-10,2026-10-05T09:48:04+05:30,1,,13,"never comes in time while business hours, you will get late to work"
eef52b12-10c1-4d91-988f-d913df41159c,rider,2026-10,2026-10-05T10:49:33+05:30,5,8.127.0,5,good job but rate high
818ed05e-d205-4966-8e83-528bf9395570,rider,2026-10,2026-10-05T10:59:56+05:30,1,8.127.0,15,Most Third class app I ever seen... all time cancel the rider.. company not satisfied
b3281519-7fc1-46d0-85ab-ef83e682bdd1,rider,2026-10,2026-10-05T11:06:01+05:30,5,8.127.0,3,lowest fares garantied.
